{"type":"FeatureCollection","features":[{"type":"Feature","id":1,"geometry":{"type":"MultiPolygon","coordinates":[[[[-76.809499409523013,5.6308372396374553],[-76.809644841319937,5.6306050493121758],[-76.81016426105505,5.6299669845939242],[-76.810775917971256,5.6294254951105565],[-76.811232090852485,5.6290101130977872],[-76.811614038586399,5.6285126973307253],[-76.812042672226411,5.6279924825591081],[-76.812471924808094,5.6275850829126082],[-76.812981921470495,5.6272473976515363],[-76.81377944105256,5.6270426777928293],[-76.814340662912201,5.6271506914512273],[-76.814639789383293,5.6273751056162915],[-76.814795523688375,5.6279005218216058],[-76.81479089633099,5.6284729416695169],[-76.814657435544447,5.6288529408720471],[-76.8144822169306,5.6294623820449221],[-76.814383798104728,5.6298749136449429],[-76.81442163966625,5.6301389400357484],[-76.81469725747661,5.630271960165782],[-76.815288537675315,5.6300592627776496],[-76.816018023123831,5.6299011048152305],[-76.81691824842126,5.62971847719498],[-76.817606384669801,5.6298575066087659],[-76.818258432436025,5.6300102502244549],[-76.81886586705734,5.6301282492228024],[-76.819402091708682,5.6300771299662493],[-76.819950436941951,5.6300926125059698],[-76.820259497403953,5.6301465290224373],[-76.820753420573055,5.6303225961884387],[-76.821232009974906,5.6302480806565827],[-76.821620222670219,5.6302428192524303],[-76.822155952574477,5.6300867420244325],[-76.822584626647895,5.629692979765327],[-76.822887512369945,5.6291620615740872],[-76.823303722023184,5.6286294377246637],[-76.823799255042388,5.6280738568174362],[-76.824192461232016,5.6274623063838156],[-76.824485404381477,5.6270803834289831],[-76.825063262247482,5.6266610783878495],[-76.825758165922011,5.6264568260304513],[-76.826421347782755,5.6265632649386399],[-76.827006776827275,5.6267964334577369],[-76.827626610813809,5.6270408197366999],[-76.828373940914815,5.6274211768304676],[-76.828916450671144,5.6278837907564423],[-76.829697911693231,5.6283317265739319],[-76.830653861245338,5.6288815359832309],[-76.831102776943695,5.6292080197736567],[-76.831597132049893,5.6294766559471361],[-76.832066155993843,5.6295161671830716],[-76.83289724884014,5.6292650189573372],[-76.833842168046488,5.6290234463289597],[-76.834548324648736,5.6287976351072189],[-76.83495665663672,5.6286433237763358],[-76.83544423967237,5.6283169310745294],[-76.835760741040957,5.6279236952861247],[-76.836009137122105,5.6276572340182209],[-76.836384469642866,5.6275606151395969],[-76.836912797797055,5.6277488807106213],[-76.837578896321403,5.6281296065843263],[-76.83823354611674,5.6283387666852196],[-76.838940007629063,5.6281785257325234],[-76.839426417438403,5.6278533121654055],[-76.840007529447419,5.6265803236398622],[-76.84022852318617,5.6263918534957948],[-76.840307346401602,5.6257480078651447],[-76.84025326757974,5.6255223642981109],[-76.840127194699946,5.6253062722278102],[-76.839946225946917,5.6250542223323405],[-76.83974827153645,5.624775153573216],[-76.839621027713605,5.6245589776681735],[-76.839508756529042,5.6244014431970148],[-76.839188428328782,5.6239829487730324],[-76.839008343187771,5.6238031539700355],[-76.838782172509738,5.6235061541539224],[-76.838683527093281,5.6233891979521742],[-76.838503489383214,5.6232003688200436],[-76.838385689374462,5.6230744716135295],[-76.838214164217518,5.6229127015397697],[-76.837970803634377,5.6226790061962291],[-76.837835340652035,5.6225170652088252],[-76.837682309185809,5.6223190754634604],[-76.837537987617395,5.6220758808368343],[-76.837420436329296,5.621868689571988],[-76.837285090692248,5.6216164209648705],[-76.836934003540705,5.6200464324120354],[-76.83693437064575,5.6195315799062246],[-76.836826095908989,5.6185565843681662],[-76.836853039790228,5.6178067616097653],[-76.836917084852658,5.6175264526263904],[-76.837043345975744,5.6170561678887143],[-76.837179304040916,5.6167303559788753],[-76.837305572329825,5.6163955579674587],[-76.837468120264631,5.6160876864662841],[-76.837657587630744,5.6157525885510324],[-76.837775021292458,5.6155713845796553],[-76.837892049904156,5.6153992142244924],[-76.83819169019641,5.6144132601672938],[-76.838371226408171,5.6141324053674637],[-76.838596537971313,5.6137701311595496],[-76.840447737636268,5.611891663860928],[-76.840628740246856,5.6116740289007305],[-76.840783238116018,5.6114565195326076],[-76.840926762239093,5.6113022905230956],[-76.841784773371273,5.6103227285923252],[-76.841910809048557,5.6101685804129575],[-76.841992567137865,5.6100507729778011],[-76.842137172192437,5.6098965370043699],[-76.842272096320855,5.6097152513050013],[-76.842371715631586,5.6095612308938305],[-76.842506637835186,5.6093799443499952],[-76.842661305590468,5.6091985622678946],[-76.842823230813096,5.6090081151399449],[-76.842967885307516,5.6088448471752832],[-76.843084945042875,5.6086997746286471],[-76.843192663120547,5.6085999079780748],[-76.843970288122705,5.6076478247970378],[-76.84417737582443,5.6074752292089762],[-76.844403576208421,5.6073025431167318],[-76.845297093594183,5.606666136675071],[-76.845504136555093,5.6064845096526437],[-76.845641067845889,5.6063664397716693],[-76.84580742086105,5.6062166175660524],[-76.845937799159941,5.6060850305487442],[-76.846208611207473,5.6057947141095381],[-76.846408181145733,5.605576990395007],[-76.846624072378688,5.6053591918272492],[-76.846805156086248,5.6051596216859831],[-76.847049547340831,5.6048874930787287],[-76.847265477461008,5.6046787242764999],[-76.84762709993359,5.6042976521477508],[-76.847825667388975,5.6041160648639279],[-76.848077490759039,5.6038709989632274],[-76.848285578059006,5.6036622674417957],[-76.848701174413662,5.6033712640940108],[-76.848832076189552,5.6032938686703124],[-76.84898042519481,5.6032073583006134],[-76.849102810007182,5.6031209691433563],[-76.849314513208682,5.6029528701364519],[-76.849541296866818,5.6027711486906293],[-76.849712403899758,5.602616785902919],[-76.849875124851479,5.6024805327088325],[-76.850082167367404,5.6022989023982355],[-76.850262878383717,5.6021354627793585],[-76.85039858818817,5.6019496552555905],[-76.850515844611863,5.6016555490835351],[-76.850596582161572,5.601456454784989],[-76.850798075673993,5.6013215501936484],[-76.851012422328438,5.6011022227205824],[-76.851175102724397,5.6009388694163507],[-76.851355309978018,5.6008026204432211],[-76.851662968400333,5.6005076115453658],[-76.851869801986368,5.6003395312499995],[-76.852366248975272,5.6001023385445174],[-76.852493204273614,5.6000294777143038],[-76.852656053266202,5.5999022536922167],[-76.852908340423738,5.5997565408891736],[-76.852998978382558,5.5996296577729039],[-76.853080445352063,5.5992981441888157],[-76.852772063762373,5.5992681726072684],[-76.852370295998639,5.5992981698537401],[-76.851800436693111,5.5993382606571469],[-76.851192413419398,5.5992194765114709],[-76.850826999122972,5.5990058751915059],[-76.850573379338158,5.5987355616506242],[-76.85043155812626,5.598389753878334],[-76.850410908365603,5.5979684906312084],[-76.850563075045145,5.5975637513386189],[-76.850634907648526,5.5973872789820085],[-76.850788395531126,5.5972059054092123],[-76.850933023391661,5.5970381214299278],[-76.851109115415852,5.5968701892024315],[-76.85131628266727,5.5967156588150075],[-76.851524723769941,5.5963528358124428],[-76.851523352909211,5.5960626315406641],[-76.851475596680544,5.5958381331034746],[-76.851241434434385,5.5957361807290846],[-76.850961327937952,5.5957749921029141],[-76.850522722492926,5.5959081271329909],[-76.85021484229793,5.5960219462204304],[-76.84993455364652,5.5960419726279911],[-76.849597358428809,5.5958657170411543],[-76.849380625317167,5.5954828668504426],[-76.849191048825887,5.5949125557625168],[-76.849066788321807,5.5943326308251518],[-76.848755334678685,5.5936881075163862],[-76.848490581764423,5.5930245758414801],[-76.848291676517491,5.5924637897395977],[-76.847999771337939,5.5919876284138859],[-76.847783702988934,5.5917452257171485],[-76.84757784290403,5.5916993201577796],[-76.847372475976641,5.5917377724793447],[-76.847186383547864,5.591907197461186],[-76.846992236838901,5.5923575658598832],[-76.846843731558209,5.5925829031241268],[-76.846638580944429,5.5926681462394567],[-76.84645616378188,5.5926222201791891],[-76.846357195512766,5.5924541418416265],[-76.846215334610889,5.5920990242796984],[-76.845904459973227,5.5915574629481712],[-76.845563011631583,5.5909558014732026],[-76.844987813794575,5.5900316986837462],[-76.844613121479028,5.5898756696850427],[-76.844278568743931,5.5898772470110138],[-76.844518843828411,5.5893818597782161],[-76.844717797960968,5.5888028472482141],[-76.844835020290262,5.5885584187242232],[-76.844979873932132,5.5883228931897797],[-76.845115164139514,5.5881054776731922],[-76.845476267247065,5.5874805370814569],[-76.845684375017228,5.5870460907173953],[-76.84596417577184,5.5865208893923466],[-76.846235419800706,5.5859776673313677],[-76.846415481057434,5.5855613279441334],[-76.846660088744343,5.5848556462845202],[-76.846831380433699,5.5843761208212221],[-76.847066885404899,5.5836524168777171],[-76.847220101980724,5.5831639459891003],[-76.847454939682905,5.5824131480824022],[-76.847590414565417,5.5818705663747137],[-76.847671917000781,5.5812379155383791],[-76.847744284862472,5.5806956275494866],[-76.847979515241391,5.5801435440961784],[-76.84833235066219,5.5795638072158322],[-76.848981648445672,5.5786665377369333],[-76.849207422555963,5.5783854695325861],[-76.849956946676315,5.5776955650682494],[-76.850372945175451,5.5773774693899059],[-76.850705725113485,5.577095896061838],[-76.851157399152925,5.5766963417919735],[-76.851690249196821,5.5763054343761418],[-76.852214169745579,5.5759326362228361],[-76.852719518598562,5.5755599236822144],[-76.853243021480026,5.5752142241695939],[-76.853847321211134,5.574795884142965],[-76.854687318645858,5.5741957833222857],[-76.855247167955696,5.573795716759423],[-76.855743083031015,5.5734501483251853],[-76.856149982822444,5.5732314505388754],[-76.856673192539262,5.5729580987858638],[-76.857215052372453,5.572567150078136],[-76.857530996693143,5.5721772653356521],[-76.857991859966134,5.5714525017815077],[-76.858199670647608,5.5710721642112278],[-76.858297924917466,5.5707645997472586],[-76.858317226807273,5.570421279536677],[-76.858307834540753,5.5699968051314093],[-76.858344569314852,5.5695269504399763],[-76.858533803877634,5.569164765915775],[-76.858750552751047,5.568883738899423],[-76.859220244344428,5.5684840989157092],[-76.859500138705144,5.5682118068824336],[-76.859482723639033,5.5665409111460553],[-76.859194538907929,5.5660093664427777],[-76.859094090353295,5.5656214496066143],[-76.85908596620115,5.5651969699043287],[-76.859212672590047,5.5647086271736903],[-76.859348331986155,5.5644370171330175],[-76.859429823692423,5.5642830828403413],[-76.859492830518064,5.5641473004345734],[-76.859555957937928,5.5639031297760191],[-76.859537322783368,5.5636594362935785],[-76.859330496578906,5.5632900864483981],[-76.8590871156877,5.5629298539656968],[-76.858689976709371,5.562462137012159],[-76.858166990751798,5.5618413727109424],[-76.857733220910362,5.5614821272739059],[-76.856632861418944,5.5605208559936594],[-76.856524466966647,5.5603407176163051],[-76.856416483296158,5.5601515511595752],[-76.856326598038734,5.559957776565744],[-76.856240819961712,5.5598136635529274],[-76.85620905131573,5.5594028438457341],[-76.856290350295225,5.5588424527030158],[-76.856398715508234,5.5585167787264007],[-76.856453952970824,5.5582816776291626],[-76.856679198800649,5.5577748058099443],[-76.856887304929145,5.5574576936008091],[-76.857157797901834,5.5571222229374424],[-76.857328640513146,5.5569136738048401],[-76.857564046131344,5.5566506281039185],[-76.8577169434474,5.5564602290072074],[-76.858015417233617,5.5563052722439705],[-76.858765239509296,5.555815509239908],[-76.858685109180456,5.5557424278879832],[-76.858666302343053,5.5557252750929775],[-76.858580852029007,5.555647343385723],[-76.85857430662692,5.5556379717214108],[-76.85855669091525,5.55561275201251],[-76.858487590818612,5.5555138210074135],[-76.858482168926344,5.555506059230285],[-76.858466414603143,5.5554833818713778],[-76.858322688864334,5.5552764944952591],[-76.858302833961829,5.5552397077634872],[-76.858107313728794,5.5548774460828039],[-76.857972744482836,5.5546240301608387],[-76.857942931169532,5.5545678871704514],[-76.857862072588659,5.5544156196119809],[-76.857830523878718,5.5543562074147026],[-76.857497417659246,5.5538350385277466],[-76.857088619803349,5.5532335423417489],[-76.856713699986216,5.552788045485471],[-76.856645935466332,5.5527031022428357],[-76.856589808808806,5.5526327455704898],[-76.856357373556975,5.5523413799311543],[-76.855990916753385,5.5519524030350391],[-76.855908517623249,5.5518757886025751],[-76.855742811831391,5.551721719490879],[-76.855446684124018,5.5515147999411649],[-76.855165303517154,5.5514547392394196],[-76.85485106974312,5.5513935827067851],[-76.854429831873233,5.5512476544102389],[-76.854394476976637,5.5512321570777079],[-76.854150933272237,5.5511253999110428],[-76.854022053943993,5.5510689063193919],[-76.853590639850154,5.5508630202038569],[-76.853323799191969,5.5507780971145921],[-76.853311986578419,5.5507769479705891],[-76.852939162898835,5.5507406949405125],[-76.85248000916171,5.5506229640809206],[-76.851930192596853,5.5504022921600189],[-76.851654997351034,5.5503083239994053],[-76.851532507608709,5.550266498482312],[-76.851296568289754,5.5502018414377332],[-76.851222888029142,5.5501816490723819],[-76.85109959544863,5.5501674466044069],[-76.850740065158618,5.5501260320996311],[-76.850318689692415,5.5501112209752117],[-76.850039591829258,5.5501183553268154],[-76.849928349313046,5.5501211992209871],[-76.849450015888308,5.5501255357075099],[-76.8488408177342,5.550134342402087],[-76.848410565759281,5.5501017166227475],[-76.848227128554043,5.5500878071385538],[-76.847760069115495,5.5500240679360635],[-76.847570585398529,5.5499982094875966],[-76.846895449547304,5.5499142999783535],[-76.846465730900164,5.5498012068753937],[-76.846415344473741,5.5497879459862318],[-76.846215839032055,5.5497354399058763],[-76.84580494874983,5.5495513555062361],[-76.84571247052331,5.5495099243534494],[-76.845400292473499,5.5493700636415326],[-76.845072042852649,5.5492271495461472],[-76.84457915021153,5.5490125527697582],[-76.84400679123992,5.5487500846484723],[-76.843850070025667,5.5486750616447367],[-76.843650813879847,5.5485796774265088],[-76.843496338335868,5.5485057295673572],[-76.84345035271798,5.5484781614573908],[-76.843120804710708,5.5482805955786683],[-76.842848956197415,5.5480827225372975],[-76.842657261985707,5.5478576630760337],[-76.84252991657624,5.5476327175681774],[-76.842469938710551,5.5474487217456883],[-76.842459516965405,5.5474167484390673],[-76.842351397020579,5.5469612215360762],[-76.842334055317849,5.5468241805380574],[-76.842331447919108,5.54680357300197],[-76.842322705311403,5.5467344773050069],[-76.842267006151971,5.5462942844302043],[-76.842261477578234,5.546074142127595],[-76.842260173193381,5.5460222046869294],[-76.842259457814137,5.5459937161070716],[-76.842252611874258,5.545721147016371],[-76.842255445207812,5.5456037052995519],[-76.842261241872677,5.5453634228935824],[-76.842262777911486,5.5452997532761845],[-76.842270963389609,5.5449604767083773],[-76.842282513359962,5.5448190822517835],[-76.842284688595001,5.5447924549193717],[-76.842321930566257,5.5443365468093422],[-76.842330286632134,5.5442331370175113],[-76.842343370955646,5.5440712047250367],[-76.84235969341681,5.543869194348729],[-76.842367260206402,5.5437755502118797],[-76.842373536218062,5.5436978749750745],[-76.842375643931604,5.543676960457935],[-76.842377251168756,5.54366101027097],[-76.842406641599851,5.5433693916368965],[-76.842413404285978,5.5433022918744657],[-76.842440651460748,5.5430319329520943],[-76.842456802806822,5.5428716693635485],[-76.842483791295521,5.5425841696148135],[-76.842508635049938,5.542319515244988],[-76.84252106120077,5.542187148756696],[-76.842526408000694,5.5421301907625056],[-76.842514446145799,5.5418132247058463],[-76.842503542923097,5.541524314254711],[-76.842471943882131,5.5414641080829892],[-76.842412121080315,5.5413501275202837],[-76.842301175110919,5.5411387421378056],[-76.842100388305923,5.5410923630612219],[-76.841961331214478,5.5411315691293757],[-76.841915161154603,5.5411445860617636],[-76.841852173440884,5.5411623455538193],[-76.841835991574044,5.5411653430013024],[-76.841750827261905,5.5411811191080869],[-76.84152337010309,5.5412232526749516],[-76.841190968286071,5.5413149843742699],[-76.84104499472447,5.5413552682675533],[-76.840712645681307,5.5414772129568393],[-76.840318402937655,5.5415573551043718],[-76.840172071642755,5.5415304028042263],[-76.839961065318391,5.5414915382073779],[-76.839913471729105,5.5414827721393749],[-76.83990608280034,5.5414814114440825],[-76.839898956052593,5.5414755809939837],[-76.839498376877231,5.5411478398753147],[-76.839282469974719,5.5407724776550866],[-76.839085209276504,5.5404863760118097],[-76.839051099600013,5.5404630760387805],[-76.838956216953363,5.5403982649397205],[-76.838919426927205,5.5403731348083234],[-76.838775646936043,5.5402749220445404],[-76.838353135026082,5.5401854091564635],[-76.837570900741852,5.5400641914517381],[-76.837273402503541,5.54001254565034],[-76.837220426747322,5.5400033491287877],[-76.836839930740069,5.5399372950254095],[-76.836429907596298,5.5398410803390572],[-76.835860186622654,5.5397073914442743],[-76.835196454736405,5.5395823084458966],[-76.834982578509837,5.5395420025150139],[-76.834566578922818,5.5394517657668212],[-76.834204876747776,5.5393733067658832],[-76.834133876434862,5.5393542096710835],[-76.833458191252802,5.5391724755853833],[-76.833420903114344,5.5391624473287457],[-76.833355597622528,5.5391448817240656],[-76.833333434907985,5.5391389210150601],[-76.832945002603125,5.539028691182371],[-76.832832559528242,5.5389967814246797],[-76.832455862867164,5.5388898830572142],[-76.831986641499327,5.5387065714317778],[-76.831668574086947,5.5385606707937436],[-76.831250704821301,5.5383784677369254],[-76.831066733451507,5.538313508178633],[-76.83074430100622,5.5381996612017845],[-76.830060097578126,5.5380400418409739],[-76.829938350568341,5.5380326459947193],[-76.829665900366308,5.5380160947625132],[-76.829155340099888,5.5380633554049519],[-76.828676962516553,5.5381999718673702],[-76.828250421171177,5.5384721607512857],[-76.827852180348273,5.5387504442187652],[-76.827660288884914,5.5388845337613164],[-76.827597684413931,5.5389151094694453],[-76.827493970680365,5.5389657606046869],[-76.827303189690383,5.5390589318625398],[-76.827061096112587,5.5391771623541581],[-76.826957282513362,5.5392278619629964],[-76.826675220116272,5.539307952062364],[-76.826465375117095,5.5393452099107225],[-76.826343286214581,5.5393701878965294],[-76.826145594071335,5.5394106341539642],[-76.82568979212428,5.5394654480935799],[-76.82560235614406,5.5394759630615393],[-76.825044502414343,5.5395277225167945],[-76.824557148081951,5.5395466840703032],[-76.824256248866604,5.5395309603151111],[-76.8240127759465,5.5395182378959733],[-76.823472958453436,5.5394119793138259],[-76.823366619949425,5.5393910475228898],[-76.823253121044644,5.5393687072272693],[-76.822784999743575,5.5391525655303013],[-76.822426433538382,5.5389385814894387],[-76.822343433296638,5.538889049880086],[-76.822308450846648,5.5388631497502212],[-76.822025841153746,5.5386539101515462],[-76.82200736243189,5.5386402286805945],[-76.821715845626571,5.5384569874050582],[-76.821533671002086,5.5383687417093244],[-76.821354919713045,5.5382928858310638],[-76.821049835523155,5.5381808951001545],[-76.820928889244939,5.5381416678758173],[-76.82082983919851,5.5381095432443148],[-76.820558051236674,5.5380111298496661],[-76.820243309051875,5.5379035660731244],[-76.819971512394389,5.5378277594986578],[-76.819855991791528,5.5378056615777203],[-76.819788561007286,5.5377927628897128],[-76.819687694559619,5.5377734690209532],[-76.819657381023859,5.5377676704561418],[-76.819618181622261,5.5377596852428255],[-76.819551792005129,5.5378889426904454],[-76.819366732594773,5.5378835299483713],[-76.819169372027361,5.5377585378405021],[-76.819079992740612,5.5376367740742571],[-76.818813641868005,5.537560493661581],[-76.818587520192153,5.5375120555587189],[-76.818353414232945,5.5374619079713412],[-76.818023569418443,5.5374346141163313],[-76.817955702327509,5.5374289990640362],[-76.817562022305125,5.5374615611468343],[-76.817505111411037,5.537456622154564],[-76.817465110922754,5.5374531498332091],[-76.817130558264722,5.5374241158894071],[-76.816933311210022,5.5372916538490484],[-76.816760015325542,5.5371752772077825],[-76.816709584405032,5.5371364003397066],[-76.816309554533731,5.5368280179333524],[-76.81599089666409,5.5365972861881794],[-76.815639423559574,5.5363232813139378],[-76.815530158847722,5.5362380988679716],[-76.815413503032929,5.5361471548550609],[-76.815048121406605,5.5358610615945665],[-76.814723318557668,5.5356486859980452],[-76.814617307542804,5.5355793692091533],[-76.814242364539595,5.5353915986978492],[-76.81419494830233,5.5353678520791894],[-76.813673549647106,5.5351967374116109],[-76.813477574604534,5.5351324220129303],[-76.813276988472609,5.5350818189262094],[-76.812938942256181,5.5349965398729557],[-76.812187722365564,5.5347712209958173],[-76.811480587578842,5.5344521468757408],[-76.811077385069865,5.534188640845275],[-76.810912831640564,5.5340555330202825],[-76.810534111138381,5.5337491859567729],[-76.81046622900476,5.5336942750684068],[-76.81039228705464,5.533634463573355],[-76.809923201687425,5.5331753324469579],[-76.809478333524325,5.5327048226677933],[-76.809447837007085,5.5326725692400505],[-76.809435180706572,5.5326591828127709],[-76.80932333748008,5.5325408941632954],[-76.808976113575383,5.5320287359013172],[-76.808563562966881,5.5312870429706118],[-76.808525531090893,5.531180729435822],[-76.808433771629169,5.5309242263597493],[-76.808356884920343,5.5307092972336465],[-76.808145056760935,5.5301462910718655],[-76.808004767676962,5.5296443539915279],[-76.807869791477174,5.5292251457422772],[-76.807779465509526,5.5289446140129828],[-76.807579488435422,5.5282432109362762],[-76.807577360644046,5.5282357510846261],[-76.807553496319443,5.5281469481784313],[-76.807426992318057,5.5276762082998703],[-76.807338077282154,5.5271268198462122],[-76.807318664004555,5.5269067988639069],[-76.80731327120553,5.526845684432236],[-76.80730969345727,5.5268051331098045],[-76.807285910607092,5.5265355815679476],[-76.807284734359115,5.5264286182100868],[-76.807280536926712,5.5260472696647973],[-76.8073221059514,5.5257176086947304],[-76.807331981841315,5.5256392845890998],[-76.807343639368497,5.5255991330089627],[-76.807380479619681,5.5254722447942468],[-76.807403172995109,5.5253940822157013],[-76.807423545454512,5.5253239146686708],[-76.80753752192102,5.5252437599547841],[-76.807592450178817,5.5252051321024087],[-76.79996931895981,5.5251481266634794],[-76.799157478083032,5.524936690791491],[-76.798203050264448,5.5248694365586042],[-76.797606390179894,5.5247765161959457],[-76.796984879362768,5.5244925711376904],[-76.795957111958757,5.5240193538434097],[-76.795001683415421,5.5237130012166693],[-76.794046365039762,5.5234305827979888],[-76.793306572921608,5.5233622455603779],[-76.792758035132408,5.5233647560742885],[-76.792256858723547,5.5232954172512825],[-76.791611660511549,5.5230354223070011],[-76.791205749137816,5.5229417105031349],[-76.79068100983352,5.5229441091793934],[-76.790037987157788,5.5231621194197933],[-76.789157396639851,5.5235724396976522],[-76.788419540876021,5.5239103863518091],[-76.780803809999043,5.5276256689644629],[-76.779993495382726,5.5277728049137487],[-76.779158947930981,5.5278243886208882],[-76.778944243614319,5.5278114565694088],[-76.778419340008369,5.5277798840155778],[-76.777654002962237,5.5273292826257849],[-76.775209843002472,5.5248548957811812],[-76.773388620012355,5.5229751004412257],[-76.772578935682276,5.5221455760321536],[-76.771878935351225,5.5214284643405369],[-76.770992383249322,5.5205242190597543],[-76.770394009122057,5.5200728443140328],[-76.769939437892873,5.5197642613099909],[-76.769246230058727,5.5194328198309837],[-76.768338384003428,5.5191022599657851],[-76.767190237108707,5.5192198297804831],[-76.765925747262742,5.5192065851879475],[-76.764791345790485,5.5193538950206555],[-76.763658735184606,5.5198992850924249],[-76.762441494650361,5.5205303272669894],[-76.761509134324584,5.5214443484636524],[-76.760096658120062,5.5228439915255869],[-76.75922275023035,5.5241273827963768],[-76.758066418131747,5.5256964115999265],[-76.757194166254365,5.5273495226433234],[-76.755893372402582,5.5283504842736795],[-76.754421386749826,5.5291533062107359],[-76.75238203305183,5.5299870498999022],[-76.750228277063627,5.5306223072894287],[-76.748386994752281,5.5313414220313772],[-76.745240334563221,5.5327722644227357],[-76.73556899073516,5.5373688328572523],[-76.734041283661853,5.5384749689572921],[-76.734041252207433,5.5384749836055764],[-76.733828173476198,5.5385885246012894],[-76.731574791688871,5.5397892847316399],[-76.731371318688772,5.5398862965875173],[-76.73074227271816,5.5402107138945418],[-76.730041875652006,5.540571951242149],[-76.729513334545231,5.5408482728405657],[-76.728854624414836,5.5411926502889886],[-76.727638726925974,5.5418281632934656],[-76.72658396826678,5.5423387402501829],[-76.725198451983132,5.5429716187253124],[-76.724578057662228,5.543260649251426],[-76.7237522422365,5.5436454031029792],[-76.722533017991324,5.5443186478404689],[-76.722511200715388,5.5443306974412714],[-76.721479549349652,5.544856982586742],[-76.720405314980084,5.5454184220362004],[-76.719450605400084,5.5458743504123493],[-76.718286508282119,5.5463831663810952],[-76.717157468963336,5.5469211738327475],[-76.716842331414185,5.5471186441891378],[-76.716431539413392,5.5473760825843739],[-76.716212545748107,5.5475253675599738],[-76.715919734849535,5.5477249750601301],[-76.715666898023912,5.5478723406310149],[-76.715452811950271,5.5480679694906438],[-76.715304494657914,5.5482285162015117],[-76.715195486425728,5.548368316411322],[-76.715090560605617,5.5489199705208661],[-76.71509055628573,5.5489200003513188],[-76.715084594261384,5.549063197478155],[-76.715079083395267,5.5491955361478773],[-76.714884922148173,5.5495359696667244],[-76.714865040292025,5.5503772483574698],[-76.714860184789757,5.5514341758087955],[-76.714885987097801,5.5530600681676754],[-76.714977726126435,5.555076361031194],[-76.715054727407818,5.5574268635776436],[-76.71509892813198,5.5593959441046783],[-76.715165005675402,5.5611955478351813],[-76.715152976355895,5.5631693951228334],[-76.715082932384036,5.5652948085538005],[-76.714952310613484,5.5670783130247532],[-76.714774830421518,5.5687254413057827],[-76.714604808570741,5.5701647670372925],[-76.714292044396643,5.5721658900041913],[-76.714078888467682,5.5737781309087175],[-76.713869062567582,5.5753689445089103],[-76.713615469769167,5.5767690818790205],[-76.713215476579961,5.578295258723629],[-76.712780134030538,5.5796183434899795],[-76.712075292874459,5.5810216810781972],[-76.711212896673629,5.5822348480716943],[-76.710166335176169,5.5835776565468338],[-76.709097209864723,5.5848154189141415],[-76.707974115835412,5.5861844988959097],[-76.707085274121695,5.5872939007411215],[-76.70645853982478,5.5881402498334483],[-76.705606203974909,5.5893488597979486],[-76.704863515607045,5.5900951850727862],[-76.703981834480231,5.5908392613622082],[-76.703841204299721,5.5909579402662981],[-76.703711591839379,5.5912102829915939],[-76.703348723960175,5.5914829120788063],[-76.702855965470562,5.5918047214414877],[-76.702649115524366,5.5919230826861472],[-76.701961463381139,5.5923755750390844],[-76.700824381488189,5.592915582871921],[-76.700278941542848,5.5931746145913364],[-76.699529351357896,5.5935280160088681],[-76.697913285369566,5.594289538410874],[-76.697846008814025,5.5943311926220627],[-76.69767552567842,5.5944110700941039],[-76.696533334040339,5.5951439361900155],[-76.695914991544939,5.5955267812107312],[-76.695457649351383,5.5958045855277652],[-76.69546565679326,5.5958049856725349],[-76.695459161842535,5.5958090068318143],[-76.695523329029527,5.5958126986197474],[-76.695548509442816,5.5958091222149413],[-76.695972597945328,5.5958302972660547],[-76.696553110748368,5.5958592831452263],[-76.697383639777044,5.5959007502178926],[-76.698259684202142,5.5959444899270876],[-76.698941564367033,5.5959785337925041],[-76.699695442225405,5.5960161707682836],[-76.700874982303148,5.5960750574158551],[-76.703729518648984,5.5962175552479891],[-76.705716796610375,5.5963847330623295],[-76.707621658952874,5.5965449697796128],[-76.708160688709228,5.5965903124121752],[-76.708629839979224,5.5966297760189114],[-76.709909653409298,5.596782800822619],[-76.711781147100353,5.5970065676936249],[-76.714316336801403,5.5973096787889345],[-76.719418587044913,5.5979196763601031],[-76.724378545040921,5.5974243804081052],[-76.729067716728807,5.5969560883947418],[-76.733083695633013,5.5961970526496554],[-76.736135072326576,5.596740144842598],[-76.737439814396623,5.5973465428795688],[-76.739537292600957,5.5967076128597935],[-76.739901116763718,5.5965967849017444],[-76.741395329911199,5.5955838486852603],[-76.741665776279504,5.595584459952013],[-76.741779600016869,5.5957630634914022],[-76.741929446044765,5.5958153701123621],[-76.742195066949236,5.595807742194256],[-76.742335903067129,5.5957434698129935],[-76.742466800687524,5.5956828119217752],[-76.742626503946624,5.5956076169525808],[-76.742847082252368,5.5955605113118274],[-76.742989788617976,5.5956494270960091],[-76.74307350660257,5.5958518286684571],[-76.743094140662578,5.5960069677653959],[-76.742904784879741,5.5961648551872258],[-76.742728297650359,5.5963189450084476],[-76.742619696421642,5.5963915060918223],[-76.742516362380101,5.5965876996613524],[-76.742399576077162,5.5968805045033667],[-76.742464696985436,5.5969633713646019],[-76.742583621278598,5.5969734809444747],[-76.742749439088186,5.5969823777094261],[-76.743139763386878,5.5967351874556188],[-76.743481445554067,5.5966383148642258],[-76.743754139049855,5.5967330432785394],[-76.743920179949441,5.5969267161256502],[-76.743996133319598,5.5973087202381295],[-76.7441322664355,5.5975389961874713],[-76.744397309710934,5.597274185871508],[-76.744559677878911,5.5970564867576647],[-76.744801124833472,5.596760020288448],[-76.744986763364736,5.596759175281206],[-76.745160015997655,5.596666297912452],[-76.745279585563551,5.596749437286122],[-76.745331220912064,5.5969636036802939],[-76.745383363974071,5.5970676077814394],[-76.745433502118686,5.5971514937303173],[-76.745464081305144,5.5972687207361957],[-76.745599642013389,5.5974679700857575],[-76.745556945267509,5.5977668327327414],[-76.745341897126622,5.5981295688619142],[-76.744911405571415,5.5986183137792498],[-76.744586012008142,5.5988838132052088],[-76.744425189795152,5.5990811586423836],[-76.744048973387095,5.5997388778467592],[-76.74387749301853,5.6002976362227024],[-76.743844061146135,5.6005999478045041],[-76.743837389771528,5.6011042036978385],[-76.744010989861025,5.6015710979840172],[-76.74450184952623,5.6024056891857033],[-76.743651065591777,5.6031086023775796],[-76.743278347308078,5.603658546615093],[-76.742968254209316,5.6039567934697398],[-76.742683150409221,5.6045241191640622],[-76.742610591120851,5.6050045437751121],[-76.742561501913173,5.6053551536864976],[-76.742492281179864,5.6057872962220809],[-76.74246484444636,5.6061490861527954],[-76.742531815044956,5.6067030764808008],[-76.742642355557109,5.606935608934176],[-76.742552404531978,5.6073232521496186],[-76.742073792457376,5.608292022947885],[-76.741786352102494,5.6088782082996165],[-76.74158410468209,5.6096012796157879],[-76.741246027597811,5.6101436425181923],[-76.740689026679334,5.6115937146317094],[-76.740512519245314,5.6124142159718087],[-76.74080361114973,5.6133940399858213],[-76.741569301722123,5.6140117082904899],[-76.742373805994987,5.6146305074023477],[-76.742988230093957,5.6150492647142345],[-76.743626223478188,5.6153665517561713],[-76.744396470383577,5.6156835146968085],[-76.745030178028045,5.6160003652451262],[-76.746635564150324,5.6166593740889885],[-76.746497595879958,5.6159780616198391],[-76.746514588178826,5.6159606248107705],[-76.746512470916457,5.6159572752716622],[-76.746321923409738,5.6142604153639306],[-76.74622486187927,5.6140881755757048],[-76.753097899248914,5.611913502586539],[-76.756712954088755,5.6120669423432155],[-76.757203280227486,5.6096431834237306],[-76.759305127937992,5.60764744274306],[-76.759454461125728,5.6076244261000001],[-76.759526226030502,5.6075010990151792],[-76.758896981654374,5.6067645921852218],[-76.759304961037685,5.6066781124894298],[-76.75951438474587,5.6068821610548998],[-76.759862886182347,5.6071593820519876],[-76.760281895413371,5.6072954622136573],[-76.760536939732177,5.6070387003947619],[-76.760728523619733,5.6068810294460762],[-76.761065066922853,5.6068830695980942],[-76.761337791640557,5.6068892165622559],[-76.761569721201084,5.6071105701743287],[-76.762011202670124,5.6069244393247253],[-76.762190000333334,5.6071533130946714],[-76.763048402430258,5.6076971412577468],[-76.763430442651398,5.6080520595053907],[-76.763481700376005,5.6084267458044224],[-76.763461008236433,5.6090798606630745],[-76.763418572434631,5.6099029993318084],[-76.76595648135465,5.6111429593616302],[-76.764301085169848,5.6136230796827498],[-76.764050827197607,5.6144051394443268],[-76.764424068448591,5.6172525237693289],[-76.765797717350949,5.6181606035175324],[-76.767533015534624,5.6179446991492696],[-76.769457150265282,5.6172799132727214],[-76.771275999603318,5.6172808695213385],[-76.772919596818198,5.6179825741572005],[-76.774037457539123,5.6207514965851963],[-76.777570697537456,5.6253368534111692],[-76.778443471533024,5.6258979790200243],[-76.780032742311306,5.6261903423302249],[-76.780883736323688,5.6255628177350747],[-76.781645217762119,5.6248679657532774],[-76.782675161733096,5.624509652860004],[-76.784264780567128,5.6241067671118792],[-76.786436758524161,5.6230537814986512],[-76.789097327664763,5.622562285378442],[-76.789081173266382,5.6225573567779241],[-76.788975818976155,5.6225119516318731],[-76.788881700393219,5.6224876590473682],[-76.788711379623635,5.6224091692420535],[-76.788611294754304,5.6223609501430643],[-76.788509448769247,5.6223475633045057],[-76.788416027963223,5.6223500109155573],[-76.788320148238938,5.6223605505029202],[-76.788221807794883,5.6223791829829333],[-76.788128387853078,5.622381630546081],[-76.787938389463747,5.6223678773162389],[-76.787847428407332,5.6223622328401586],[-76.787747692393609,5.6223273837006511],[-76.78765849340401,5.6222869068629224],[-76.7875745629254,5.6222436152643214],[-76.78750608913036,5.6221785128772508],[-76.787442534993787,5.6220972255676873],[-76.787371601404956,5.6220402151440352],[-76.787287670973498,5.621996924368581],[-76.787211468886156,5.6219427268363962],[-76.787140186477444,5.6218723461847038],[-76.787082249791283,5.6218016151203916],[-76.78698322855395,5.6216918228857917],[-76.786985688388455,5.621683730884051],[-76.786935131252278,5.6215887237734714],[-76.786884574145816,5.6214937175502229],[-76.78682628780254,5.6214096162423051],[-76.786760274032233,5.6213364216417778],[-76.786684072074948,5.621282223948592],[-76.786600141774755,5.6212389329654195],[-76.786508134291552,5.6211931776055346],[-76.78642947342388,5.6211470727510733],[-76.786358540028957,5.6210900620581974],[-76.78626934123966,5.6210495848140694],[-76.786173112619991,5.6210467537422542],[-76.786071963389205,5.6210601075721467],[-76.785981352082402,5.621067832839751],[-76.78576570962511,5.6210948889633201],[-76.785760441100322,5.6210977027816833],[-76.78567651171646,5.6210544115952201],[-76.785600309824972,5.6210002145702074],[-76.785498462912884,5.6209868270033745],[-76.785402583027107,5.6209973668977726],[-76.785307051918963,5.6210212760774434],[-76.785219598888119,5.6210476496200625],[-76.785112833094502,5.6210504459994999],[-76.785021523197869,5.6210314316213585],[-76.784932325277069,5.6209909540978256],[-76.784835398051925,5.6209613823809859],[-76.784739169295179,5.6209585510573437],[-76.784638020779894,5.6209719046436968],[-76.784542140780033,5.6209824435019611],[-76.784449069424383,5.6209982605494195],[-76.784355998961217,5.6210140784825393],[-76.784268544891148,5.6210404519161088],[-76.784178979693763,5.6210882875759411],[-76.784091875262092,5.621128031210926],[-76.783999152595555,5.6211572184326366],[-76.783903273386798,5.6211677572078198],[-76.783812313048912,5.6211621128453251],[-76.783721352697455,5.6211564675643944],[-76.78363742235517,5.6211131759935133],[-76.783560871704196,5.6210456083495464],[-76.783479402177704,5.6209942247130646],[-76.783390203311612,5.6209537468830515],[-76.783201619048569,5.6208917898880939],[-76.78319635049705,5.620894603690334],[-76.783109960290261,5.6208594040111395],[-76.783016540022118,5.6208618515067776],[-76.782918200825662,5.6208804821195768],[-76.782830746561885,5.620906855367112],[-76.782732058593922,5.6209121157145328],[-76.782633369717502,5.6209173769552585],[-76.782539600647681,5.6209064532327506],[-76.782447942754814,5.6208740672224629],[-76.782374200830773,5.6208117775338682],[-76.782300458926514,5.6207494887282694],[-76.78223198649259,5.6206843851984551],[-76.782155435970054,5.6206168172216291],[-76.782071506598527,5.6205735252880835],[-76.7819928449005,5.6205274204498723],[-76.781901187053947,5.6204950342927269],[-76.781807417992027,5.6204841103972436],[-76.781723488644204,5.6204408192861877],[-76.78163920969078,5.6203841569965443],[-76.781581274480359,5.620313425731263],[-76.781531066883417,5.620231788642263],[-76.781460133738321,5.6201747769542107],[-76.781353734496392,5.6200892598368997],[-76.781348117235922,5.6200787033577972],[-76.781269456523844,5.6200325983321306],[-76.781190446224045,5.6199731221218849],[-76.781111785524118,5.6199270161538211],[-76.781048580960501,5.6198590994541577],[-76.780995913544757,5.6197855542690833],[-76.780961511797798,5.6196954756969291],[-76.780950992960697,5.6195994193326619],[-76.780911321779328,5.6195121545318649],[-76.780848118203068,5.6194442377580014],[-76.780790182303932,5.6193735062909953],[-76.780779662632838,5.6192774499058293],[-76.780785298252994,5.6191863233569732],[-76.780774778606599,5.6190902669684482],[-76.780758991314272,5.6189970252510104],[-76.780711243974594,5.6189072959085644],[-76.78064277105085,5.6188421928331902],[-76.780561301945198,5.618790808405838],[-76.780460868984974,5.618729217651973],[-76.780450331847291,5.6187348451985999],[-76.780347788489095,5.6186947167157149],[-76.780254019606346,5.6186837932585716],[-76.780152174438811,5.6186704052919909],[-76.780060516860956,5.6186380185788156],[-76.779967096601737,5.6186404653545496],[-76.779868757289904,5.6186590952668132],[-76.779784461898089,5.6187041173707941],[-76.779689279790901,5.6187413958187982],[-76.779596209002335,5.6187572119329277],[-76.779497171462495,5.6187491021197733],[-76.779405862470583,5.6187300864881715],[-76.779314902996944,5.6187244402286369],[-76.779208137774617,5.6187272361548581],[-76.779112257419541,5.6187377739366084],[-76.779022693304057,5.6187856097429378],[-76.778952091234203,5.6188436510247195],[-76.778864987057119,5.6188833938872644],[-76.778771916143796,5.618899210802617],[-76.778687271016281,5.6189308616210534],[-76.778602974486418,5.6189758827437499],[-76.778506746311137,5.6189730510456082],[-76.778417897193236,5.6189459423193417],[-76.778333968067273,5.6189026504001376],[-76.778245118958495,5.6188755425378742],[-76.778151350752708,5.6188646178260031],[-76.778055122548395,5.6188617860393411],[-76.777961702024413,5.6188642316195567],[-76.777879517685847,5.6188877912026696],[-76.77786336329622,5.6188828621580198],[-76.777767483646358,5.6188933997456143],[-76.777680029776846,5.618919773073384],[-76.777587655875209,5.6189623295748659],[-76.777503360052478,5.6190073505922236],[-76.77741660420331,5.6190604636494585],[-76.777332307434492,5.6191054837630787],[-76.7772508201503,5.6191557830577041],[-76.777177409149658,5.6192085468870969],[-76.777106807624932,5.6192665880957531],[-76.777052709087727,5.619342929607166],[-76.77700949543258,5.6194270121436336],[-76.776974359887959,5.6195135601137531],[-76.776928338529416,5.6195923652678523],[-76.776885124861565,5.6196764487219397],[-76.776806446050045,5.619732026322704],[-76.776716881398499,5.6197798601956137],[-76.776623461488114,5.6197823065602659],[-76.776529692079592,5.6197713816703043],[-76.776429957798371,5.6197365307270388],[-76.776353757116539,5.6196823326935696],[-76.77628282506501,5.619625320886227],[-76.776211544455748,5.6195549387126853],[-76.776119905679124,5.6194208677355064],[-76.776117096191001,5.6194155903455671],[-76.776090423712361,5.6193146051619554],[-76.776071828463245,5.6192160845200521],[-76.776071846781036,5.6191144018323378],[-76.776077483182178,5.6190232748367599],[-76.776096464505898,5.6189317977474884],[-76.776144946058096,5.6188449005681065],[-76.776190967578103,5.6187660963460697],[-76.776263680706762,5.6186865919279612],[-76.776339202407684,5.6186123667160581],[-76.776415072641271,5.6185515109497421],[-76.776488483732138,5.6184987472248515],[-76.776566813961026,5.6184298003161093],[-76.776631798363482,5.6183612017070956],[-76.776688705566116,5.6182901394563762],[-76.776702069674073,5.6181881067355111],[-76.77667047726041,5.6181033056950653],[-76.776599545498669,5.6180462938160396],[-76.776523344240076,5.6179920956708065],[-76.77647067835349,5.6179185504739468],[-76.776431008821234,5.6178312848318139],[-76.776420490023838,5.6177352296700356],[-76.77643666280413,5.6176384743292527],[-76.77647144998555,5.6175385569669878],[-76.776487622778603,5.6174418025366046],[-76.776471835412494,5.617348560215242],[-76.776426897377505,5.6172641091901108],[-76.776340509398963,5.6172289087587188],[-76.776247089841888,5.6172313538873873],[-76.776150163747758,5.6172017809027999],[-76.776058855690778,5.6171827645036823],[-76.775965436115399,5.617185210485995],[-76.775867096443633,5.6172038405466544],[-76.775776486305702,5.6172115639020959],[-76.775678495123273,5.617243564296273],[-76.77558366190128,5.6172942124440004],[-76.775493748752197,5.617328676489846],[-76.775156931679845,5.6174204457967774],[-76.775148854495697,5.6174179812153078],[-76.775039628921732,5.6174288682812366],[-76.774930055724639,5.6174263849533137],[-76.774830670353936,5.6174049037727949],[-76.774744281391236,5.6173697039628117],[-76.774650164641159,5.6173454090082533],[-76.774559204941298,5.6173397618292507],[-76.774468245239547,5.6173341155378713],[-76.774372016903285,5.6173312829606079],[-76.774278248626018,5.6173203583119928],[-76.774189051995123,5.6172798791533252],[-76.774125849128069,5.6172119609582385],[-76.774169061582228,5.6171278775711997],[-76.774239663520575,5.6170698366934371],[-76.774282876857214,5.6169857533098151],[-76.774318013013456,5.6168992062339855],[-76.774315571829717,5.6168056144855569],[-76.774278362785751,5.6167102572770204],[-76.774207081943374,5.6166398744576096],[-76.774141070650188,5.6165666787914272],[-76.77409086434281,5.6164850410409599],[-76.774037849506442,5.6163981249449506],[-76.774016794909116,5.6163076968918153],[-76.774049121688819,5.6162158706021019],[-76.774095143632266,5.6161370664896513],[-76.774106048357282,5.6160431256040146],[-76.774060781347856,5.6158436198769621],[-76.774057972806062,5.6158383415437028],[-76.774005306560852,5.6157647966898416],[-76.773929106656624,5.6157105978346218],[-76.773845178056192,5.6156673047289889],[-76.773756330197656,5.6156401966061082],[-76.773674861694474,5.6155888114067576],[-76.773590584671098,5.6155321487499492],[-76.773514384813865,5.6154779497939389],[-76.773440645059765,5.6154156587642987],[-76.773369712956537,5.6153586469659471],[-76.77330124185589,5.6152935421862562],[-76.773221885088176,5.6152206953126376],[-76.773150953019055,5.6151636825541074],[-76.773080021868935,5.6151066706747672],[-76.772921656865634,5.6149743462723301],[-76.772908311081892,5.614974695337561],[-76.772814543088145,5.6149637710834277],[-76.772721124401372,5.6149662163102843],[-76.772622437071675,5.6149714752278834],[-76.772526208937478,5.6149686420782281],[-76.772439821239203,5.6149334406802733],[-76.772368890143568,5.6148764286486426],[-76.772302878381211,5.6148032315852783],[-76.772229138792852,5.6147409411603428],[-76.772140291014182,5.6147138326453563],[-76.772046522991488,5.6147029073266541],[-76.77196259454395,5.6146596137577642],[-76.771906771732262,5.6145674196823858],[-76.771861834610377,5.614482968615448],[-76.77187519999292,5.6143809354881764],[-76.77187765921515,5.6143728434347215],[-76.771877678826471,5.6142711602445896],[-76.7718776984496,5.6141694770541974],[-76.771851374908579,5.6140818623407887],[-76.771782555726688,5.6140033876465436],[-76.771703547665723,5.613943909840212],[-76.771614350726097,5.6139034307268876],[-76.771527614825018,5.6138548595260502],[-76.771451415307368,5.6138006609255964],[-76.77137767503433,5.6137383702512809],[-76.771298667031758,5.6136788923379379],[-76.771220008312255,5.6136327857324702],[-76.771149077479095,5.6135757733645901],[-76.771064800877312,5.6135191099801345],[-76.770967527762835,5.613476166001389],[-76.770875870746977,5.6134437787546183],[-76.770784214628407,5.6134113905777401],[-76.770708015200043,5.6133571917943597],[-76.770636736082054,5.6132868088659729],[-76.770552808783947,5.613243515783048],[-76.770456232387829,5.613227312551949],[-76.77027925387749,5.6130981511531175],[-76.770265559760816,5.6130851296822577],[-76.770184091750636,5.6130337444492202],[-76.770105433139406,5.6129876375752072],[-76.770016585563809,5.6129605284900581],[-76.76992458117941,5.6129147705443652],[-76.769845921686169,5.6128686636165224],[-76.769774642700426,5.6127982804721537],[-76.769703362830327,5.6127278973132579],[-76.769634892360173,5.6126627925202834],[-76.769556232910844,5.6126166855149471],[-76.76946984554543,5.6125814842240906],[-76.769380998008913,5.6125543749805251],[-76.769267570774161,5.6125065010778092],[-76.769178724141511,5.6124793917835918],[-76.769087764724389,5.6124737450115241],[-76.768996806195119,5.6124680973152437],[-76.768906195950734,5.6124758200735219],[-76.768807508560627,5.6124810780858381],[-76.76871128134934,5.6124782449152999],[-76.76862102025791,5.6124993381014434],[-76.768533915904186,5.612539079255316],[-76.768463314091079,5.6125971203580676],[-76.768398329205041,5.612665717369679],[-76.768314033271096,5.6127107369231357],[-76.768223771192538,5.6127318300870277],[-76.768132812539733,5.6127261822771013],[-76.768029205523888,5.6127476243343084],[-76.767942101050906,5.6127873663541745],[-76.767857805026466,5.6128323858767182],[-76.767787203069673,5.6128904260626795],[-76.767674452612283,5.6129709764627229],[-76.767669184839349,5.6129737901213463],[-76.76757611416329,5.6129896048145493],[-76.767484457974774,5.6129572168505248],[-76.767421256210355,5.6128892979869187],[-76.76733732891789,5.6128460042421375],[-76.767255861840525,5.6127946183983894],[-76.767184931233942,5.6127376061220078],[-76.767131917723333,5.6126506893750898],[-76.767086981377957,5.6125662373741738],[-76.767049773041947,5.6124708796301475],[-76.767031179223864,5.6123723593255574],[-76.767052621965504,5.6122727914444503],[-76.767087758765555,5.6121862442723334],[-76.767101124374534,5.6120842116339764],[-76.767069533940216,5.6119994107093536],[-76.767029865487302,5.6119121450140099],[-76.766947721984479,5.6117323351547794],[-76.766944913528619,5.6117270567303148],[-76.766904896905757,5.6116264214015761],[-76.766862420079121,5.6115338772347192],[-76.766814675506097,5.6114441476031329],[-76.766769739399308,5.6113596954821983],[-76.766753954226672,5.6112664526355571],[-76.766789091127691,5.6111799063930867],[-76.766829495790844,5.6110905456097058],[-76.766883595358948,5.6110142055575709],[-76.766945422908435,5.6109269597922493],[-76.766991096218092,5.6108347853774045],[-76.766996733981486,5.6107436584628338],[-76.767004831074772,5.6106444394807937],[-76.76705085350153,5.6105656355768172],[-76.767123566564038,5.6104861330484015],[-76.767199436266822,5.6104252785458275],[-76.767275306852795,5.6103644240380302],[-76.767351176519242,5.6103035695366552],[-76.767407736207446,5.6102191383608613],[-76.767487131585682,5.6100886186602619],[-76.767489591809834,5.6100805274930439],[-76.767543342121272,5.6099908170101438],[-76.767575670477456,5.6098989915199491],[-76.767602381058694,5.6097966100958274],[-76.767613286575497,5.6097026696045589],[-76.767613306569814,5.6096009859106726],[-76.767621403666354,5.609501766997762],[-76.767640037177927,5.6093969208062369],[-76.767672017330227,5.6092917248493803],[-76.76771488209873,5.6091942721112487],[-76.767771440803273,5.6091098401075135],[-76.767838536795281,5.6090197808253661],[-76.767900712336285,5.6089459056794899],[-76.767975885374383,5.6088583111893167],[-76.768040521100446,5.6087763439875049],[-76.768116042309842,5.608702119089938],[-76.768191912616857,5.6086412646736967],[-76.76827305064667,5.6085775966221654],[-76.768356997079366,5.6085192060879576],[-76.768432867329309,5.6084583516727458],[-76.768505928236721,5.6083922197483149],[-76.768568103626279,5.608318343728171],[-76.76862466305343,5.6082339117731683],[-76.768705840945202,5.6079668765884474],[-76.768703031624327,5.6079615990792906],[-76.76874343690784,5.6078722375916659],[-76.768749073765122,5.6077811108609019],[-76.768746284461173,5.6076741488815074],[-76.768738227447088,5.6075700014367742],[-76.768746324544296,5.6074707826496129],[-76.768778651884759,5.6073789564092502],[-76.768810980130652,5.6072871310709065],[-76.768829961805181,5.6071956555005951],[-76.768829981878937,5.6070939719417376],[-76.768824733337382,5.6069951020181366],[-76.768782257126148,5.6069025579580307],[-76.768710978493004,5.6068321750078161],[-76.768624592187848,5.6067969738822336],[-76.768535396573299,5.6067564943187991],[-76.768441630513294,5.6067455684138228],[-76.768337327185066,5.6067402697537423],[-76.768243909302782,5.606742715200566],[-76.768150143219273,5.6067317892435486],[-76.768056028051603,5.6067074936900703],[-76.767982289252714,5.6066452017319133],[-76.76795596727564,5.6065575871094806],[-76.76798021778248,5.606463296961004],[-76.76800442629235,5.6064330658032535],[-76.767990662093396,5.6064243883819271],[-76.767898142770107,5.6063740359885523],[-76.767893237454828,5.6063424699158872],[-76.767940531324129,5.6062714777696785],[-76.767926778973305,5.6062122894765523],[-76.767869832253737,5.6061468828778613],[-76.767990033157815,5.6061093204293861],[-76.768215430085178,5.6059965608478972],[-76.768519741055485,5.6058010648902155],[-76.768512338341296,5.6055941153140525],[-76.768392286830192,5.6053494813762477],[-76.768230888869041,5.6051687887239909],[-76.76822356961344,5.6048038085828678],[-76.768216155363945,5.6046194358635484],[-76.768216342841015,5.6042619859366329],[-76.768194043893615,5.6038179830166639],[-76.768242963581983,5.60363363923069],[-76.768453308201416,5.6035773109915885],[-76.768701174612431,5.6035887297574902],[-76.769031553818436,5.6038108989092263],[-76.769222826496119,5.6043151932376443],[-76.76922270791033,5.6045409515901365],[-76.769218860737411,5.6047177937048147],[-76.769271348437158,5.6048909023808253],[-76.769383918214146,5.6050790933318773],[-76.769657927441898,5.6053727228742876],[-76.769959828347055,5.6057409150686208],[-76.770495304581559,5.6054936899017704],[-76.774549824273194,5.6111499863090257],[-76.775315578425506,5.6117392831708894],[-76.775560405255959,5.6119232372967529],[-76.77631668497807,5.6125497918456064],[-76.776519563506767,5.6126900389226781],[-76.776810462644306,5.612834306782176],[-76.777149629669907,5.613064252027935],[-76.777643021427608,5.6133826421550621],[-76.777949285893584,5.6135742584200861],[-76.77822642683762,5.6137852520936153],[-76.778639557606525,5.6140611019710711],[-76.77895993139596,5.6142425368848636],[-76.779259977371169,5.6144353561749201],[-76.779632069033738,5.6147068810709539],[-76.779998259002213,5.6149502492063226],[-76.780364778546868,5.6151088876816333],[-76.780726067127929,5.615266374862049],[-76.781073451077518,5.6154398239799717],[-76.78138420281411,5.6156269007052781],[-76.781567408389719,5.6157627214405705],[-76.781741035728487,5.6158940689629473],[-76.781966548858421,5.6160341161281897],[-76.781986946824389,5.6160458736192034],[-76.782298698352832,5.6163684335792015],[-76.782724005454753,5.6164135034934413],[-76.783731177972186,5.6167952704014654],[-76.784044332982234,5.6172888234214202],[-76.784491736257962,5.6179170061117754],[-76.785073623821134,5.6182088501427572],[-76.785879584042007,5.6180746904039607],[-76.78641716868286,5.617424573452471],[-76.78666368033582,5.6168864455702181],[-76.787223482321792,5.6165727454551977],[-76.787850207996911,5.616730045772429],[-76.788536624337013,5.6180979145702121],[-76.789489910320682,5.6183986158239767],[-76.789827870610708,5.6186002823264669],[-76.790217969939803,5.6188852629602941],[-76.790575589973386,5.6192042653267569],[-76.790816164006216,5.6194425168470588],[-76.791179248144445,5.6200651761648155],[-76.791292127169598,5.6202588555412989],[-76.791391701317579,5.6204605474337832],[-76.791618418083203,5.6211131977389455],[-76.791717450020272,5.6213148911200888],[-76.791845172523509,5.6215208778565229],[-76.791995374626055,5.6217132998579613],[-76.792338670154237,5.6219950622339132],[-76.792577988789361,5.6220786745315143],[-76.793099076875436,5.6220479775711816],[-76.793445594303151,5.6219165623207195],[-76.793849021938868,5.6217893098923533],[-76.794219050666456,5.621731130261284],[-76.794814210514957,5.6216140051127681],[-76.795092247488114,5.6216864156545769],[-76.796211723567097,5.6219036779581772],[-76.796277096370758,5.6219392620707813],[-76.79644385367628,5.6220046130939823],[-76.797495762778155,5.622498513748849],[-76.799017548590172,5.6234860347794049],[-76.799666577039787,5.623845178512223],[-76.80143433193588,5.6254383416893754],[-76.804009228942661,5.6244079077049225],[-76.804680030523954,5.6260902553032697],[-76.805216632695874,5.6275258413227434],[-76.807207915583874,5.6299040427119023],[-76.809474157821995,5.6308775898332106],[-76.809499409523013,5.6308372396374553]]],[[[-76.893987243814081,5.5696891811147546],[-76.89399053653166,5.570380655670502],[-76.893995953940859,5.5715165922279803],[-76.894000897636786,5.5725537181904041],[-76.894005135595776,5.5734427217121905],[-76.894058361564404,5.574282088188081],[-76.894159337551386,5.5747755652472897],[-76.894211235343917,5.5753185949722335],[-76.89431245038088,5.5758613880864454],[-76.894315043960404,5.5764046532044738],[-76.894368033818381,5.5771946134085759],[-76.895062438109079,5.5780803108007344],[-76.89521249029427,5.5785241478402021],[-76.895954936505746,5.5791626736403508],[-76.8960561524637,5.5797054648403321],[-76.897393448100658,5.5810325400321599],[-76.898630803345299,5.5820638350672462],[-76.899914397499145,5.5824527282429255],[-76.901344177288678,5.5824952608500711],[-76.902476292584524,5.5821440731021967],[-76.904100610992771,5.5816423901835117],[-76.90518270265153,5.5811433157956047],[-76.905920748775969,5.5808434245724765],[-76.908029533800729,5.5785612849000472],[-76.908423355939249,5.57846067133723],[-76.908865389831689,5.578112798512052],[-76.909305439852631,5.5773697887999125],[-76.909450286785599,5.5767271033560055],[-76.909540047225775,5.574899239734469],[-76.909586752763772,5.5743557449696555],[-76.909733733112986,5.5741574171833923],[-76.909979237306288,5.5739587076801955],[-76.910026180152613,5.5734646161868042],[-76.910368409155382,5.5728702926010625],[-76.910809639920558,5.5723742137673415],[-76.911200942299743,5.571730340398064],[-76.911542457360767,5.5709878080474375],[-76.912178224680261,5.5699476147958586],[-76.912766906181901,5.5693521024993995],[-76.913019044889083,5.5705362382920818],[-76.913518678509632,5.5719167021128424],[-76.914066109976659,5.5730006020511871],[-76.914414030371958,5.5735915978400943],[-76.914908596874611,5.5739349551269033],[-76.915649236585637,5.574178311767473],[-76.916486975452685,5.5741248649201962],[-76.917225387814369,5.5739237734830107],[-76.917569034838777,5.573625780945247],[-76.918307918768491,5.5735234026475382],[-76.918998057227725,5.5735200699464276],[-76.919785009814717,5.5732003255676608],[-76.919824219268548,5.5731843949225262],[-76.919832520106254,5.5729905032261646],[-76.919722707170919,5.5729083503158581],[-76.919711001434038,5.5729057421804118],[-76.919716433327153,5.5728855889792355],[-76.919759796649032,5.5724409068094376],[-76.919779104944908,5.5716944252827521],[-76.919798365337812,5.5711202115884193],[-76.919168117443022,5.5704501158319291],[-76.917487378408239,5.5689758206825335],[-76.916188586620137,5.5679992860809842],[-76.915138152789297,5.5670036770369649],[-76.914469690736709,5.5663909867095693],[-76.914126000370644,5.5657592479449125],[-76.913954239634691,5.565146697519995],[-76.913686986505354,5.5644384170212016],[-76.913171375903403,5.5637683484337161],[-76.912178294058975,5.5626770476507961],[-76.910287416261696,5.5613366562808251],[-76.909657173426027,5.5607239732599192],[-76.909007849886635,5.5600347204766436],[-76.908358601803329,5.5590918542836372],[-76.907881344693706,5.5579552372944017],[-76.907583149789446,5.5569383026594448],[-76.907583223699206,5.5566879485732281],[-76.907552553637245,5.5565643547028802],[-76.907529652340983,5.5564135473973435],[-76.907496252782011,5.5561935819984232],[-76.907505445001462,5.555606932545909],[-76.907533252401123,5.5550248107646345],[-76.9075655556193,5.5544935555931447],[-76.907603223315107,5.554163539762043],[-76.907603511390334,5.5541561193806777],[-76.907475347710232,5.5540448370695596],[-76.906919976126119,5.554007759045386],[-76.906613068141496,5.5539385087927391],[-76.906374953329433,5.5539105678859553],[-76.906340550428013,5.5539357518166756],[-76.906358772890371,5.5539011608428188],[-76.905322816476968,5.5549915857497663],[-76.904549479552927,5.5558244255945741],[-76.903776141637323,5.5570736386142343],[-76.903002835868264,5.5576684867269304],[-76.901456211993988,5.5580254301540775],[-76.900325968359908,5.558798739623632],[-76.899552628770181,5.5596911010798422],[-76.89895776208688,5.5601074301106213],[-76.898005957321971,5.5602859402492522],[-76.897173194142539,5.5602859495849355],[-76.895685974535667,5.5602859245186336],[-76.894674722119689,5.560285968070521],[-76.89378243488062,5.5601669443497759],[-76.892711671142763,5.5601074761819902],[-76.892378452127801,5.560004024482188],[-76.892562985194246,5.560459985135016],[-76.892713494992563,5.561002638204025],[-76.892863680460124,5.5614957900936828],[-76.893112718612912,5.5620378800383987],[-76.893313241900955,5.5627284174651335],[-76.893317708505862,5.5636667374566811],[-76.893619113964093,5.5648506614935629],[-76.894015755662309,5.5653427299255966],[-76.894312932553703,5.5656376495048505],[-76.894660358051652,5.5661298608308591],[-76.895207282699602,5.5671150810109422],[-76.89560496119509,5.5678045796351832],[-76.89634621215815,5.5681961837084692],[-76.897580698695592,5.5686347388379893],[-76.897879526298652,5.5692753934814148],[-76.897436865171244,5.5694751346922331],[-76.896746719040038,5.5694784396446098],[-76.896155190257289,5.5694812730688454],[-76.895662277207165,5.5694836316617264],[-76.894922109861696,5.5693389599881282],[-76.89418344891584,5.5694907091614567],[-76.893987243814081,5.5696891811147546]]],[[[-76.86340890957662,5.5623321897880276],[-76.863607462823254,5.5623616004573213],[-76.863768199605033,5.5623616523111181],[-76.863980854732119,5.562361190186901],[-76.864187866568699,5.5623675273911948],[-76.864366989214432,5.5624246673908004],[-76.864639200395729,5.5626081819955813],[-76.864729250595417,5.5627407104832551],[-76.864823981922001,5.5628713209950167],[-76.864942351811322,5.5630256636469415],[-76.865064504114585,5.5631409710900472],[-76.865198161753227,5.5632489981329156],[-76.865331455365165,5.5633750878950599],[-76.865465397767039,5.5635051518344119],[-76.865552463698208,5.5636735530583676],[-76.865705315183519,5.5637991015794723],[-76.865751229787875,5.5639579430531469],[-76.865846350679305,5.5641334400969065],[-76.8659876852726,5.5643208247306886],[-76.866033386886457,5.56449212944064],[-76.866163055484506,5.5646911287252676],[-76.866228430924082,5.5648860966321818],[-76.866456939730142,5.5650543713570437],[-76.866609622140842,5.5651629390564938],[-76.866761681043954,5.5650432635665359],[-76.866976783422942,5.5648729813840507],[-76.86718891144308,5.5647982740119941],[-76.867391595981857,5.5647096117859247],[-76.867612467831876,5.5645966575046613],[-76.867749871774208,5.5645051408184241],[-76.867895073692495,5.5644419487975574],[-76.868024610676585,5.5643447833157316],[-76.868169642317326,5.5642080697374547],[-76.868280606198141,5.5639955569853434],[-76.86836041531231,5.5638294368039309],[-76.868464793156818,5.563597536333269],[-76.868578001798127,5.5634406536247658],[-76.868681000942317,5.5633367448786517],[-76.868795581292801,5.5632225781639155],[-76.868902191058098,5.5631198295085857],[-76.86902804748992,5.5629881740435101],[-76.869147146564941,5.5628576348048329],[-76.869203295241007,5.5627011116585585],[-76.869321600718621,5.5625360733584177],[-76.869439808933947,5.5622925486390944],[-76.869489503992057,5.5621258490316423],[-76.869498147071113,5.5616454735026917],[-76.869516526669059,5.5614334888824386],[-76.869543456078134,5.5612560589638784],[-76.869558407478394,5.5610808531789591],[-76.869532276085664,5.5608350277253065],[-76.869414228204747,5.5605201823321853],[-76.869382730087906,5.5603020220414416],[-76.869382790430706,5.560142602226632],[-76.869382835818016,5.559999079302993],[-76.869428595914826,5.5597814582601899],[-76.869497464155899,5.5596091581934637],[-76.869390325128606,5.559446273204439],[-76.869287464346485,5.5592547350003025],[-76.86917704217106,5.5590460691594084],[-76.868978487712056,5.5588827122174802],[-76.868726694521982,5.5587271938067646],[-76.868490644005789,5.558622001924868],[-76.868356499871183,5.558486880337866],[-76.868260962380532,5.5582804947447553],[-76.86833757687117,5.5581060805753753],[-76.86827692622596,5.557841994581918],[-76.868108836002691,5.5577537303963229],[-76.867941316475537,5.5577101748443845],[-76.867765355903032,5.5576733439578092],[-76.867578330174098,5.5576416214699389],[-76.867384002582654,5.5575901527473084],[-76.867155108197863,5.5574730947970226],[-76.866918815122574,5.5572971788737391],[-76.866728222559047,5.5571207752281309],[-76.866506578830126,5.5569353069443022],[-76.866353908465143,5.5567904281739038],[-76.866192197317758,5.5567162256546396],[-76.86603354369251,5.5565644203970406],[-76.865930823215265,5.5563829062019288],[-76.865858418868271,5.5562263572872386],[-76.865783371632901,5.5560062337019867],[-76.865748069017727,5.5557453692078225],[-76.865789599227568,5.5556051720930331],[-76.865995269130963,5.5553848987795202],[-76.866119410596212,5.5552142347378881],[-76.866178437245594,5.555037914204803],[-76.866190565248971,5.5548949670935794],[-76.866191487305386,5.554707814308383],[-76.866153276360791,5.5544802923121859],[-76.866106538458766,5.5542794539740541],[-76.866048651255028,5.5541238310546959],[-76.865967441878496,5.553934988828555],[-76.865900216604587,5.5537486085300483],[-76.86586973559568,5.5535544683591356],[-76.865850795477442,5.5533032802985272],[-76.865804756120241,5.5529638848508487],[-76.865789160000915,5.552752786768516],[-76.865759085107896,5.5525300990433788],[-76.865715913730611,5.5523214796515816],[-76.865667039537342,5.5521259789817679],[-76.865587304718616,5.5519440841826881],[-76.865464916845511,5.5518166733731267],[-76.865266219151152,5.5517945823167949],[-76.865039402045809,5.5518306960037727],[-76.864851073950675,5.5518665395037612],[-76.864618631469924,5.5518189533724529],[-76.864408483557838,5.5515659575950949],[-76.864225768123575,5.5514731532488213],[-76.864015254335342,5.5514296183895553],[-76.863748606008954,5.5514498461848456],[-76.863588378515317,5.5515379429440097],[-76.863450576073745,5.5518900388759267],[-76.863439183031176,5.5520940408287602],[-76.863389783235519,5.5523240544448571],[-76.863487500742949,5.5526115455221685],[-76.863629682957651,5.5527118554043566],[-76.863779348327824,5.5528124900499902],[-76.863931599746181,5.5529069719638402],[-76.864107321317135,5.5530468642712618],[-76.864271336428885,5.5532275501267163],[-76.86429216718345,5.5534010532407194],[-76.864194567623585,5.5535225449760137],[-76.864049852688396,5.5535357859132022],[-76.863866579836781,5.5534963649323723],[-76.863650955209934,5.5534403892721516],[-76.863443240080599,5.5533792273853484],[-76.863275221473813,5.5533249236349613],[-76.862950863473117,5.55322700565715],[-76.862774022497064,5.5532329013726462],[-76.862544780856538,5.5532523154307984],[-76.862262500620304,5.5532844483099701],[-76.862066651613873,5.5533125587154748],[-76.86186385201421,5.5533379929866733],[-76.861673507011304,5.5533096256792893],[-76.861551227158785,5.5530320972639968],[-76.861604581782487,5.5527998080709517],[-76.861680825653792,5.5525455495322564],[-76.861701821000935,5.5523129583573025],[-76.861558826429771,5.5521356957656423],[-76.861330108209629,5.5521322602903274],[-76.861116692554916,5.5520473670791413],[-76.861043734040095,5.5518687809240657],[-76.86112816873964,5.5515539673722749],[-76.861345342683677,5.5513449291001375],[-76.861531890789195,5.5512562569259014],[-76.861703673009103,5.5511907750173846],[-76.861955544028788,5.5510761427751554],[-76.862111820642326,5.5510101048993032],[-76.862253156906021,5.5508728674277412],[-76.862318111812513,5.5506529880593902],[-76.862241754550439,5.550460778613922],[-76.86218146391154,5.5503296434840514],[-76.862085320169015,5.5501854889757203],[-76.86194409485401,5.5500198693634548],[-76.861806781184768,5.5498999364587638],[-76.861600030743134,5.5498140213875828],[-76.861432815681923,5.5497387547010382],[-76.861238546982506,5.5496420313000945],[-76.861082376321107,5.549518754853187],[-76.860929564154532,5.5493429824160776],[-76.860799889198233,5.5491603277758834],[-76.8606394946802,5.5488482945073478],[-76.860593400583895,5.5486301099823976],[-76.86054014219782,5.5484610961769363],[-76.860528778486866,5.548229651845487],[-76.860646898511689,5.5480434825525942],[-76.860792443085714,5.5479576211867352],[-76.861005115106011,5.5479226589485817],[-76.861203981876116,5.5479238898235357],[-76.861438317314693,5.5478953278986802],[-76.861644914025504,5.5476604179821871],[-76.861668634522886,5.5474515691578725],[-76.861715553616477,5.5472685365273806],[-76.862054877339659,5.5471567405447404],[-76.862299372409637,5.5472370599947212],[-76.862554360233688,5.5472105687729538],[-76.862890015724474,5.5470654639185781],[-76.863042922579567,5.5469739702225178],[-76.863351776021517,5.5467276497960185],[-76.863731552062788,5.5464562458477227],[-76.86387459451575,5.5462988605458419],[-76.863942912070584,5.5461616091697037],[-76.863942923241225,5.5459722919830119],[-76.863905230565663,5.5457772816086122],[-76.863713503263412,5.5455499406685549],[-76.863489028187999,5.545451010221603],[-76.863309730598516,5.5453938683838055],[-76.863134014180901,5.5453700409701083],[-76.862912579892836,5.5453818305548888],[-76.862760869778015,5.545382363709205],[-76.862592803982025,5.5453754765272878],[-76.862424735297196,5.5453098831059604],[-76.862249660132363,5.5450955571231777],[-76.862192228657264,5.5448632467861945],[-76.862272108826886,5.5446542234109177],[-76.862440315666575,5.5444225666145481],[-76.862516212195189,5.5441908025615279],[-76.862646916364255,5.5440360032077427],[-76.862859557479339,5.5439558791229375],[-76.863084389189353,5.5439384737728421],[-76.863301822926616,5.543939073307568],[-76.863535067011554,5.5439278614057201],[-76.863729933677661,5.5439222450376757],[-76.863874657194714,5.5438731503479506],[-76.864069007214837,5.5437760404841159],[-76.864198783300736,5.5435963196359319],[-76.864233291343467,5.543419484540137],[-76.864249118989662,5.5432770611977595],[-76.86436259519111,5.5430046553744274],[-76.86449626851666,5.5429058437813286],[-76.86477134454482,5.5427996821133556],[-76.864904215545437,5.5426070340360436],[-76.864997991992837,5.5422860353398109],[-76.864988440965604,5.5420565704948093],[-76.864912402339812,5.5418350051936587],[-76.864854395786168,5.5416145292462629],[-76.864836407728177,5.5413545736462169],[-76.864854534259734,5.541144848372217],[-76.864866009586521,5.5405932838228322],[-76.864759521527148,5.5404723020328621],[-76.864668447826858,5.5402743816475315],[-76.864630187567514,5.5400737737648473],[-76.864424062597976,5.5399278796489488],[-76.864270688684115,5.5398622150885961],[-76.864080901304192,5.5397587866168019],[-76.863905239619456,5.5396501422654483],[-76.863932418987261,5.5394868898637011],[-76.864099709304298,5.5392523468808665],[-76.864256291715805,5.5391373520818901],[-76.864464755768935,5.5392055581114414],[-76.864729167986653,5.5392667281898493],[-76.864965797822762,5.5392667874935926],[-76.865167711967729,5.5392646608114884],[-76.865305425606422,5.5391437022186532],[-76.865362179810205,5.53894373052999],[-76.865341482637703,5.5387593888950351],[-76.865259140246579,5.5385197924715008],[-76.865152899328194,5.5382784089299468],[-76.865033953777726,5.5381150314663641],[-76.864972813661012,5.5379381036949535],[-76.864947198475932,5.5376654496574611],[-76.864942197245398,5.5375023516924049],[-76.865062883834767,5.5372681180192158],[-76.865263881094592,5.5370898670556539],[-76.865484451403645,5.5369910105314686],[-76.865644646723027,5.5369543967432824],[-76.865793321822551,5.5369221753087539],[-76.865988776561451,5.5368685971805993],[-76.866197486757571,5.5368166706307811],[-76.866449421955821,5.5367167620080524],[-76.866701393789555,5.5365865041543003],[-76.866876698507596,5.5364846084888573],[-76.867037541390602,5.5364326369890788],[-76.867189309611348,5.5363677057001848],[-76.867338230717507,5.5363298785763595],[-76.867544680651719,5.5362960295964934],[-76.86782667145485,5.5362424959764667],[-76.867944906914758,5.5361588402874808],[-76.868085693225225,5.5360391314224628],[-76.868287973907741,5.5358470555742718],[-76.868399152247846,5.5357379659592043],[-76.868546437456388,5.53560160898994],[-76.868704054153483,5.5355154177075612],[-76.868922541182314,5.5355490717953604],[-76.869238474195967,5.5353338810082411],[-76.8693376162242,5.5351572854247832],[-76.869451634981587,5.5350200009664867],[-76.869565673750529,5.5348296045640453],[-76.869664965260938,5.53466574266512],[-76.869833123849119,5.5345210656896535],[-76.87001650792206,5.5343166155057464],[-76.870153601105955,5.5341787694395661],[-76.870328535909209,5.5340182543573526],[-76.870527152775637,5.5338522090885132],[-76.870734197889774,5.5336567685437794],[-76.870917611739713,5.5334973881818765],[-76.871145519963022,5.5332917341384809],[-76.871336268619956,5.5331776601612024],[-76.871740656794984,5.5331020508339224],[-76.872038557144421,5.5329823242453946],[-76.872274909120648,5.532942911821598],[-76.872533862124044,5.5328796423008688],[-76.87282428199255,5.5328175728254063],[-76.873067973093711,5.5328053149470664],[-76.873335365971172,5.5327544689711043],[-76.873510302938257,5.532651667815319],[-76.873686288303631,5.5325037015441589],[-76.873938567377166,5.532209869511628],[-76.874045207690017,5.532056178799885],[-76.874212885589301,5.5317521757512012],[-76.874319606433488,5.5313859571570925],[-76.874381093718526,5.5311960829855575],[-76.874533463644411,5.5309915976473665],[-76.874632244519688,5.5308536619609203],[-76.875000348525631,5.5306534867095527],[-76.875268585835556,5.5305076007941159],[-76.875500081785532,5.5303816976194051],[-76.875927178002044,5.5298645173846799],[-76.876151120963286,5.5292792049815143],[-76.876160483805293,5.5292390512397152],[-76.876277109420684,5.5287389394893998],[-76.876306503794396,5.5284732479239311],[-76.876370904562364,5.5278911420819616],[-76.87637124357552,5.5269014412556041],[-76.876349793137535,5.5253597621727319],[-76.876195092464968,5.524409672733575],[-76.876112408591808,5.523703402836718],[-76.876100604948107,5.5236025719542567],[-76.8760852088447,5.5233549083004281],[-76.876043966264476,5.5226914902655304],[-76.87596865131728,5.5216078277289711],[-76.875963676203639,5.521536246148286],[-76.875947903239634,5.5212682230262375],[-76.875895779748731,5.5208001968936209],[-76.875584812021913,5.5175426334377935],[-76.875572485532388,5.5174475919957864],[-76.875449852764532,5.5166110913025079],[-76.875446207259841,5.5163108531440281],[-76.875442138640068,5.5159757199620705],[-76.875439930586623,5.515793889917683],[-76.875525001889599,5.5151926349134897],[-76.875547399468843,5.5150343318261807],[-76.875609836778082,5.5148435723284335],[-76.875716327932594,5.5145182103928345],[-76.87580852025603,5.5141607547283291],[-76.875980181576196,5.5137764909245899],[-76.875988320386597,5.5137582710964717],[-76.875989712169812,5.5137530645557034],[-76.87599059720003,5.5137497521276124],[-76.875988324712736,5.5137492278821005],[-76.87597957985416,5.5137518394128957],[-76.875559551048582,5.5138833492058898],[-76.875558294707162,5.5138837429665202],[-76.875429292104243,5.5139240954287434],[-76.87483442660637,5.5138051222128626],[-76.874358534705479,5.5137337380427303],[-76.873935545287466,5.5135017753195781],[-76.873711526535459,5.5133789261717006],[-76.873620900924706,5.5133292298368906],[-76.873258899818524,5.5131281176508589],[-76.873143275716004,5.5130227789488204],[-76.872905961493956,5.5126931767690843],[-76.872730010691583,5.5123764237022224],[-76.872627793381071,5.5120186612305853],[-76.872478760238153,5.5114970449943828],[-76.872081965344449,5.510505058110895],[-76.872050456874348,5.5104262888045161],[-76.871526975867368,5.5099979848212044],[-76.871157400275621,5.5098991077914343],[-76.870896611319679,5.5100295031846382],[-76.870757651229965,5.5100989829813702],[-76.870529221625276,5.5102703042653323],[-76.870115195578052,5.5104416255484896],[-76.869972429523045,5.5105558406527493],[-76.869924339247859,5.5106067561630647],[-76.869729723665046,5.5108128221576287],[-76.869572678487557,5.5109413122885229],[-76.869287143608418,5.5109984191152526],[-76.868844563548791,5.5108842049323838],[-76.868741574346188,5.5107812158019982],[-76.868601858803345,5.5106415006516745],[-76.868287770184565,5.510341687973864],[-76.867845189793201,5.5102131965699579],[-76.867787739023484,5.5102013873982933],[-76.86702979522687,5.5100455738096548],[-76.866874369851615,5.5098277245619904],[-76.866831953031976,5.5095944299619459],[-76.866817262819239,5.509513636186731],[-76.866745879083055,5.5091281629803532],[-76.866645942695158,5.5088854576579678],[-76.866346129709754,5.5088711804695389],[-76.866153183507336,5.5088822068348309],[-76.866032406868484,5.5088891078404991],[-76.865846442792659,5.5088997347577573],[-76.865332479439999,5.5088997345515969],[-76.865032668318946,5.5088997345202042],[-76.864690025493942,5.5088997345658752],[-76.864171224897831,5.5088416537181306],[-76.863726767458417,5.5088460151259229],[-76.863361274147664,5.5088504050236526],[-76.863037017254129,5.5088695496831486],[-76.863015406725651,5.5088717723261578],[-76.862676023977457,5.5089066763115024],[-76.86261116156804,5.5089090028847751],[-76.862474289568169,5.50891391372783],[-76.862269283788066,5.5089212689432907],[-76.861748108681269,5.5089538152033848],[-76.861344877509765,5.5089966224299518],[-76.861281308922827,5.5090184403140299],[-76.860865471336183,5.5089841938447206],[-76.860364164786759,5.508914012412002],[-76.860021523314145,5.5088997345167598],[-76.859636049566902,5.5090139496363015],[-76.85947900578914,5.5091709923428605],[-76.859413327551096,5.5093492599383964],[-76.859407622470854,5.5093526262589281],[-76.859307235713587,5.5094645937631634],[-76.859098291676816,5.5096976468618006],[-76.858907935143989,5.5099831825948682],[-76.858729475569277,5.5103044101178167],[-76.85862239920867,5.5104471776075314],[-76.858158405653086,5.5106256365929145],[-76.85782527917479,5.5107089187523517],[-76.857373182690267,5.510994454602038],[-76.857182826309653,5.5111491193530933],[-76.856730728052511,5.5112799892742519],[-76.856326220603194,5.5112918862939937],[-76.856016890294853,5.5113156810424142],[-76.855612381573394,5.5113275785106071],[-76.855350641094049,5.5113394762495256],[-76.855107356074484,5.5113394747369231],[-76.854249886676385,5.511963475505504],[-76.853916528581266,5.5121848995783376],[-76.853588695737642,5.5123486320399016],[-76.853087205802154,5.5125790346276746],[-76.852845352947682,5.5127140669884565],[-76.852642110952786,5.5128275429999816],[-76.852419087727426,5.5129762563424141],[-76.85230820058618,5.5130501967480789],[-76.852093190994452,5.5131935684208138],[-76.851550935352691,5.5135924194295649],[-76.851002019457212,5.5139403596619871],[-76.850686612841372,5.5141719151897233],[-76.850563119503633,5.514272514098927],[-76.850427695138137,5.514419408124664],[-76.850440586304146,5.5144566686747991],[-76.85047726609109,5.5145878034991789],[-76.850546298213729,5.51485507934441],[-76.850547643952311,5.5148602890062888],[-76.850575909830312,5.514985039099197],[-76.85062755786312,5.5152129885293215],[-76.850639429583396,5.515257045250177],[-76.850677266329996,5.5153974769127778],[-76.850707042731614,5.5155079950656827],[-76.850981852969269,5.5159541852536931],[-76.850992157476725,5.5159846828627677],[-76.850927816277078,5.5163773618025758],[-76.850949998076231,5.5164417357399556],[-76.851078181168702,5.5168137330181306],[-76.851148642607058,5.5171053898171918],[-76.851233653073351,5.517348402029592],[-76.851244226260349,5.5173708152006302],[-76.851322744842463,5.5175372489406236],[-76.851383083426526,5.5176310457552917],[-76.851450096059907,5.5177384994223999],[-76.851608582011153,5.5179408472486822],[-76.851801891053725,5.5181749484158802],[-76.852017290533041,5.5184621382087347],[-76.852172678051801,5.5186880917947549],[-76.852219911946847,5.5187567754732463],[-76.852275433468861,5.5188375108316627],[-76.852345087651344,5.5189856492746898],[-76.852471562760229,5.5192546388570101],[-76.852584286972856,5.5194762294065534],[-76.852833499510211,5.5198425570693974],[-76.852988031915899,5.5200803753701866],[-76.852988544378036,5.5200811639640781],[-76.853227583232126,5.5203864483487743],[-76.853312788854907,5.5204863850522869],[-76.853480161807539,5.5206826950358154],[-76.854327559373729,5.5214549959590462],[-76.854284152044684,5.5216911949772358],[-76.854245086907213,5.5219037590210105],[-76.85440808139731,5.5219671255731244],[-76.854628479440933,5.5220528093617274],[-76.855694423054587,5.5224672151838874],[-76.855994398579867,5.5227250461966673],[-76.856032917565642,5.5227737493504163],[-76.856046266047954,5.5227906260603365],[-76.85637894650695,5.5231987598633214],[-76.85639806448431,5.5232361139510138],[-76.856628712263543,5.5235436553978747],[-76.857031285540344,5.5238376941520979],[-76.857467193866498,5.5240446647826271],[-76.857578181450847,5.5240928177887243],[-76.857649293327171,5.52412367071733],[-76.857855826658906,5.5242132757649678],[-76.858329532172334,5.5244666493779873],[-76.858826865891729,5.5247629841665944],[-76.859073241151421,5.524896480542826],[-76.859358758778384,5.5250511849558936],[-76.859590423913644,5.5251767094560762],[-76.859778787643194,5.5252787717765308],[-76.859918081103544,5.5253706544669914],[-76.860205645302656,5.525560340751289],[-76.860232057999951,5.5255803603423672],[-76.860533874763306,5.5258091365539457],[-76.860576134304836,5.5258488254886489],[-76.860616069078873,5.5258863326033154],[-76.86065056001631,5.5259187263669727],[-76.860668064796769,5.5259351658146434],[-76.860674793431642,5.5259414853011544],[-76.860702451279209,5.5260726147580552],[-76.86069310486026,5.5261285646687544],[-76.86066563987977,5.5262929739249511],[-76.860627513707726,5.5263623101151369],[-76.860580479904442,5.526447845989515],[-76.860490303183369,5.5265566129641863],[-76.860412816697149,5.526650072156932],[-76.860187748353454,5.526874973986093],[-76.860164308586874,5.5268969191567558],[-76.859986245816998,5.5270636239272282],[-76.859700217897526,5.5274015380423522],[-76.859636315199054,5.5274949323162099],[-76.859572075940164,5.5275888200102354],[-76.859334519350327,5.5279360128095538],[-76.859175187668768,5.5282648073533434],[-76.859119162027625,5.5283804215365162],[-76.859077117654991,5.5284671820078373],[-76.858979345926073,5.5288051663660518],[-76.858965564296,5.5294720657593519],[-76.859031424594889,5.530021440739203],[-76.859144056652696,5.5305040948286548],[-76.859261916182533,5.5307376245534261],[-76.859330247765485,5.5308730175872851],[-76.859374022594764,5.5309597554135355],[-76.859542968038255,5.5312203602895149],[-76.859693592927172,5.5314527037037653],[-76.859913484213237,5.5318190178275906],[-76.860139001100876,5.5321062092658702],[-76.860476100154301,5.5325426472699384],[-76.860571176851707,5.5327088259435113],[-76.860612558720689,5.5327811548533123],[-76.860643466570139,5.5328914455959763],[-76.860706025074236,5.5331146869026595],[-76.860739716134518,5.5335329279884187],[-76.860742871294846,5.5337061079887935],[-76.860744760612903,5.5338098200661401],[-76.860742228785909,5.5338573522808492],[-76.860730493041871,5.5340777531962653],[-76.860651350610013,5.5345569922564781],[-76.860609057409562,5.5347538161233381],[-76.860557603874113,5.5349932716470054],[-76.86047796936171,5.5353356927087036],[-76.860392185193163,5.5356678572483196],[-76.860355741167112,5.5358089716122718],[-76.860319177556519,5.5359505436736134],[-76.860253559517574,5.5364626129920405],[-76.860234460798836,5.5365901273388127],[-76.860200578464543,5.5368163300457374],[-76.860193127105404,5.5368660795997062],[-76.860043405445396,5.5373543353106074],[-76.859855975907109,5.537796277665592],[-76.85956536065865,5.5383262585703568],[-76.859540617044459,5.5383665692486348],[-76.859317026436599,5.5387308313893175],[-76.859078801312464,5.5391298031027123],[-76.858792640626874,5.5395660106101863],[-76.858528469046504,5.5399703313677255],[-76.858399832893539,5.5401672107703099],[-76.858143208108018,5.5405854741921479],[-76.858057310352351,5.5407254758961884],[-76.857975668815499,5.5409119110138949],[-76.857896922220604,5.5410917345897133],[-76.857890337508991,5.5411067715807345],[-76.857858085290687,5.5411804225049757],[-76.857831710937859,5.5412636735208025],[-76.857809312736777,5.5414105778507796],[-76.857786252499665,5.5415618325634313],[-76.857786148420502,5.5418432442413037],[-76.85778401537614,5.5418837488146284],[-76.857772515121894,5.5421021335119969],[-76.857740410851207,5.542219896031396],[-76.8576303208459,5.5426237195868993],[-76.857622766788353,5.5426514272536185],[-76.857493583518362,5.5430235968136952],[-76.857482730750618,5.543054864805133],[-76.857271113060818,5.5434911000307325],[-76.857115284458303,5.5437903399442545],[-76.857009200713762,5.5439940518931721],[-76.856698007876815,5.5445298257681905],[-76.856632527844184,5.5446425617585886],[-76.856597667126763,5.5447025812695072],[-76.85638606719418,5.5450879960425281],[-76.856081821409362,5.5456044056630827],[-76.856055685471262,5.5456582171422166],[-76.855903980720782,5.5459705717579313],[-76.855723554239603,5.5463498905472077],[-76.855702674587562,5.5463937872853863],[-76.855678720560604,5.5464441486952589],[-76.855500977796055,5.5467877081340795],[-76.855327647926885,5.5471583961395918],[-76.855280450506882,5.5472762503310529],[-76.855145261877468,5.547613812695837],[-76.854977036752629,5.5480874097654498],[-76.85484086353776,5.5485292799150043],[-76.854774399112202,5.5486834796497009],[-76.854677185679179,5.5489090146617182],[-76.85458849002697,5.5493362518972864],[-76.854546048371787,5.5496369082181056],[-76.854560617832135,5.5497737319795641],[-76.854897884697294,5.5500180142935553],[-76.855399851733324,5.5500453312737905],[-76.855844295084864,5.5501630538003077],[-76.855894578025385,5.5501851112644971],[-76.856034559562275,5.5502465173127522],[-76.856187192508074,5.5503134725780221],[-76.85655265026935,5.5504730335447796],[-76.856853862135864,5.5506254324732396],[-76.856923784681044,5.5506608096081695],[-76.85700437233092,5.5507162725369001],[-76.857132680712198,5.5508045784570665],[-76.857209717896495,5.5508575975808583],[-76.857231253007484,5.5508719262589308],[-76.857417566346427,5.5509958955824183],[-76.857461634053735,5.5510252173053152],[-76.857556467518009,5.5510883165206399],[-76.857927039363787,5.5513326101080951],[-76.858212880531553,5.5515384392988913],[-76.858396208309898,5.551708058836903],[-76.858444856195092,5.5517635504945133],[-76.858541132334494,5.5518733683745856],[-76.858548495931259,5.5518817667228095],[-76.858564726733334,5.5519002809919726],[-76.858686492228514,5.5520970066882951],[-76.85884656021679,5.5524497337697358],[-76.85884943643596,5.5524576846764875],[-76.858937351115713,5.552700705271123],[-76.858997031353141,5.5528815830719909],[-76.859011083776622,5.5529516690755241],[-76.859034376765351,5.5530782447512266],[-76.859062874739308,5.5532331002579118],[-76.859095695928573,5.5533828391753213],[-76.859137208264556,5.5535722307329731],[-76.859185029922131,5.5540933841461069],[-76.859180401394923,5.5544076193739569],[-76.859166757116938,5.5546980676617164],[-76.85916671927572,5.5548020597394014],[-76.859143456111795,5.5549851685789733],[-76.859109951191556,5.555078910465947],[-76.859060900628606,5.5552161477413282],[-76.85903115820247,5.555299362447327],[-76.858881509657976,5.555571766975949],[-76.858865666458755,5.5556798139503618],[-76.858860522026276,5.5557148995472643],[-76.858846420956553,5.555811062725847],[-76.858893840588863,5.5560301832627106],[-76.859061770567834,5.5568061512378986],[-76.859116493336018,5.5569413775226737],[-76.859215169351657,5.5572028499367292],[-76.859332592038271,5.5574822989080941],[-76.859458231664235,5.5577255774605216],[-76.859585411214297,5.5579327220885837],[-76.85974784636106,5.5581035698463044],[-76.859909878206892,5.5582834526471867],[-76.860049176948266,5.5584408609342537],[-76.860189206128609,5.5588692360280145],[-76.860261823450003,5.5593205068813534],[-76.86039623358252,5.5597624568520736],[-76.860514456852812,5.5600960955335648],[-76.860680215917057,5.5604170419043113],[-76.8607754079909,5.5610680036523457],[-76.860936947616693,5.5611624405884914],[-76.861062744542664,5.5612285992123445],[-76.861151257686487,5.5613411723520834],[-76.861253801996966,5.561695567863179],[-76.861279644175283,5.5619193553059061],[-76.861303242140451,5.5621063944661744],[-76.861322126314008,5.5622878525002584],[-76.861517914645773,5.5624190712513339],[-76.861758886869183,5.5624776361891817],[-76.861969873889109,5.5624864863774892],[-76.86214251021957,5.5624865726066295],[-76.862302717291399,5.5624701905056728],[-76.862489675310798,5.5624493456189494],[-76.86269194648996,5.5624064822958541],[-76.862932236439789,5.5623580176578571],[-76.86324083893976,5.5623253061475637],[-76.86340890957662,5.5623321897880276]]],[[[-76.896921554361441,5.6619569612636305],[-76.897206765483332,5.661982669110083],[-76.897456915193274,5.6619724185779097],[-76.897937245423094,5.6619068560006838],[-76.898267995419843,5.6618962149496577],[-76.898508860252235,5.661849881022297],[-76.898738169277252,5.6615958679263221],[-76.898934702824107,5.661351049023617],[-76.899405026375121,5.6609513499207527],[-76.899714242140405,5.660814361982081],[-76.900047597649319,5.6605417790393133],[-76.900390670565017,5.6603955976665228],[-76.900621249726271,5.6600693223909202],[-76.900751908587864,5.6595899937489058],[-76.900686840123697,5.6590754851704048],[-76.900509499941123,5.6584079816325952],[-76.900123245496175,5.6578860102423532],[-76.899878986062916,5.6577155894953082],[-76.899610430798788,5.6575362575937724],[-76.899096945056499,5.6571413499742382],[-76.898927065953075,5.6569705704406381],[-76.898609202968245,5.6567372839453052],[-76.898437935786362,5.6565032851893431],[-76.898303595570695,5.6562239478050058],[-76.8982911158012,5.6558627282589331],[-76.898358644472665,5.6555462798830449],[-76.898436058925085,5.6553164001472815],[-76.898480400294702,5.6552381484901035],[-76.89841660985897,5.6551914930216691],[-76.898193022280552,5.6549515143756564],[-76.897967434689022,5.6546150880362607],[-76.897897325749355,5.6545105667651345],[-76.897815493232116,5.6544433154579723],[-76.897722948493239,5.654434731482227],[-76.897618995125953,5.6544723598799882],[-76.89751062649168,5.6545470393661512],[-76.897351586514176,5.654697202210941],[-76.897203413026617,5.6548741363815891],[-76.897036139022774,5.6551476266482403],[-76.896972293589911,5.6553126817578638],[-76.896931003600059,5.6554808755110892],[-76.896922346522246,5.6556486439441045],[-76.896976300044926,5.655860631727486],[-76.897078705011154,5.6560618222064258],[-76.897329206959967,5.6564046302782192],[-76.897376157181426,5.6565114301285053],[-76.897377635873653,5.6566114089595194],[-76.897352637838992,5.6566624721967056],[-76.897311896320304,5.6567026832737985],[-76.897208475406757,5.656756200041765],[-76.897010447895482,5.6568050339887375],[-76.896487510700197,5.6568778457477835],[-76.896307175629303,5.6569494428366252],[-76.896177895090418,5.6570627004191874],[-76.896117406516993,5.6571767088941218],[-76.896095258561161,5.6573131982634708],[-76.896108334683532,5.6574441017054449],[-76.896207026686071,5.6578092353205918],[-76.89621905473885,5.6579472781103686],[-76.896208715508379,5.6580087458015713],[-76.896159843881861,5.658119716357116],[-76.896081817255975,5.6582049948331541],[-76.896029221229426,5.6582351474778179],[-76.89591308742466,5.6582527820536113],[-76.895868371605388,5.6582350258247516],[-76.895793576142097,5.6582053129140704],[-76.895681229821434,5.658110932005342],[-76.89559216354111,5.6580018977566748],[-76.895447245566672,5.6577539513802151],[-76.895130743993462,5.6570203738579616],[-76.894804269213864,5.6563864652712832],[-76.89471215702936,5.6562439365666197],[-76.894619490048541,5.6561356438872892],[-76.89456617802054,5.6560928172221887],[-76.894452859625659,5.6560399892736886],[-76.894244997695026,5.6560123675944887],[-76.894021526106073,5.6560385613804973],[-76.893800528028919,5.6561283300370935],[-76.893619015295315,5.6562734528025311],[-76.893548373569288,5.656394103857771],[-76.893536432212883,5.6564605468253193],[-76.893612409429792,5.6568460272860968],[-76.893611575864782,5.6570464501573374],[-76.893574437907532,5.6571598024329894],[-76.893489706636245,5.6572572171071753],[-76.89342820037983,5.6572905743867192],[-76.893281420266831,5.6573282276228376],[-76.893031281491346,5.6573402817425817],[-76.89277392257263,5.6573132615198469],[-76.892558466565504,5.6572452124296433],[-76.892411110020205,5.6571630134042605],[-76.892328269178662,5.6570917019570341],[-76.892231586269162,5.6569363678708084],[-76.892193984687793,5.6568052257954085],[-76.892178254606549,5.6566473296970283],[-76.892222632762795,5.656091825328569],[-76.892348559100071,5.6559373975550349],[-76.892449325354661,5.6557811062880345],[-76.893167166886485,5.6552373246908969],[-76.893204034558224,5.6551426706340626],[-76.893318556644942,5.6548482134416505],[-76.893597225128715,5.654323001686671],[-76.8940023071833,5.6537249212799887],[-76.894323267329085,5.6534433702241396],[-76.894828714742175,5.6529802811703567],[-76.895244696738601,5.6524363416647798],[-76.895382525119288,5.6522640626488467],[-76.895635415978134,5.6520009963816369],[-76.895774022341101,5.6517654891686506],[-76.895892935988641,5.6512049282817554],[-76.895896522321351,5.6501391332851005],[-76.895990666011016,5.6491361219710718],[-76.896212929942919,5.6483763532688327],[-76.896907222185575,5.6472349504955126],[-76.897451358159174,5.6463832989563842],[-76.897967676199713,5.645838871880497],[-76.898672114647269,5.6449322501781412],[-76.899054275100355,5.6447226598569893],[-76.899253946555646,5.6442881544535615],[-76.899235875539517,5.6439450259561594],[-76.899200208567578,5.64343046560343],[-76.899218806426433,5.6429697432890773],[-76.8992915936673,5.6427526245364286],[-76.89940018172193,5.6424992003199517],[-76.899654888970417,5.642389580137726],[-76.900311522922465,5.6421876869613703],[-76.901080975099262,5.6423645899892936],[-76.902471839928509,5.6424210564864818],[-76.903666924548091,5.6425236280846462],[-76.905038516153923,5.6424356708398724],[-76.906230398695854,5.642231168203514],[-76.907388289419885,5.6420087669566401],[-76.908259211856958,5.6418419496211216],[-76.909410076767145,5.6418995667294949],[-76.91065312901739,5.6419115760616512],[-76.912887356698221,5.6411240279498385],[-76.914080863444184,5.6407930585142223],[-76.915114697031157,5.6405351227289664],[-76.915904319577919,5.6404680430974281],[-76.916803327721951,5.6405359093999401],[-76.918183713196058,5.6409807589500627],[-76.918992566683372,5.6410309956839084],[-76.920183883716646,5.6408445370606461],[-76.9212957381488,5.6401888077194213],[-76.921840036646913,5.6398429369243628],[-76.922943053333313,5.6395575527770614],[-76.924283567722426,5.6393342303857885],[-76.925792565032665,5.639236613507153],[-76.926228195861228,5.6391441604441503],[-76.92695133370799,5.6389599837058473],[-76.927868708847328,5.6387477567048157],[-76.928866809641747,5.6385622281697918],[-76.929801108203279,5.6385847410250749],[-76.930473419088059,5.638608540278919],[-76.931088391231043,5.6386506817075892],[-76.932965211140029,5.6384247108140215],[-76.934367258822945,5.6384539510530631],[-76.935524742291676,5.6382676299635444],[-76.93640653021474,5.6376942980119207],[-76.93701303080725,5.6367068610988813],[-76.937583455052561,5.6353674573792603],[-76.938262768223623,5.6341719344358898],[-76.939026479516414,5.6332921063513499],[-76.939537221382665,5.6328922018926031],[-76.940398681915227,5.632662173507029],[-76.941163385118628,5.632685508668092],[-76.941822019434298,5.6327906502272516],[-76.942548532102435,5.6329496442830767],[-76.944132747911397,5.6334927759585245],[-76.944914204394962,5.6337147211484959],[-76.946029765692444,5.6338266331862865],[-76.946658711446759,5.6337422509119142],[-76.948017056432619,5.6337266103290613],[-76.948574588876184,5.6337870822596221],[-76.949277976485462,5.633937148710503],[-76.950587744502428,5.6349331939888225],[-76.951372646133848,5.6355073389834605],[-76.952541428580091,5.6357905770385557],[-76.954522172568105,5.635515801312236],[-76.954728119042329,5.63548714454899],[-76.955147190228985,5.6354773058973135],[-76.955392642862549,5.6354890990834265],[-76.955392633775134,5.6345905481286156],[-76.955571112353411,5.6335793059878538],[-76.955781801196125,5.6332983487004089],[-76.955781890834558,5.6328799547876525],[-76.956212021298455,5.6317316086699645],[-76.957073279413819,5.6296090299645458],[-76.957098471023073,5.6295224516775866],[-76.957210980341884,5.6291357895797027],[-76.957259133553976,5.6289702973753482],[-76.957327318183573,5.6287359637924066],[-76.95735294461852,5.6286807177902141],[-76.95735340383338,5.6286797251169487],[-76.95755589966771,5.6282431788905223],[-76.957564593666049,5.6282241205860908],[-76.958004208032435,5.6269587874967515],[-76.958551563377853,5.6248976727520912],[-76.958585959729035,5.6247633793348211],[-76.958598156292851,5.6247157628326212],[-76.958602548124034,5.6246986135896],[-76.958610437586884,5.6246650868175863],[-76.958647967394441,5.6245056171433454],[-76.958722250011164,5.6241899813079259],[-76.958791366029274,5.6238201765730809],[-76.959008317361494,5.6218986869370191],[-76.958793871655189,5.6195299859439709],[-76.95822133611307,5.6165152109751384],[-76.958091308633144,5.6150976268580193],[-76.958064646739842,5.6149594032740202],[-76.957979490373731,5.6144804837192135],[-76.957967163842213,5.6144111633018507],[-76.957962095910688,5.6143648187794435],[-76.957918739169429,5.6139612738772335],[-76.957924020202171,5.6137192882723062],[-76.957935073681497,5.6132126461510756],[-76.957944364610796,5.6127868449890093],[-76.957951238249947,5.6122793184126731],[-76.957996476911674,5.6116195814967558],[-76.958044102602258,5.6075429858751002],[-76.958095146373736,5.6069018001064093],[-76.958099444885931,5.6067783651146739],[-76.958112647070053,5.6063992658703743],[-76.958130708370305,5.6061940301865762],[-76.958144876749088,5.6060330391817939],[-76.958181633031188,5.6056001216946401],[-76.958188441632444,5.6055312015703551],[-76.958218375889416,5.6052282431980442],[-76.958251173313414,5.6049418485632296],[-76.958295517288562,5.6043848292842293],[-76.958323885336441,5.6036405003284768],[-76.95830745210769,5.6035802444498142],[-76.95832758904146,5.6035433259112954],[-76.958403573486507,5.6015496384785104],[-76.958436623792508,5.6014173079755594],[-76.958436910364824,5.6013726606797407],[-76.958482700973022,5.6010073555389184],[-76.958530140580649,5.600628907863558],[-76.959320547344518,5.6002639643857117],[-76.959517989518005,5.600260613908743],[-76.959729540517245,5.6002346574372268],[-76.960037583268658,5.6000696888250614],[-76.96017243453295,5.599931812979424],[-76.96036202300202,5.5997125618171681],[-76.960449492442038,5.5995599829012708],[-76.960709602721991,5.5992977923903045],[-76.960919480004961,5.5991768866033409],[-76.961088166142787,5.5990989257384642],[-76.961125401374844,5.5990842385798762],[-76.961148534514919,5.5990661581789603],[-76.961281769545593,5.5989459363760252],[-76.961376479044318,5.5988604795083612],[-76.961659720915478,5.5985881205619679],[-76.961916426329097,5.5984242704865572],[-76.962121788691093,5.59830788429334],[-76.962256633890163,5.5982027873514673],[-76.962534801609024,5.5979066911551287],[-76.962664022960666,5.5977122959916343],[-76.962687496931139,5.5976636619657878],[-76.962778586108726,5.5974749440161906],[-76.962854237102192,5.5971686333516573],[-76.962942880065754,5.5967775500839014],[-76.963013459915743,5.5964384581302804],[-76.96306034571532,5.5961084045208436],[-76.963087140927826,5.5959125585952734],[-76.963169136176148,5.5952700802886168],[-76.963169711385262,5.5923989781320618],[-76.963289904277232,5.5918726253470092],[-76.963291895378973,5.5918492835295419],[-76.96329814248277,5.591632257287328],[-76.963300992805131,5.5914819210236759],[-76.963331484790316,5.5913315910232342],[-76.963347878774059,5.5911484765731041],[-76.963355796717934,5.5910490062300653],[-76.963359757219564,5.5909834473538975],[-76.963376143769935,5.5908421565989848],[-76.96358321406926,5.5906274297713914],[-76.963702884621696,5.5902304250946608],[-76.963815008045458,5.5898151153063118],[-76.963954753561111,5.5889008820441601],[-76.963998836861791,5.5884444165903444],[-76.964039517863881,5.5880231878778366],[-76.964171638528086,5.5874071709531696],[-76.964211976405352,5.5872180975455032],[-76.964281286193625,5.5867646615344126],[-76.9644254345815,5.5823862574282535],[-76.964459631144436,5.582073206821148],[-76.964457015800619,5.5818357194594235],[-76.9644629639903,5.5817212903368638],[-76.96450684131112,5.5808771910118224],[-76.964587638710867,5.580143628962599],[-76.964630593969389,5.5797536446063489],[-76.964677355371222,5.5794250937486689],[-76.964783106092582,5.5786821000624487],[-76.964888959689247,5.578142899464817],[-76.964891944438762,5.5781155838028305],[-76.964921851403062,5.577975360598038],[-76.965069588771271,5.5772228114036668],[-76.963958663923918,5.5759189793901935],[-76.963720693750901,5.5751456950802414],[-76.962887914771301,5.5744912922838132],[-76.962174123906465,5.573836939974214],[-76.961955880637461,5.5735968983002344],[-76.961579233610408,5.5731826322347358],[-76.960448976390509,5.5727662178169144],[-76.959437670848843,5.572230816432298],[-76.958723859122856,5.5712195263192656],[-76.958247932540132,5.5702082453227026],[-76.957831556246333,5.5690779964626982],[-76.957653105691406,5.5680667937057118],[-76.957653085866042,5.5671744749190823],[-76.957653104049925,5.566401103491553],[-76.957891041354671,5.5654493673948089],[-76.958129027060011,5.5643785980616363],[-76.958545377340542,5.5637837313221583],[-76.958723825215557,5.5631293358299976],[-76.959616177160314,5.5627129543479352],[-76.960092056038789,5.5622371040882692],[-76.961222278456404,5.5615232314261274],[-76.961936159503125,5.5608689282379498],[-76.962650005585076,5.5603929976153568],[-76.962887952023493,5.5595006936561111],[-76.963185316355734,5.558370478759425],[-76.963661213920943,5.5574186684979026],[-76.963899167978127,5.556823773035461],[-76.964018156779687,5.5554556393686196],[-76.964553568748741,5.5531951448405446],[-76.964672501888515,5.5524812552154321],[-76.964732043689224,5.5513808358157952],[-76.964791509938181,5.550191094433548],[-76.964969980565826,5.5490608331328293],[-76.965088946771971,5.5481684821930815],[-76.965326880145398,5.547514160337732],[-76.96550528655672,5.5467408250804295],[-76.965743255599364,5.545908040862277],[-76.965981202550509,5.5450157410260275],[-76.965981245312051,5.5443018920529559],[-76.965921740154982,5.5434095990388119],[-76.965862203341473,5.5426957687449017],[-76.965743240639185,5.5416250342365903],[-76.965743227891195,5.5407327218021685],[-76.966100192865923,5.5396619218591328],[-76.966219109397215,5.5385911984059302],[-76.966338163323584,5.5377167305706605],[-76.966338101654145,5.5369434539754323],[-76.966338133415533,5.536467493681446],[-76.966100220521014,5.5357537210481658],[-76.965862272842202,5.5352183196249563],[-76.965624308968401,5.5346234017366891],[-76.965683776068403,5.5339690496284613],[-76.966278633606962,5.5332552814820168],[-76.966397626533023,5.53271985593019],[-76.966278642609012,5.5321249897180991],[-76.966397597592362,5.5308758036508978],[-76.966397596363308,5.5305783982322518],[-76.966695039421893,5.5299834891280648],[-76.96669503587654,5.5293885836977692],[-76.966814013170691,5.5287937322417875],[-76.96687354900007,5.5278003389482659],[-76.966219146832827,5.52714594237551],[-76.965981244002847,5.5264321694664673],[-76.966219128278453,5.5255992985831286],[-76.966397648685657,5.5239931706328189],[-76.96645706762088,5.5228629510714882],[-76.966278640151131,5.5217922325957201],[-76.966695081283305,5.5197696783958152],[-76.966695053065834,5.5181635192411163],[-76.966695040761721,5.5172117789228929],[-76.966457073478708,5.5165573387444224],[-76.966100151503639,5.5159625441245375],[-76.965862208122005,5.5150702140870846],[-76.965683790355953,5.5139994918944257],[-76.965683748308834,5.5129287172804977],[-76.965564779517123,5.5123338481980992],[-76.965743305821945,5.5116200336943608],[-76.965981191257001,5.5110846653334686],[-76.966516625850176,5.5100139094704614],[-76.966754553382472,5.5090025795765651],[-76.966754543034739,5.5083482472864747],[-76.966754500324896,5.5075748811687957],[-76.966695040320374,5.505790364715982],[-76.966873549259361,5.5050170352543324],[-76.96717094742327,5.5039462621745514],[-76.967230416361062,5.5029349888725463],[-76.967230391904877,5.5022211390874389],[-76.967230459067309,5.5015072895858994],[-76.967111447074032,5.5007339579427876],[-76.966992524561945,5.4991575457928459],[-76.966932951644139,5.498205821964496],[-76.967052000168124,5.4971945303749949],[-76.967051970980435,5.4961237562117669],[-76.967052009393996,5.4952909611363987],[-76.966933026969045,5.4942796485327392],[-76.966873523727728,5.49225715088724],[-76.966754519883096,5.4914838164445339],[-76.9663380971175,5.4910674054885726],[-76.965683821591497,5.4906509650891806],[-76.964732037519269,5.4905915349391226],[-76.963482800042627,5.4907699868612498],[-76.96247153173563,5.4910674058185807],[-76.961817163675803,5.4913053865433303],[-76.960984318709436,5.4914838103367307],[-76.960448993217554,5.4916622398103012],[-76.959556704151595,5.4916623038530794],[-76.958902343468239,5.491602781308913],[-76.95783754375428,5.4912458450838795],[-76.957183180391439,5.4908294856811928],[-76.956766788729809,5.4901750774829239],[-76.956171929646487,5.4898182180051105],[-76.955636481681353,5.4902346267271511],[-76.955458040034003,5.4902941032529569],[-76.954803709760967,5.4903536130942161],[-76.953970889940408,5.4902940441073689],[-76.952959626692632,5.4899371965268253],[-76.952602682627187,5.4894612336196067],[-76.952364755493292,5.4888069560874984],[-76.951948309455815,5.4882715780590621],[-76.95117501181916,5.4876171649660588],[-76.950461181048141,5.4876171646606124],[-76.950104279692198,5.487676683668103],[-76.94962833983665,5.4882120202294722],[-76.94944990923922,5.4886879421602099],[-76.948973986104008,5.4889258681431716],[-76.948141193796076,5.4889854141427259],[-76.947486817479955,5.4888663604847521],[-76.946891944730623,5.4884499693461102],[-76.946832539842347,5.4880336237637284],[-76.946713500955596,5.4873792184293189],[-76.94653504009986,5.4866058834110634],[-76.946535085239077,5.4856541256211244],[-76.946535049448613,5.4851187286290575],[-76.946535082185193,5.4841074524185451],[-76.946594575036542,5.4829772177568445],[-76.946654005478749,5.4819659284880364],[-76.946654033908189,5.48131158355437],[-76.947070445590271,5.4796162388558329],[-76.947427411950258,5.4790808470540195],[-76.948022232276628,5.4777721974214888],[-76.948081747216975,5.4771178391241513],[-76.948081747786162,5.4763444595813722],[-76.948081683591369,5.4752737567263683],[-76.948319659740761,5.4742624254447447],[-76.948557619759157,5.4727753064065254],[-76.949449877816477,5.4719424674690496],[-76.949747322508628,5.471645075186804],[-76.950461153593551,5.470931222597156],[-76.950758617541794,5.4703363279117507],[-76.950758646988163,5.4696819860372567],[-76.95052067286997,5.4687302000374443],[-76.949925816034792,5.4682542824835974],[-76.94944993851658,5.4678379462890705],[-76.9487360602987,5.4671240711967002],[-76.948438634559324,5.4662912411795022],[-76.948438619756956,5.4658153652490231],[-76.948498151724792,5.4652205261919091],[-76.948855012499678,5.4642092608016206],[-76.949271483637034,5.463376444530871],[-76.949390422502034,5.4628410220672521],[-76.949390382040562,5.4622461987031192],[-76.949390431493626,5.4616512826462449],[-76.949390456197875,5.460937511627411],[-76.950104303908134,5.4599262564500881],[-76.950104264217273,5.4593313423650409],[-76.949806795812492,5.4586769763257301],[-76.949568899490615,5.4580225977315084],[-76.949330955971405,5.4575467757025304],[-76.949271473189683,5.4567139811654837],[-76.949271475136939,5.4558810823162895],[-76.949687869084798,5.4555242381889908],[-76.950038180603855,5.4551738989562493],[-76.949989669414464,5.4551175240527945],[-76.949833277600774,5.4549357851497406],[-76.949567134400766,5.4546667040507595],[-76.949342143649687,5.4544869292479756],[-76.949131244471403,5.4543501112593589],[-76.948869023781015,5.4542076290982884],[-76.94851712296115,5.454088867442648],[-76.948465803447661,5.4540741618359956],[-76.948221619563057,5.4539848102449042],[-76.94796390005196,5.4538886746920454],[-76.947362719919624,5.4537743794090172],[-76.94707621915768,5.453767535013438],[-76.946803813023934,5.4537810401794005],[-76.946577636791673,5.4538691587433634],[-76.946407857341129,5.4539629416038125],[-76.946223968965654,5.45410306591317],[-76.946091975286421,5.4542058993468707],[-76.945884393967916,5.4543697556238593],[-76.945658202696023,5.4545279556834618],[-76.945450618997128,5.454700854443125],[-76.945153337625939,5.4549867696822796],[-76.944926575731728,5.4551788798078338],[-76.944867687621553,5.4552370120473093],[-76.944770882352501,5.4553325744895957],[-76.944525512880162,5.4554964217735842],[-76.944226805803027,5.4556588777716639],[-76.94414415279897,5.4557301696023037],[-76.944107736525439,5.4557404535130081],[-76.943389477699171,5.4562761152804624],[-76.943330191027997,5.4562882351082331],[-76.94261488601957,5.4564344809072827],[-76.942608951660119,5.4564760159957979],[-76.94171662615166,5.4574277876137849],[-76.941181329020694,5.4581415874142216],[-76.940943348270011,5.4587959855507941],[-76.940467477753316,5.4596882415968722],[-76.940169987644168,5.4602236123669288],[-76.939753602946382,5.4611159463753047],[-76.939099256057389,5.4618892909210688],[-76.938801830468464,5.4631979619881701],[-76.938801833470791,5.4640902962155593],[-76.938444886347853,5.465220512421749],[-76.937909479665308,5.4658748879127188],[-76.937255152322976,5.4667671818389323],[-76.93689827433208,5.4673619980987187],[-76.936303405139185,5.4681353325800641],[-76.936303382980412,5.4689086311082722],[-76.936303401943604,5.4694440330685907],[-76.936184452432428,5.4699794603819036],[-76.935649013498335,5.4711215509102598],[-76.935411113211856,5.4721923154864314],[-76.934280871497293,5.4738579251644932],[-76.934161907849685,5.4756425365149886],[-76.933566985091602,5.4770702264112021],[-76.933507478186257,5.4778435375871153],[-76.933269605093855,5.4786168908970287],[-76.93261522669404,5.4793307238355462],[-76.931960879001849,5.4806393882005189],[-76.930890079875155,5.4826024986834216],[-76.930295216144344,5.4839111523197719],[-76.930295294450545,5.4851604309991879],[-76.930116750468514,5.4860527202307789],[-76.929165016606717,5.4867665295389987],[-76.929076643053477,5.4868372309793623],[-76.929094398943235,5.4870556621500244],[-76.929237851626013,5.4877753560044269],[-76.929251723897593,5.4880126897674719],[-76.929467353799978,5.4891379167925418],[-76.92910542324104,5.4907463214298406],[-76.929001910561169,5.4908422617495853],[-76.928986356537891,5.4908976212641134],[-76.928449011111056,5.4913640405323907],[-76.928435230466334,5.4913674882975476],[-76.928175145935711,5.4916085495433542],[-76.927685552021813,5.4917180711481368],[-76.927062905027739,5.4916082703055329],[-76.927050952505695,5.4916085440211342],[-76.927023515425006,5.492596215087695],[-76.927082954991263,5.4940833791555681],[-76.927082984778551,5.4955110389145982],[-76.926845004043614,5.4962248748047982],[-76.926131220711625,5.4969982479475723],[-76.925833776278367,5.4978310458716795],[-76.925298390222764,5.4987233283819767],[-76.925655290056511,5.4994371247502931],[-76.924822523821163,5.5006268913202874],[-76.924525077990722,5.5014596929146444],[-76.923763594433126,5.5026851578320555],[-76.922752329266459,5.5033394674503047],[-76.920789315936361,5.5039343744520384],[-76.920313384262528,5.5047076978258955],[-76.919540045817001,5.5065517215824338],[-76.919242668595132,5.5073250953686346],[-76.91959955560614,5.5092286619461914],[-76.919123671261715,5.5102398871927933],[-76.918885727895045,5.5120245458360015],[-76.917993396136822,5.5133927107080405],[-76.917814985217802,5.5141065400149376],[-76.917695988554044,5.5152962454069225],[-76.917695986525388,5.5161290743563276],[-76.91817191794901,5.5178541476367018],[-76.918885758205406,5.5188654635238024],[-76.918766789825085,5.5197577511070515],[-76.918766766499132,5.5204716294737937],[-76.918707302673994,5.5210069626650231],[-76.918290908413354,5.5220182667731441],[-76.917517536485036,5.5220776936492664],[-76.916803732605246,5.5220777638161493],[-76.916208822217243,5.5220777200846518],[-76.915911430366407,5.5227915763597712],[-76.915851951214478,5.5236838498171341],[-76.915792473002782,5.5241597545340673],[-76.915851934293087,5.5248914138351175],[-76.915792405090443,5.5255457886749584],[-76.915554530885174,5.5267950443725811],[-76.915495043643645,5.5276277996246881],[-76.915257083427861,5.5297098860738334],[-76.914424237479679,5.5307211102378888],[-76.91382937347457,5.5317918886953397],[-76.913650965546083,5.5329220918934165],[-76.913278168030089,5.5332249948177381],[-76.91269916582155,5.5336954420572404],[-76.91257754626605,5.5338233740396809],[-76.912355436004106,5.5340869114179139],[-76.912527615106029,5.5342211725564079],[-76.912714435049281,5.5341679067642318],[-76.912869004629968,5.5341069110689807],[-76.913131318134276,5.5339996000817679],[-76.913148585676979,5.533993163668141],[-76.914075384947111,5.5334577585058975],[-76.915364860199034,5.5333145653711417],[-76.915850568381856,5.5333755365323674],[-76.915882955786827,5.5333741413079203],[-76.915967889586526,5.5333684437491755],[-76.91608432833165,5.5333606317353876],[-76.91615993148595,5.5332871801589372],[-76.916285725842087,5.5332476516299529],[-76.916421657678455,5.5332669048087828],[-76.916562663881265,5.5332952014468804],[-76.916839027453648,5.5333834441131788],[-76.917270484230201,5.5335576342492967],[-76.917669216854335,5.53375894563474],[-76.918020570951199,5.5339568518962672],[-76.918395613210023,5.5341671976126507],[-76.918737951820361,5.5343278000129033],[-76.918870771754129,5.5343740729629634],[-76.919085379635078,5.5344488404407288],[-76.919254817251016,5.5345347789052566],[-76.919326198430483,5.5345709828176295],[-76.920212346015418,5.5349071859012966],[-76.920232546744984,5.5349148515085949],[-76.920636952386445,5.5350076473806435],[-76.920671357251294,5.5350144378584085],[-76.92075480432527,5.5351216210872138],[-76.920890691026116,5.5352961575548845],[-76.921010241570713,5.5354497136540894],[-76.92170564033799,5.5357765682820306],[-76.922660005486094,5.5358548121625262],[-76.923255343800335,5.5361293623205681],[-76.923387262349706,5.5361519662046845],[-76.923457886334376,5.5362227667396198],[-76.923582131109697,5.5362800644142816],[-76.923750766388068,5.5363501906491743],[-76.923764832511253,5.5364869663651666],[-76.923849412754109,5.5365988940341566],[-76.923999411327998,5.5367537908702245],[-76.924656353185767,5.5374864287625076],[-76.925022317776737,5.5379137951197688],[-76.925322316658495,5.5382326325500033],[-76.925815168812477,5.5387685451589839],[-76.926429817594496,5.5394717817827432],[-76.926907940829594,5.540009143291484],[-76.927081687186742,5.5402044156851327],[-76.927785452946083,5.540937062340908],[-76.928034879147674,5.5411419375520712],[-76.929689656800761,5.5422188150051515],[-76.931265514327848,5.5427934348979955],[-76.932794457139849,5.5432464117592293],[-76.934495765114931,5.5434860834213859],[-76.937092574768684,5.5435465195518594],[-76.939037953031814,5.5432977940491552],[-76.939790160119031,5.5429211736030837],[-76.940132432704971,5.5425919075367416],[-76.940506798712605,5.542042035424636],[-76.941330625537546,5.5420063415594623],[-76.941496093043753,5.5425317835556553],[-76.941601805054091,5.5426065343963407],[-76.941629066411494,5.5431921447313028],[-76.941688447077098,5.54354964407651],[-76.941572966665959,5.5440944909239533],[-76.941542160154057,5.5444331714786683],[-76.941460284049455,5.5446261351716837],[-76.941437439453281,5.5447339161379601],[-76.941379195803094,5.5448172445075219],[-76.94122289004234,5.5451856251586271],[-76.941181525653604,5.5452831130111466],[-76.940951213457467,5.545663736837585],[-76.940849163488892,5.5458323875991899],[-76.940455922076325,5.5462075741444119],[-76.939869757700933,5.5466301892083205],[-76.939279639937041,5.5470629764849395],[-76.93863311935884,5.5474754049001387],[-76.937991126120224,5.5478279237697361],[-76.937746709565133,5.5479638379912339],[-76.937011771050408,5.5483725217609896],[-76.936458345876673,5.5486775856582611],[-76.936017756190893,5.5488888561179932],[-76.935446288637579,5.5491520903826013],[-76.934926148400848,5.5494300309963585],[-76.934561771694533,5.5496772938324792],[-76.934310251112876,5.5498479725222643],[-76.933627639056823,5.5503665635945465],[-76.931872134481708,5.5519093405105799],[-76.931750545608978,5.5519883195677222],[-76.931618339670607,5.5521058990011261],[-76.931574882758341,5.5521328973558797],[-76.931198369965713,5.552366816708739],[-76.931065462887631,5.5524493888756519],[-76.930757406540607,5.5526334180690595],[-76.930546620624966,5.5527703357365255],[-76.930529789980412,5.552769394164871],[-76.930527266862143,5.5527709016700086],[-76.930507510948686,5.5527827033306982],[-76.930151532872969,5.5529702533948493],[-76.929987378480277,5.5530075154511085],[-76.929996436441343,5.5528763955776839],[-76.929994382514536,5.5527394555477265],[-76.92990189145489,5.5527342830588617],[-76.929723089251809,5.5515857959089718],[-76.929616045552336,5.54997077356267],[-76.929452610511788,5.5492329821484541],[-76.92944349852732,5.5491918503790778],[-76.929332886837287,5.5491483305626366],[-76.929126240942551,5.5491652412316981],[-76.929098792625069,5.5491674870409193],[-76.928690931159622,5.5493177209321001],[-76.928315795877154,5.5494306617183797],[-76.928030363470114,5.5494769334085641],[-76.927720696143624,5.5494497277046211],[-76.927364232283054,5.5493320799280408],[-76.926918663122919,5.5491488493618855],[-76.926571795854258,5.5490029454810381],[-76.92610464357179,5.5488418984264216],[-76.926013978742546,5.5488106429946793],[-76.925572923647039,5.5486274142291414],[-76.925503576480978,5.5486130575905168],[-76.92538980098503,5.5486059026665169],[-76.92481667513222,5.548713417323845],[-76.924315185476061,5.5488209511494269],[-76.924130241674121,5.548882666431787],[-76.924021646861618,5.548942380854367],[-76.923698403640358,5.5490643744845771],[-76.923564539389162,5.5491049949626996],[-76.92351098090505,5.5491212466650035],[-76.923133038877936,5.5493230798802005],[-76.922559902867889,5.5494664812982935],[-76.921771892737553,5.5494662700392077],[-76.921091282034396,5.5496814193790014],[-76.920159724928098,5.5506860521608345],[-76.919084801402136,5.5520136426276947],[-76.918189047570365,5.553054170556095],[-76.916755906062505,5.554453434960962],[-76.916075046690779,5.5555299088080936],[-76.916087749372807,5.5556703487581229],[-76.916112624159226,5.5558591549984673],[-76.916160237862755,5.5560154982897556],[-76.916277187695741,5.5563995076170318],[-76.916502677095124,5.5569206600738221],[-76.916802590910024,5.5575684335189202],[-76.917319061825779,5.5584039036178492],[-76.917758975224686,5.5590000224902143],[-76.91776959618042,5.5590144148486278],[-76.917872119438996,5.559160568738303],[-76.918210537738545,5.5596430102094656],[-76.918787959765851,5.5603756331589809],[-76.919407097813433,5.5612167803593415],[-76.919832112252308,5.5619203605875214],[-76.919979389263005,5.5621641666958945],[-76.920122683479804,5.5623479236346176],[-76.920312648877911,5.562591528453166],[-76.920810332935048,5.5629546867027528],[-76.920988291519677,5.5630845421319979],[-76.921649276917734,5.5635402476916704],[-76.922217190758573,5.5639959288449594],[-76.922303930235003,5.5640306767057153],[-76.922685896229652,5.5641836908409195],[-76.923134301153283,5.564358971101993],[-76.923441130616283,5.564478909344249],[-76.924055330528134,5.5648215672110855],[-76.924267525434033,5.5649256238959692],[-76.925040100212286,5.5653044820915349],[-76.925180941110355,5.5653782300775934],[-76.925748497317201,5.5656754200535223],[-76.926121950475022,5.565916163524852],[-76.926173281671893,5.5659403821202806],[-76.927247739543787,5.5664431063658011],[-76.927964022416759,5.5668739582477853],[-76.927951972349703,5.5669161719737827],[-76.928193137447067,5.5670498414732847],[-76.928347441277253,5.5671353660862408],[-76.928256714461952,5.5671829869826901],[-76.927571642256325,5.5675425702905406],[-76.927068269018491,5.5678786100676536],[-76.92647240664283,5.5682515242351611],[-76.925853705826029,5.5689478127427048],[-76.925741823182136,5.5691456384683953],[-76.925675373739054,5.5692631342874472],[-76.925497621657783,5.5695072448886576],[-76.925114507029974,5.569885813141533],[-76.924898387173073,5.5704293107879232],[-76.924876306105787,5.5704848382003727],[-76.924975691312511,5.5706807965658882],[-76.925146933282889,5.5710184341418048],[-76.925132812103129,5.5710896425657044],[-76.925118683843493,5.5711879790023646],[-76.925105120059271,5.5712908379676538],[-76.925105103456289,5.5713559758908282],[-76.925105087045338,5.5714185667004541],[-76.92513326456104,5.5715259577755898],[-76.925145201000205,5.5715540588612615],[-76.925185128251186,5.5716480490450495],[-76.925260126425044,5.5717509308377551],[-76.925325544235733,5.5718176373244264],[-76.925358251409023,5.571859470259624],[-76.925438307528438,5.5720335642018659],[-76.925499186493752,5.5721974812078869],[-76.925522836742644,5.5723613875977467],[-76.925519154547857,5.5723912028146039],[-76.92570576097205,5.5730462328809667],[-76.925705709398301,5.5732429133005796],[-76.925729625363928,5.573272503593298],[-76.925786004708002,5.5733855534123045],[-76.925800066371849,5.5735449369477514],[-76.925776892783517,5.5737235257482869],[-76.925705544722277,5.5738706998888974],[-76.925705440785279,5.5742664507309856],[-76.925660868456958,5.5746674068071744],[-76.925682057188766,5.574794188304069],[-76.925688607948842,5.5748391600506269],[-76.925732791607984,5.5749685517476255],[-76.925773852615464,5.5751259644385165],[-76.925787217757374,5.5752540243166608],[-76.925778179706754,5.5753060173845022],[-76.925703097870056,5.5755264164452374],[-76.925590754152282,5.5758688833388241],[-76.925408450764024,5.5762588078587667],[-76.925365952872426,5.5763224986782793],[-76.925155072998578,5.5766385394250984],[-76.924864531838409,5.5767616727300453],[-76.92457907525737,5.5768531574639093],[-76.924513070441535,5.5768734868043044],[-76.92403018544168,5.576940051502512],[-76.923739663509366,5.5769817985644341],[-76.923222671089476,5.5769816629862392],[-76.922409188632898,5.5772443366626776],[-76.921907665400525,5.5773877567984025],[-76.921890633956068,5.5773825026742729],[-76.921873798110383,5.577412350751537],[-76.921817029464094,5.5776249913931233],[-76.921806679356663,5.5776637603110073],[-76.921717174107911,5.577983740424532],[-76.921604662426432,5.5782809807924361],[-76.921334334000406,5.5789213821649088],[-76.920993127650434,5.5790143436548751],[-76.920628563269091,5.5789932556569788],[-76.920332238832387,5.5789718392120653],[-76.919807879815508,5.5788830638138007],[-76.919489058536726,5.578907458442421],[-76.919262253866123,5.5791140281329552],[-76.918831667865291,5.5795725805801588],[-76.918672859944337,5.5797102689628932],[-76.918262792757147,5.5797122549742237],[-76.917966229325472,5.5796223735057771],[-76.917828819736371,5.5794861152528981],[-76.917508988855943,5.579282275031952],[-76.917121177857524,5.5791699861578952],[-76.916301259553563,5.5792196505527833],[-76.915754642780811,5.5792450495503694],[-76.915232148105417,5.5795442688460879],[-76.914960495978875,5.5799108296350681],[-76.914735113113124,5.5804140020425148],[-76.914646658022392,5.5806346257868515],[-76.914552886406454,5.5807803108665315],[-76.914351545905234,5.5809966950709455],[-76.914288434865142,5.5812762669765767],[-76.914029857030172,5.5814563453439563],[-76.913568970165755,5.5816701865355203],[-76.913164299494667,5.5818953195137766],[-76.912737108803938,5.5821429598463972],[-76.912467334345251,5.5823568712868763],[-76.912096304677263,5.5827170488549109],[-76.911646615053968,5.5831223110540282],[-76.911196866467478,5.583629005692675],[-76.910668510894752,5.5839666386125568],[-76.910162651906134,5.5840903780073292],[-76.90944337775386,5.5840000960524705],[-76.909441301124531,5.5839993830313785],[-76.909270661329472,5.5841145533553629],[-76.908796990128408,5.5844262684204287],[-76.908631583221847,5.5846174593356981],[-76.908347913664954,5.5849045074760904],[-76.908150814213343,5.5851411914670459],[-76.907992576342693,5.5852852912143431],[-76.907834639021317,5.5856056028402561],[-76.907745805609636,5.5860853548441272],[-76.907656751012482,5.5865194084364402],[-76.907340423535416,5.5870459600514195],[-76.906888568342595,5.5878470153366742],[-76.906596162894658,5.5886244489788472],[-76.906279636002665,5.5891280610998058],[-76.906053586633263,5.5894944028907787],[-76.90571565720748,5.5902720577039684],[-76.905490267010208,5.5907752302041054],[-76.905286934860939,5.5911413750231169],[-76.905015908587657,5.5916220068654505],[-76.904563046448573,5.5921948292052077],[-76.904133774132589,5.5929500748927206],[-76.903794762892687,5.5935223486142682],[-76.903522968248268,5.5938432114400616],[-76.903044772971967,5.5938911265844284],[-76.902385045691545,5.5940769325846045],[-76.901975728822492,5.5942386808010847],[-76.901452883253086,5.5944694371431058],[-76.900974466445774,5.5944717434040694],[-76.900495063476143,5.5942686656828187],[-76.900174255925208,5.5938821949057109],[-76.899762529709704,5.5935417737776474],[-76.899237385249592,5.5932932116031377],[-76.898734299758146,5.5929076199357368],[-76.898368298736258,5.5925898262493385],[-76.89784195046353,5.5920902715307994],[-76.897612179087162,5.5916805089860633],[-76.897563829630883,5.5911100974983876],[-76.897424104899457,5.5904716637790193],[-76.897081806667515,5.5903592356627483],[-76.896581002013036,5.5904301052286662],[-76.895898573949495,5.5906387733534277],[-76.894623124452096,5.590713452987667],[-76.893528970589585,5.5905816918407325],[-76.892776241424897,5.5903799182317382],[-76.891567485850615,5.5901117742751856],[-76.890518619125658,5.5899114147296327],[-76.889651179722108,5.5895504072457953],[-76.888146610657031,5.5893521365415486],[-76.887897524320366,5.5896728893736523],[-76.887832023928695,5.5902666985546334],[-76.887629858400317,5.590861076662927],[-76.887358835879269,5.5913645602024911],[-76.887065527560722,5.5919593735805275],[-76.886817418065988,5.592485506859032],[-76.886479131010077,5.5931947016408818],[-76.886230368453624,5.5935839124507192],[-76.885730443711921,5.593860251831873],[-76.885298181514585,5.5939763972648375],[-76.884728727679047,5.594001977757836],[-76.884341444897515,5.5940038318474166],[-76.883931463986855,5.5940286457166284],[-76.883704090947248,5.5941210492393658],[-76.883385468601631,5.5941910395762902],[-76.882974811592163,5.594055986395289],[-76.882654450799421,5.593760812694792],[-76.882402311954522,5.5934425520662163],[-76.882127363889879,5.5931242210602425],[-76.879484499839307,5.5930912490288307],[-76.879529247149179,5.5929084023686242],[-76.879618649607536,5.5925428063203322],[-76.879616368328811,5.5920634801963987],[-76.879476785812031,5.5914707339555996],[-76.879223327011175,5.5908556823527045],[-76.878718077875263,5.5900134954510756],[-76.878121673426776,5.5891490760354845],[-76.877753962255966,5.5884888640262753],[-76.877269897811757,5.5873042544682301],[-76.877105653251803,5.5863007519962586],[-76.877216563925813,5.5856611048548039],[-76.877600481445612,5.584951693957394],[-76.878166895759449,5.5842871147300821],[-76.878574069207303,5.5836916697189087],[-76.878912569645891,5.5830053273118017],[-76.879069764912032,5.5825252411051673],[-76.879067594231657,5.5820687650296952],[-76.879254637919132,5.5815144725128549],[-76.879548065603004,5.5810191032257128],[-76.879743432215605,5.5806231062233085],[-76.879741229667104,5.5801785533718746],[-76.879739585458481,5.5798329006477614],[-76.879590574397909,5.5795865826380977],[-76.879588932322221,5.5792409298337224],[-76.879732784429322,5.5784005246030697],[-76.880174380070613,5.57795394608124],[-76.880518759996846,5.5778040880817876],[-76.88076404822823,5.577555978199209],[-76.880762642484328,5.5772596402535202],[-76.880759358418004,5.5765682461634229],[-76.880756778122532,5.5760249731757359],[-76.880804682400623,5.5757284007790329],[-76.880901806050417,5.5754315927739642],[-76.881294792432769,5.575133373680762],[-76.881836084636106,5.5749331708010192],[-76.882228835009457,5.5745855479199449],[-76.882421998875998,5.573745001168799],[-76.883055577126825,5.5722109421668291],[-76.883881847282268,5.5697374385859995],[-76.884803217716183,5.5665226672803421],[-76.885482350360093,5.5641980867813396],[-76.886164670802117,5.5625649005603384],[-76.886501304899042,5.5607852359691661],[-76.886839346231824,5.559301997865016],[-76.887431548658739,5.5576559666312164],[-76.885525658786449,5.5563002876122152],[-76.88475236651766,5.5557054985355059],[-76.884589118071275,5.55555471499222],[-76.883979048950295,5.5549916637315953],[-76.883443673741638,5.554515686115157],[-76.883370497163185,5.5542961961254749],[-76.883369334294102,5.5542927111481708],[-76.883366231697593,5.5542905473232818],[-76.883288558548259,5.5541438064293303],[-76.882726402890171,5.5544814308770185],[-76.882121641907972,5.5547913972503462],[-76.881585084397827,5.5551134133241584],[-76.881454295289416,5.5551919852992224],[-76.880614525904463,5.5558462878766326],[-76.879747583181953,5.5564735333498119],[-76.879159948211026,5.5569369628114558],[-76.878619149992559,5.5575446861190674],[-76.878032093045064,5.558378432659163],[-76.87745427164829,5.559392779982324],[-76.877065572938278,5.560234618004082],[-76.876848929589528,5.5610124150180695],[-76.87659630529734,5.5620342526571616],[-76.876442265825105,5.5628207817400073],[-76.876351656546106,5.5635618501461197],[-76.876423027850791,5.5643562540845588],[-76.87669327402449,5.5652672211425553],[-76.877072854204343,5.566060250250036],[-76.877604441111131,5.5669519088641435],[-76.877956447140235,5.5675373271336674],[-76.878217626664039,5.5679605945366601],[-76.878570026077767,5.5686092370046261],[-76.878858464493689,5.5694388238381887],[-76.879029701615636,5.5704947702593897],[-76.87890304254411,5.5712360129948264],[-76.878686348680688,5.571887358703532],[-76.878586749695558,5.5727458885715739],[-76.878550194281104,5.5734596039460831],[-76.878541994465436,5.5738655667763801],[-76.878531943218476,5.5743629078850114],[-76.878558040086787,5.5754737409379551],[-76.878513097339848,5.5762235344818496],[-76.878323264585248,5.577064429817371],[-76.878015761158238,5.5776710489034285],[-76.877718361201389,5.5780518169906195],[-76.87719390859246,5.5783072160393639],[-76.876698156700428,5.5784360288274524],[-76.876003804927919,5.5787554599579874],[-76.875542625890503,5.5790466876437437],[-76.875118663551831,5.5795816045304552],[-76.874865826675105,5.5801969969130063],[-76.874693961844756,5.5805500695375709],[-76.874360301449826,5.5810032678981507],[-76.874160877312278,5.5812480855413966],[-76.873755009651134,5.5816835649774301],[-76.873294499844917,5.5820018840905137],[-76.872689751361023,5.5823028246266784],[-76.872048943646021,5.5826220007831235],[-76.871309179795801,5.58298671688389],[-76.870712157325187,5.5833960080702383],[-76.869953995910279,5.5841402565095812],[-76.869520967971823,5.5846661855119901],[-76.869186684019851,5.5852368043408269],[-76.868870992419602,5.5859066907560795],[-76.868599487087977,5.5865221737182136],[-76.868419276010911,5.5868843195163667],[-76.868049189228955,5.5875093040514221],[-76.86771455153881,5.5878721860551313],[-76.867461730028964,5.5880359686029228],[-76.867083626955193,5.5882635732476569],[-76.866491342939838,5.5887044520990266],[-76.866388008179513,5.5888901048593604],[-76.866261050318684,5.5893423194125473],[-76.866243449599523,5.5897759529144109],[-76.86623807860687,5.5900694365641019],[-76.866260692222042,5.5902183619577004],[-76.866323655632328,5.5904167704891501],[-76.866416624579287,5.5905924590955323],[-76.86652850056052,5.5908012062679058],[-76.866680346912446,5.5909028174194288],[-76.866801896652021,5.5909835286266292],[-76.866932410094194,5.5910732320379299],[-76.867122222733542,5.5912349074000227],[-76.867284755022567,5.5914599445119402],[-76.86736164311192,5.591762156659577],[-76.867306975511553,5.5920017716208328],[-76.867225700874982,5.5922008661625053],[-76.867117205192955,5.5923820276684699],[-76.867018094736395,5.5925089534327332],[-76.866919488100308,5.5926268389359493],[-76.86670617111011,5.5927949508660797],[-76.866672488175922,5.5931067240201298],[-76.866701829840878,5.5933052945079158],[-76.866674645285499,5.5935041333384703],[-76.866647282505795,5.5936849111932609],[-76.86666039928366,5.5939603288011712],[-76.866764615403426,5.5941314458394631],[-76.866846058378968,5.594252993688813],[-76.867026687433153,5.5944350404726917],[-76.867234163148922,5.5945943725825815],[-76.867355321725725,5.5947066987238356],[-76.867414539150431,5.5948373840041405],[-76.867342081934524,5.595013858912095],[-76.867179804765286,5.5951275347030398],[-76.867008062393026,5.595146416655167],[-76.866751367837736,5.5951973145208154],[-76.866520592320754,5.5952390575035515],[-76.866452706738741,5.5954290604706358],[-76.866412498562028,5.5956189276742823],[-76.866312767256389,5.5958045637751637],[-76.866092096632585,5.5959049676267849],[-76.865942778900759,5.5960140646450318],[-76.865933555610852,5.596217335188018],[-76.866031883052557,5.5963444043337001],[-76.865932556652808,5.5969956497691289],[-76.865641615437667,5.5970869056639314],[-76.865575586595028,5.597345451273215],[-76.865590633681407,5.5981426587625638],[-76.865595070241341,5.5990971674944312],[-76.865554150433951,5.5999170381479537],[-76.865703301978101,5.6006462252535503],[-76.866008711308723,5.6012287054833054],[-76.866525798126915,5.6015631444297114],[-76.867009565794646,5.6019426335416336],[-76.867235480182188,5.6023008596403603],[-76.867202722379616,5.602503157737531],[-76.867024102041,5.602649970073931],[-76.866643616246975,5.6027753467774204],[-76.866307381739603,5.6027656557816563],[-76.865835953350711,5.6026107417614082],[-76.86553747532146,5.6029198014335915],[-76.8654533494703,5.6031260467610275],[-76.865476891130285,5.6033940156741373],[-76.86562126128355,5.6036291582736428],[-76.865987225606659,5.6038632466096923],[-76.866689395903293,5.6043281306015498],[-76.867101145612907,5.6046730065906649],[-76.867283728059931,5.6049804969990049],[-76.867764776196481,5.6055085760881598],[-76.867971627982882,5.60585795031953],[-76.868154380745636,5.6060874906961855],[-76.868459430378294,5.6065735952130495],[-76.868794941927291,5.6069241612926577],[-76.868794789764536,5.6072904187554817],[-76.868840959742016,5.6075582762736333],[-76.868874843933085,5.6083132979468058],[-76.868681953068716,5.6087770313861105],[-76.868537430172537,5.6091932039695127],[-76.868411023907598,5.6096273540178743],[-76.868306732005621,5.6100478510741025],[-76.868203204543505,5.6104773773703362],[-76.868076595827802,5.6110018514079201],[-76.867967680707437,5.6114359175908062],[-76.867615008171256,5.6127471899037635],[-76.867507087051365,5.6131631859116302],[-76.867398472295037,5.6136604775147561],[-76.86729891472018,5.614166757888527],[-76.867235770194455,5.6145193180751294],[-76.867191312966554,5.6147634014774894],[-76.867072742017527,5.6154233213953013],[-76.867018073363809,5.6157758391092516],[-76.866981758654532,5.6160831101015063],[-76.866937299820975,5.616327191835202],[-76.866864085576651,5.6165714117997148],[-76.866747671956333,5.6168700341394633],[-76.866612144619893,5.6172635844798062],[-76.866350342871229,5.6180235412391699],[-76.866223399807083,5.6183447935095687],[-76.866060716493152,5.6187339578684359],[-76.865924563217433,5.6190146086571806],[-76.865825753991459,5.6192047579760818],[-76.865609260693233,5.6195399852896424],[-76.865301958513129,5.6199659693511483],[-76.865067433567958,5.6203012829812407],[-76.86486812823216,5.6205731126004324],[-76.864570542019663,5.6208996963753037],[-76.864363456053979,5.621090452644995],[-76.864100917322162,5.6213174227962561],[-76.863838870336366,5.6215535142709259],[-76.863532662318022,5.6217356233237714],[-76.863198559946255,5.621872701604465],[-76.862679401239717,5.6220558272011134],[-76.862439490220794,5.6220931008413837],[-76.86195258141835,5.6221947796405987],[-76.861528325291943,5.6223142263237618],[-76.861176452841619,5.6224875173534308],[-76.860851125538815,5.6226877814101703],[-76.86062596788139,5.6228514361200075],[-76.860453533545964,5.6230870999755087],[-76.860381599286995,5.6232409907702134],[-76.860237483138505,5.6236300683391098],[-76.860129016523842,5.6240460696345371],[-76.860047666896961,5.6243625898420309],[-76.859965364104056,5.6247062093988562],[-76.859884097703954,5.6250407914451284],[-76.859857370500478,5.6252215652897792],[-76.859830572764608,5.6255016944262852],[-76.859767383204272,5.6258452236108756],[-76.859757770063055,5.6260801098100464],[-76.859794036145814,5.6263689691658287],[-76.859802318367954,5.6268024798081901],[-76.859793621167739,5.6269831667264212],[-76.859784327891589,5.6273986972418859],[-76.859829411545789,5.62775977524828],[-76.859892132537468,5.6282651930998462],[-76.859982252820018,5.6286171123852737],[-76.860163744422621,5.628977448308655],[-76.860379629318331,5.629346739239879],[-76.860533124485343,5.6295266520429132],[-76.860686524332664,5.6299143090873498],[-76.860838743390516,5.6301664846145609],[-76.860983658420679,5.6304186976280697],[-76.861127898310599,5.6306618788984508],[-76.861340621233708,5.6309544103142954],[-76.8615243307312,5.6311928876564901],[-76.861714822898463,5.6314358491606233],[-76.861912660276843,5.6316878068658944],[-76.862138674435684,5.6319305981642005],[-76.862364143097508,5.6321914560092585],[-76.862544317027016,5.6324073670871355],[-76.862688931758228,5.6325963543841313],[-76.862842189978778,5.6328394934546173],[-76.862951000100765,5.6330828426612776],[-76.863022035441517,5.6333263749088687],[-76.86310314282025,5.6336782460688779],[-76.863149403196289,5.6340393151386294],[-76.863238639479079,5.6343188877945227],[-76.863346840436506,5.6346796608888639],[-76.863428452450719,5.6348915283684153],[-76.863517885294883,5.635211746021243],[-76.863635643367274,5.6354595707913013],[-76.863780043002848,5.6357162987617135],[-76.86388880938479,5.6359506167875715],[-76.863955382300659,5.6362032014863761],[-76.864050407406268,5.6364104880404948],[-76.864438026108445,5.6377002441133008],[-76.864546343628334,5.6379526294612754],[-76.864924739939738,5.638140491109132],[-76.865222647917477,5.6382203556204589],[-76.865538632186102,5.6383091655527711],[-76.866016899655961,5.6383971956068963],[-76.866395687555098,5.6384405378819578],[-76.866667291094203,5.638430203351886],[-76.866893421272252,5.6383568602877947],[-76.86710973727395,5.6382293716765615],[-76.867298376557969,5.6380839526894659],[-76.86743463304208,5.6379387820084199],[-76.867625096975004,5.6377030321284236],[-76.867840722080615,5.6374310285533964],[-76.868157080520902,5.6372398343053343],[-76.868373111441542,5.6371665402403632],[-76.868581339900089,5.6371203817333386],[-76.868807559061139,5.6370470378335735],[-76.869059979052011,5.6369284089648035],[-76.869384092963216,5.6368320161780838],[-76.86977311084172,5.6367714391447024],[-76.870224112883179,5.6368144369076685],[-76.870598913199132,5.6369481173936435],[-76.870837934680736,5.6371005180611586],[-76.870972648479338,5.6372172894535524],[-76.871012985501679,5.6372590359271317],[-76.871189835800706,5.6374420518325046],[-76.871388857820293,5.6376578692088346],[-76.871523790444527,5.6378198025429986],[-76.871595479455877,5.6379730036756479],[-76.871757478307984,5.638252225305135],[-76.871884559942416,5.6384503221234326],[-76.871929314199917,5.6387210728138086],[-76.871911495906943,5.639010189530449],[-76.871865999754448,5.6393942777651977],[-76.871784549117962,5.6396882159502617],[-76.871757286718434,5.6398689900077095],[-76.871711767687771,5.6400227569979933],[-76.871721499620577,5.6402846436572958],[-76.871730250272449,5.6407000827000306],[-76.871721098874062,5.6411427047559499],[-76.871693918650905,5.641585413572952],[-76.871684510486034,5.6419738422092998],[-76.871621260062142,5.6428863982714743],[-76.871593342701956,5.6431755626102991],[-76.871601943180949,5.6434464900785892],[-76.871639067844526,5.6437805036420654],[-76.871647300175326,5.6440875594282085],[-76.871665135806211,5.6444035979902347],[-76.871720246283459,5.6447284925686603],[-76.871773211863328,5.6449630749611597],[-76.871777021081158,5.6449841148606179],[-76.871818961739933,5.6452157575486215],[-76.871909052287862,5.6455585466273588],[-76.872098165586962,5.6459821514925412],[-76.87229666527935,5.6463695802644072],[-76.872459704702521,5.6466578261643932],[-76.87258566552066,5.6468288308717494],[-76.872720469096734,5.6469817307272567],[-76.872928157333902,5.6471613739109836],[-76.873171151530443,5.6473137519343242],[-76.87340599735586,5.6474029441241624],[-76.873694895900741,5.6474828432192155],[-76.873992807679684,5.647562700001509],[-76.874318073389716,5.6477056464127475],[-76.874909392101316,5.6478653771961103],[-76.875184830274236,5.6479588870047923],[-76.875527647979041,5.6481333639895661],[-76.876032602807442,5.6487270528493285],[-76.876393911273553,5.649222081238193],[-76.876546618312574,5.6495735985789093],[-76.876672473515114,5.6498529887922384],[-76.876799822675565,5.6500872100204438],[-76.876916530783006,5.6503394567538603],[-76.877124154902489,5.6506366084546524],[-76.877349143358288,5.6509064873039723],[-76.877521487220648,5.6511223389512724],[-76.877954103685056,5.651671213306277],[-76.878134141510373,5.6519684030748376],[-76.878243288768189,5.6521665832842469],[-76.878360952583122,5.65237375500823],[-76.878495415250399,5.6526802002841308],[-76.878630158602931,5.6529324488515948],[-76.878721142450203,5.6531036208505876],[-76.878847644632131,5.6532926838451951],[-76.879000705613365,5.6534725882063395],[-76.879190300843561,5.6537697346050866],[-76.879424695903765,5.6541208541677577],[-76.879569888509394,5.6544272465714487],[-76.8796681136714,5.6546977356045414],[-76.879749240460228,5.6550495971075225],[-76.879795255054546,5.6553564680723589],[-76.879848317168083,5.6556091107339288],[-76.879884251924167,5.6558257072953264],[-76.879911758562557,5.6560333153450877],[-76.879934522516891,5.656304170300948],[-76.879938514388201,5.656552534575277],[-76.879920237949094,5.6569139077548707],[-76.879946523912821,5.6572795821474644],[-76.881983378771565,5.6605547148721405],[-76.882169657391998,5.66085431063917],[-76.882321955458622,5.6610071185719066],[-76.882574341707866,5.6611052521271175],[-76.882747663810193,5.6611676360034577],[-76.883057542870603,5.6611661363125423],[-76.883422195010482,5.6611734033052334],[-76.883798482345497,5.661144482890121],[-76.884107340742474,5.6610436339422492],[-76.884517782809709,5.6611048704518074],[-76.884791278884578,5.6611306411574125],[-76.885159422733139,5.6611146768455125],[-76.885850270286895,5.6612880857267474],[-76.886181088464042,5.661421963151624],[-76.886703586715029,5.6615729761854121],[-76.886852306401963,5.6615632225870938],[-76.887138169559776,5.6614805476979919],[-76.887447528170256,5.6613525963502394],[-76.887655147759759,5.6611799802614726],[-76.888149120234914,5.6606717887584654],[-76.888585920980574,5.6602180661926242],[-76.889359241066188,5.6592117540384645],[-76.889496835875974,5.6591207653950351],[-76.889883069497643,5.6585951236967302],[-76.890596271089677,5.6583206997228679],[-76.891126174167439,5.6583632894672879],[-76.891858695731315,5.658486180422531],[-76.892655632012918,5.658635856537181],[-76.893395648095733,5.6586683895306731],[-76.89386639938013,5.6590635100350717],[-76.894061822741563,5.6592775225317418],[-76.894296769506042,5.6592935418287436],[-76.894438314947351,5.6596084328090166],[-76.894452279787416,5.659867223264758],[-76.894448192702583,5.6600095878611336],[-76.894445417821444,5.6601068741729552],[-76.894438053093282,5.6603363243152769],[-76.894431109483818,5.6604845736424814],[-76.894531918493342,5.6606170379651228],[-76.894613840562272,5.6606471661390909],[-76.894697790352552,5.6606303204484796],[-76.894821391926428,5.6605356940511307],[-76.895058104481535,5.6602457896020315],[-76.895176506471628,5.6601387267747478],[-76.895313505060656,5.6600553277350345],[-76.895518586320563,5.65995461634345],[-76.895557334974271,5.6600248789566718],[-76.895559935739328,5.6600222456384532],[-76.895675608141431,5.6602257171397161],[-76.895759340024938,5.6604994328680807],[-76.895804138053563,5.6609056534311772],[-76.895802448353876,5.6613753267466702],[-76.89602658290228,5.6616903558246419],[-76.896408685001262,5.6619504256705362],[-76.896602437249939,5.6619314183101119],[-76.896921554361441,5.6619569612636305]]]]},"properties":{"OBJECTID":1,"OBJECTID_1":272,"NOMBRE":"Consejo Comunitario Comunidad Negra de Villa Conto","ULTIMO_NUM":"SIN INFORMACIÓN","DEPARTAMEN":"27","MUNICIPIO":"27600","ID":"20021","CODIGO_DAN":"2012","ULTIMO_TIP":"Resolucion","ULTIMO_N_1":"0160","ULTIMA_FEC":886982400000,"AREA_TOTAL":275217822.88599998,"GlobalID":"{97985864-33A8-4971-87C9-928B02AA0B9C}","Shape_Length":184986.81802302058,"Shape_Area":275217822.88569188}}]}