{"type":"FeatureCollection","features":[{"type":"Feature","id":1,"geometry":{"type":"MultiPolygon","coordinates":[[[[-76.786324009598843,5.5518575993850217],[-76.786386579718325,5.5518640034060969],[-76.786501339134219,5.5518877192235569],[-76.786570243525759,5.5519104784812008],[-76.786785228504115,5.5519960562441],[-76.786871778342118,5.5520340261953534],[-76.78695544599104,5.5520763908317177],[-76.787379611887431,5.5523313225186479],[-76.787490601665226,5.552383730656679],[-76.787862595049432,5.5525301973282755],[-76.788017597162863,5.5526019570296326],[-76.788147558824917,5.5526541582987532],[-76.788510572634678,5.5527869429034515],[-76.788614708270032,5.5528149914620766],[-76.788724828973471,5.5528369131740467],[-76.78886781538705,5.5528577081369725],[-76.789015608283023,5.5528735541617111],[-76.789421828291395,5.5529069991460434],[-76.789468704948291,5.5529108575739814],[-76.789617088176939,5.5529258670205781],[-76.789761071583655,5.5529452926191114],[-76.789898501499309,5.5529713128222165],[-76.790078163668753,5.553016122467449],[-76.790217889831695,5.5530453463068064],[-76.790651795103244,5.5531180406549927],[-76.790790970216435,5.5531477771838151],[-76.790898853310608,5.5531784967557503],[-76.79099854076334,5.5532174966648951],[-76.791089976344082,5.5532668335245736],[-76.791199978370827,5.5533379663291367],[-76.791245336779212,5.5533717524496797],[-76.791273214180265,5.5533925159993194],[-76.791331938280521,5.5534443901428006],[-76.791343915887168,5.5534564095569765],[-76.791455152285138,5.5535680235634324],[-76.791498441208333,5.5536175568103143],[-76.791533254828153,5.5536630771696922],[-76.791591399229674,5.5537499753183805],[-76.791652902174476,5.553856208774052],[-76.791671459586411,5.5538954544269989],[-76.791716019477818,5.5540248263652474],[-76.79174672171753,5.5541682295638557],[-76.791766491333647,5.5543167059241485],[-76.791767195806315,5.5543220023077309],[-76.791780213314937,5.5544833435834589],[-76.791787867066702,5.5546501448636834],[-76.791791714373403,5.5548208383774034],[-76.791792288081467,5.55516956331474],[-76.79177940474797,5.5562318142145202],[-76.79178337411652,5.5565775706557448],[-76.791790639326493,5.5567448548321412],[-76.791803603913777,5.5569060157896413],[-76.791824642178227,5.5570584239232153],[-76.791856940089872,5.5571985431613387],[-76.791904706336751,5.5573216722386478],[-76.79197344617063,5.5574216404121799],[-76.7920677977623,5.5574926952078352],[-76.792174291643065,5.5575361739754836],[-76.792265995117859,5.5575564256558412],[-76.792293347680129,5.5575624681306675],[-76.792420431567763,5.5575746943677879],[-76.792551670028431,5.5575749022416305],[-76.792683650646964,5.5575642027847305],[-76.792813235148358,5.5575428852988438],[-76.792991227583229,5.5575004970593689],[-76.793118685164075,5.557475555720476],[-76.793131812333726,5.5574729887841157],[-76.793280550374547,5.5574514170548088],[-76.793435355177209,5.5574346529295324],[-76.793594602683513,5.5574217243329054],[-76.793805731846106,5.5574103980065734],[-76.793921635680519,5.5574041806408925],[-76.794782271843758,5.5573806127543213],[-76.795127405868669,5.5573674138873583],[-76.795295480118554,5.557356847315206],[-76.795458926407719,5.5573419587040451],[-76.795616079990126,5.5573210529202521],[-76.795764800861534,5.5572919701137327],[-76.795872877333224,5.5572636528422379],[-76.795944226475555,5.557244959179803],[-76.796089955020577,5.5572127936127371],[-76.796544901709595,5.5571344871490052],[-76.7966919301508,5.5571039277494849],[-76.796830706341666,5.5570652227059547],[-76.796907958280599,5.5570364680455668],[-76.797128965363441,5.5569347733733023],[-76.797222212029794,5.5568888065899493],[-76.797330830221156,5.5568249977722317],[-76.797396142235485,5.5567767889066921],[-76.797457424677717,5.5567263501835304],[-76.797576132235221,5.5566198896686556],[-76.797630167093374,5.5565615417935676],[-76.797686780081506,5.5564944123604603],[-76.797712170990536,5.5564643047661386],[-76.797780875763578,5.5563745682958725],[-76.797832452106974,5.5562920933533571],[-76.798024058749448,5.5559431645123025],[-76.798057121172462,5.5558767719485749],[-76.79809469301,5.5557952469231031],[-76.798167573480299,5.5556371059627958],[-76.798243957323223,5.5554886718615055],[-76.798382257283578,5.5551774436462065],[-76.798456506759052,5.5550268921519708],[-76.798588908946869,5.5547098159685806],[-76.798623914980681,5.5546318384326181],[-76.798658547779951,5.5545546886865669],[-76.798694404126422,5.5544618804062118],[-76.79879837715859,5.554164508504714],[-76.798841972129765,5.5540640016320815],[-76.798878219800244,5.5539955306053246],[-76.798981802991094,5.5538183717958516],[-76.799045654681208,5.5537215733509129],[-76.799103863553611,5.5536512144427963],[-76.799171810996569,5.5535887549661354],[-76.799246398089466,5.553532883786322],[-76.799302828692632,5.5534945627789964],[-76.799330077482125,5.5534768962631551],[-76.799496968313989,5.5533686953355792],[-76.799584713075475,5.5533227830713585],[-76.799960846004211,5.5531564395425548],[-76.800070602919945,5.5531192705302974],[-76.800186155934725,5.5530878571967062],[-76.800489852967814,5.5530156101827561],[-76.800553354183705,5.5530005050694742],[-76.800672228676675,5.5529656360103221],[-76.800744408772815,5.5529402064900193],[-76.800838954079225,5.5529068947375837],[-76.800959138683893,5.5528697343156477],[-76.801271886810241,5.5527838596316403],[-76.801363704913598,5.5527550706736468],[-76.801530923515386,5.5526968200769131],[-76.801638071515754,5.5526659330021699],[-76.801749504459806,5.5526393023365319],[-76.801785764923295,5.5526317378394712],[-76.802133040271954,5.5525592952985905],[-76.802263282414302,5.5525268415769364],[-76.802438657888288,5.5524766882076309],[-76.802581266033869,5.5524457197275918],[-76.802731454438089,5.5524222761734494],[-76.802886636151499,5.5524037869975356],[-76.803054640773766,5.5523867710881563],[-76.8033597795297,5.5523558657571712],[-76.803517655885599,5.5523344232918168],[-76.803668588639738,5.5523060847874861],[-76.803809251617139,5.552267550314296],[-76.804021209332475,5.5521846703877236],[-76.804196473442104,5.5521161414477742],[-76.804291978078382,5.5520740086162705],[-76.804503761173095,5.5519695859498341],[-76.804754363166154,5.5518602695820007],[-76.80490776698808,5.5517883063501312],[-76.805022828270367,5.5517439306697316],[-76.805412970000091,5.5516170760679318],[-76.805483227602622,5.551590765504347],[-76.805576995226147,5.5515556549625913],[-76.805685164716508,5.5515222919408469],[-76.805797776067891,5.5514933414015006],[-76.805881918449458,5.551473593953979],[-76.806170317046281,5.5514059109942755],[-76.806293103808486,5.5513695440573709],[-76.806459145121437,5.5513101253890689],[-76.806575029239468,5.5512736629627701],[-76.806888777217637,5.5511871270597792],[-76.806921622516583,5.5511763542170423],[-76.807151898429808,5.5511008318041588],[-76.807276209724904,5.5510675243291621],[-76.807406583771808,5.5510402361943552],[-76.807818473139065,5.5509709009551047],[-76.807957624054524,5.5509442369985544],[-76.808091256404722,5.5509120964966288],[-76.808265544974986,5.5508608654121963],[-76.808374670869924,5.5508340690987481],[-76.808487945611532,5.550811389124501],[-76.808772420328083,5.5507655641731262],[-76.808973837790717,5.5507331189016549],[-76.809096691213782,5.550709893005128],[-76.809215191639893,5.5506823461703609],[-76.809391909848046,5.5506335283438437],[-76.809517192917696,5.5506065038997914],[-76.809648883420166,5.5505858405894228],[-76.809785634387964,5.5505702033862638],[-76.809952381677391,5.5505567159282165],[-76.810297118202385,5.5505408984321631],[-76.810650804531292,5.5505339675039123],[-76.812173780985574,5.5505277419833554],[-76.812418082140994,5.5505244006643011],[-76.812453730308192,5.5505212346887882],[-76.812379936770185,5.5504209809636951],[-76.812231862523319,5.5501933414234452],[-76.812098424740185,5.5499715482964298],[-76.812003496838102,5.5498025152215238],[-76.811855529010714,5.5495155428686678],[-76.811840331616594,5.5494838308254968],[-76.811778005678278,5.5493538012453758],[-76.811667968355053,5.54910838242201],[-76.81157880434958,5.5488842495778607],[-76.81154572596634,5.5487830202041444],[-76.811491584022463,5.5485798598844411],[-76.811453477791147,5.5484108173043962],[-76.811434374442868,5.5483130818258761],[-76.811421042037551,5.5482171892081826],[-76.811420505778756,5.5481633530492358],[-76.811419945486563,5.5481073199705087],[-76.811435923893967,5.5480008930612179],[-76.811470030218175,5.5479017395717891],[-76.811525553124596,5.5478077513760438],[-76.811593631153229,5.5477232398411589],[-76.811632684959434,5.5476840247263715],[-76.811669312637278,5.5476525326385566],[-76.811717062384218,5.5476170505218816],[-76.811772747953754,5.5475823019231818],[-76.811858199300374,5.5475410698055727],[-76.811976932619885,5.5475077140366817],[-76.812102392096847,5.5474939945835899],[-76.812228467117706,5.547497238171311],[-76.812349214391304,5.547515984123816],[-76.812369998607849,5.547521903882874],[-76.812526351188907,5.5475664498093229],[-76.812675832149452,5.5476046267185231],[-76.812730394271668,5.5476134131623249],[-76.812783684743764,5.5476158974372698],[-76.812809321493518,5.5476138500246952],[-76.812856540704601,5.547601282054293],[-76.81289564577456,5.5475766487091125],[-76.812913331871428,5.5475569857486997],[-76.812939731282071,5.5475007290584566],[-76.812949931590609,5.5474302034236418],[-76.812948465628338,5.5473789659589832],[-76.812942935473842,5.5473338321193557],[-76.812929818032217,5.5472687216736132],[-76.812897832949972,5.5471592181750777],[-76.812852785528548,5.5470315722326333],[-76.812715012944651,5.5466835786679249],[-76.812663288137458,5.5465393771630023],[-76.812635070443761,5.5464607085150543],[-76.812587069035985,5.5463050451688405],[-76.812561330863588,5.5462022793998651],[-76.812544114716005,5.5460815190336552],[-76.812541638284799,5.5459602743379497],[-76.812554328813732,5.5458413582096053],[-76.812575925015693,5.5457464684259588],[-76.812603280900944,5.5456550425263416],[-76.812653205322633,5.5455235317915719],[-76.812713908842838,5.545399320235318],[-76.81273680129695,5.5453605553460807],[-76.812794403841821,5.5452752266031791],[-76.812833198006487,5.5452256518828769],[-76.812893771464772,5.5451593127523395],[-76.812993270048366,5.545077379971425],[-76.813086896051189,5.5450286849665194],[-76.813191861460055,5.5449942614035317],[-76.813266552792157,5.5449783583708872],[-76.813343450898685,5.5449678619745741],[-76.813444930564998,5.5449619577678249],[-76.813497090797341,5.5449619534602155],[-76.813596817262578,5.544966667521404],[-76.813695289492358,5.5449771798803313],[-76.813723596358869,5.5449814148035594],[-76.813936677296397,5.5450132962625283],[-76.814063951216113,5.5450234275953854],[-76.814191792050124,5.5450244536157935],[-76.814317717167981,5.5450155857549532],[-76.814439171277954,5.544995527510733],[-76.814553397995283,5.5449624039374443],[-76.814631906115693,5.5449290007242089],[-76.814708269696013,5.5448906239283859],[-76.814805232283007,5.5448386400713581],[-76.814851605260955,5.544812255841066],[-76.815031067236006,5.5447101478055032],[-76.81521909668237,5.5446153630796724],[-76.815392581793233,5.5445319609798194],[-76.815407058039625,5.5445249999945219],[-76.81573948848613,5.5443847419794787],[-76.815840228050632,5.5443373951053223],[-76.815936827072022,5.544285959868561],[-76.816101507358852,5.5441862769923675],[-76.816184587439679,5.544132167586036],[-76.816323171231119,5.5440332311501468],[-76.816557127848881,5.5438732898807022],[-76.816948877414319,5.5435837739733715],[-76.817041807448561,5.5435199169012215],[-76.817224254608504,5.5434028822981354],[-76.817323447677751,5.5433521039218903],[-76.817333349124112,5.5433478083996643],[-76.817426007703887,5.5433076159398897],[-76.817569601060924,5.5432529522353953],[-76.817660151664967,5.5432251032740556],[-76.817773955538428,5.5432032988635873],[-76.817890762156594,5.5431942112995385],[-76.817981977230644,5.5431959663776693],[-76.818007866139325,5.5431964655863055],[-76.818260233741697,5.543219385934024],[-76.818435549357247,5.543223737478443],[-76.818560596039475,5.543216756587019],[-76.818684034005869,5.5431999774206933],[-76.818803476716852,5.54317157504103],[-76.818886254847826,5.543142760251663],[-76.819005113827032,5.5430894806141966],[-76.819082207967725,5.5430511774453715],[-76.819215531330201,5.5429753994297473],[-76.819291940020221,5.5429241413974628],[-76.819364534486553,5.5428689428348132],[-76.819434284200256,5.5428097613585452],[-76.81952564380272,5.5427219805874923],[-76.819528065802828,5.5427196541027826],[-76.819540946664631,5.5427055469310949],[-76.819606217286363,5.5426340654304358],[-76.819681030741549,5.5425394076021037],[-76.819725853710082,5.542471826543145],[-76.819774525100257,5.5423832569526805],[-76.819811927808829,5.5422992482005222],[-76.819843438529972,5.5422138958984366],[-76.819877468354889,5.5420946739149857],[-76.819894345614813,5.5419734831023888],[-76.819894995169861,5.5418748571146645],[-76.819882909387999,5.5417654717202574],[-76.819859081743033,5.5416516741608355],[-76.819824176371696,5.5415103418594969],[-76.81978232781502,5.541363402380445],[-76.819725478365029,5.5411956376571645],[-76.819640653949136,5.5409709428430647],[-76.81952524377742,5.540665226748831],[-76.819481846711795,5.5405305475649298],[-76.819448826834673,5.5403977247818128],[-76.819424550865492,5.5402623811658351],[-76.819405293976772,5.5400953776499104],[-76.819398186577999,5.5399555218089702],[-76.81939966221826,5.5398298909438823],[-76.819407732684525,5.5397275832118753],[-76.819424564117412,5.5396171449784308],[-76.819440144291519,5.5395481283646539],[-76.819461340691461,5.5394755591148801],[-76.81947058100188,5.539448636319527],[-76.819521780602344,5.5393312197512756],[-76.819563455557898,5.5392611153662825],[-76.819617683257007,5.5391851650293846],[-76.819699324265343,5.5390900570431318],[-76.819801184245975,5.5389965748786087],[-76.819938968304854,5.5388932435459024],[-76.819960143901639,5.5388817594218169],[-76.820048549166856,5.5388338132650645],[-76.820253987107876,5.5387473803429579],[-76.820328190832939,5.5387099846875971],[-76.820359000685187,5.5386839321943633],[-76.820364586131689,5.5386755973507187],[-76.820368765357188,5.538661894092539],[-76.820367337009131,5.5386507040378969],[-76.820354494769219,5.5386331184447073],[-76.820336015895123,5.538621093940832],[-76.820314892141425,5.5386119120723496],[-76.820232359654355,5.5385916592913622],[-76.820123078167825,5.5385783844044658],[-76.819994045687679,5.5385702479042029],[-76.81985064137929,5.538565797300155],[-76.819033198829388,5.5385641714192992],[-76.818873804040592,5.538560904719418],[-76.818831821379021,5.5385600460512858],[-76.818667541184368,5.5385566798924399],[-76.818496150237408,5.5385468776787192],[-76.81833132410425,5.5385305168165537],[-76.818176177018501,5.5385050008799901],[-76.818133096950348,5.5384933996396333],[-76.818034783259534,5.5384669262662518],[-76.81791250312358,5.5384118985849398],[-76.817826852573319,5.5383493579051706],[-76.817770354251707,5.5382933638333176],[-76.81771318012531,5.5382145330009349],[-76.81767268387199,5.5381109401483402],[-76.817661481469983,5.5380247112552645],[-76.817658091672953,5.5379985950747388],[-76.817661515090322,5.5379594106032064],[-76.817668046308,5.5378846585058854],[-76.817703184267032,5.5377761771608727],[-76.817751730738934,5.537694033614331],[-76.817806957041299,5.5376243448328362],[-76.817871729845322,5.5375599322341227],[-76.817951070759804,5.537500639699025],[-76.818044833741013,5.5374470226226],[-76.818064683364057,5.5374380160016807],[-76.818023569412645,5.5374346132133407],[-76.817955702327509,5.5374289990640362],[-76.817562022305125,5.5374615611468343],[-76.817505111411037,5.537456622154564],[-76.817465110922754,5.5374531498332091],[-76.817130558264722,5.5374241158894071],[-76.816933311210022,5.5372916538490484],[-76.816760016226752,5.5371752772019658],[-76.816709584405032,5.5371364003397066],[-76.816309554533731,5.5368280179333524],[-76.81599089666409,5.5365972861881794],[-76.815639423553776,5.5363232804109463],[-76.815530158847722,5.5362380988679716],[-76.815413503032929,5.5361471548550609],[-76.815048121406605,5.5358610615945665],[-76.814723318557668,5.5356486859980452],[-76.814617307542804,5.5355793692091533],[-76.814242364539595,5.5353915986978492],[-76.814194949203525,5.5353678520733807],[-76.813673549641308,5.5351967365086256],[-76.813477574604534,5.5351324220129303],[-76.813276988472609,5.5350818189262094],[-76.812938942256181,5.5349965398729557],[-76.812187722365564,5.5347712209958173],[-76.811480588480052,5.5344521468699437],[-76.811077385069865,5.534188640845275],[-76.810912831640564,5.5340555330202825],[-76.810534111132597,5.533749185053785],[-76.81046622900476,5.5336942750684068],[-76.81039228705464,5.533634463573355],[-76.809923201687425,5.5331753324469579],[-76.809478333524325,5.5327048226677933],[-76.809447837007085,5.5326725692400505],[-76.809435180706572,5.5326591828127709],[-76.80932333748008,5.5325408941632954],[-76.808976113575383,5.5320287359013172],[-76.808563562966881,5.5312870429706118],[-76.80852553108511,5.5311807285328314],[-76.808433772530378,5.5309242263539566],[-76.808356885821539,5.5307092972278538],[-76.808145056760935,5.5301462910718655],[-76.808004767676962,5.5296443539915279],[-76.807869792378384,5.5292251457364854],[-76.807779465509526,5.5289446140129828],[-76.807579489330848,5.5282432100274939],[-76.807577361539487,5.5282357501758197],[-76.807553497220638,5.5281469481726395],[-76.807426993219238,5.5276762082940865],[-76.807338078183349,5.5271268198404204],[-76.807318664004555,5.5269067988639069],[-76.807313272106754,5.5268456844264442],[-76.80730969345727,5.5268051331098045],[-76.807285910607092,5.5265355815679476],[-76.807284734353331,5.5264286173070918],[-76.807280536920942,5.5260472687617899],[-76.8073221059514,5.5257176086947304],[-76.807331981841315,5.5256392845890998],[-76.807343639362713,5.525599132105965],[-76.807380479619681,5.5254722447942468],[-76.807403172989325,5.5253940813127],[-76.807423545454512,5.5253239146686708],[-76.80753752192102,5.5252437599547841],[-76.807592450178817,5.5252051321024087],[-76.799969318954055,5.5251481257604658],[-76.799157478083032,5.524936690791491],[-76.798203050258692,5.5248694356555985],[-76.797606391081104,5.5247765161901743],[-76.796984879362768,5.5244925711376904],[-76.795957111958757,5.5240193538434097],[-76.795001683415421,5.5237130012166693],[-76.794046365039762,5.5234305827979888],[-76.793306572921608,5.5233622455603779],[-76.792758035132408,5.5233647560742885],[-76.792256858723547,5.5232954172512825],[-76.791611661412759,5.5230354223012439],[-76.791205749137816,5.5229417105031349],[-76.79068100983352,5.5229441091793934],[-76.790037988058998,5.523162119414037],[-76.789157396634124,5.523572438794635],[-76.788419540876021,5.5239103863518091],[-76.780803809993316,5.527625668061436],[-76.779993495382726,5.5277728049137487],[-76.779158947925239,5.5278243877178594],[-76.778944244515557,5.5278114565636596],[-76.778419340909593,5.5277798840098296],[-76.777654002962237,5.5273292826257849],[-76.77520984390371,5.5248548957754409],[-76.773388620012355,5.5229751004412257],[-76.7725789365835,5.5221455760264204],[-76.771878935351225,5.5214284643405369],[-76.770992384150546,5.5205242190540327],[-76.770394009122057,5.5200728443140328],[-76.769939437892873,5.5197642613099909],[-76.769246230058727,5.5194328198309837],[-76.768338384904652,5.5191022599600643],[-76.767190237108707,5.5192198297804831],[-76.765925747262742,5.5192065851879475],[-76.764791345790485,5.5193538950206555],[-76.763658735184606,5.5198992850924249],[-76.762441494650361,5.5205303272669894],[-76.762171045561686,5.5207954572466678],[-76.762227327835333,5.5209107266061705],[-76.76243207759002,5.5212763102035067],[-76.762501461267618,5.5213879238119556],[-76.762547033169611,5.5214488484726179],[-76.762672540496737,5.5216030486140628],[-76.762728286962215,5.5216639800641829],[-76.762873457757337,5.5218092332041318],[-76.762922324239995,5.5218558004748921],[-76.762985708861379,5.5219105659540624],[-76.763169202034234,5.5220589714832586],[-76.763440666971604,5.5222372148058216],[-76.763629991761235,5.5223855090028273],[-76.763691807240789,5.5224359747757346],[-76.763929756918913,5.5226480492415364],[-76.764161549793414,5.5228663423383653],[-76.764389636092275,5.5230883749227857],[-76.764612256104272,5.5233159327181314],[-76.764665556277663,5.5233752022460649],[-76.764821665095567,5.5235568431092075],[-76.764869353799654,5.5236217870335365],[-76.764958789269585,5.5237576828223842],[-76.764999394219188,5.5238297906526617],[-76.765003247440475,5.5238386723640458],[-76.765042806941381,5.5239298851424357],[-76.765050847756584,5.5239540628191559],[-76.765078644243914,5.5240376415676211],[-76.765109581131384,5.5241503544835844],[-76.765170434046823,5.5243974796332402],[-76.765205800411678,5.5245263827980704],[-76.765259004026703,5.5246989106351467],[-76.765292367346305,5.5248384259256529],[-76.765318959451363,5.5249847879930076],[-76.765387060674172,5.5254356747482207],[-76.765407853634485,5.5255473339588344],[-76.765432532432357,5.5256550680894945],[-76.765481411809091,5.5258319679632883],[-76.765510278996388,5.52595781291026],[-76.765601422195417,5.5264857853140752],[-76.765628905007347,5.5266130297492664],[-76.76565012408426,5.5266922837199033],[-76.765674885989981,5.5267679588584739],[-76.765819235955547,5.5271047571981642],[-76.765884910680967,5.5272345738448188],[-76.766037238059937,5.5274699344959135],[-76.766156418920161,5.527639020112062],[-76.766270987003296,5.5278191958675054],[-76.766334784012017,5.5279113225741519],[-76.766438161074717,5.5280331203309245],[-76.766546438643402,5.5281499660277369],[-76.766609851929843,5.5282082251608093],[-76.766707756656913,5.5282918835814812],[-76.76671612990485,5.5282984896608189],[-76.7667897672072,5.52835658533904],[-76.76682479504727,5.5283801560994323],[-76.766847655158529,5.5283955401285469],[-76.767069973666821,5.5285259176757782],[-76.767208512867228,5.5286121659524889],[-76.767417277695728,5.5287234164559678],[-76.767506375247919,5.5287636573846273],[-76.76758873092048,5.5287910388959132],[-76.767619367723768,5.5288012240882596],[-76.767740779253856,5.5288302826324101],[-76.767867850649893,5.5288536220986844],[-76.76825698980393,5.5289135467921326],[-76.768381109798227,5.5289377908062649],[-76.768499028151339,5.5289683063500696],[-76.76860795440308,5.5290079224453796],[-76.768708500516396,5.5290591981315123],[-76.768799592231034,5.5291133208075918],[-76.768845150590764,5.5291434222598932],[-76.768891481847078,5.5291740290274829],[-76.768977889824157,5.5292416968658333],[-76.769139632608642,5.5293760201102442],[-76.769372184384679,5.5295939754223919],[-76.769595796284207,5.5298212782331166],[-76.7698073164769,5.5300613306195912],[-76.769877006727796,5.5301547220451353],[-76.769928599318476,5.5302286318917613],[-76.769992175282539,5.5303291251261522],[-76.770040362910166,5.5304273565284738],[-76.770082124063848,5.5305322122214324],[-76.770158510675742,5.5307495484794069],[-76.770247595514803,5.5309838015301933],[-76.770289292408023,5.531121720002746],[-76.770324103133561,5.5312666802072821],[-76.770387596911647,5.5315624318939456],[-76.770426139032054,5.53171804895854],[-76.770475536482181,5.5318941743406631],[-76.770503572773336,5.5320332100863521],[-76.770522113081384,5.5321789086459603],[-76.770532448196036,5.5323285941275708],[-76.770535204948416,5.5324797781893773],[-76.770530346224746,5.5326300200637517],[-76.770517155537746,5.5327767677147639],[-76.770494197299001,5.5329172045689043],[-76.770459235553702,5.5330480838667642],[-76.770410789982094,5.5331706215423493],[-76.770309185042848,5.5333972121157906],[-76.770246629912279,5.5335105226444714],[-76.770200513470868,5.5335776744519363],[-76.770051888612016,5.5337690492838014],[-76.769835987516714,5.5340062301744171],[-76.769724112794023,5.5341206413558011],[-76.769506345055731,5.534354863971422],[-76.769352801258762,5.5345386672390298],[-76.76930271020818,5.5346025843029123],[-76.769245653863393,5.5346863763381267],[-76.769124871243534,5.5348756468893097],[-76.768840859244321,5.5352681904871623],[-76.768669254427749,5.535547969423555],[-76.768569504545482,5.5356885721920257],[-76.768391915904033,5.5359493082263116],[-76.76833867512579,5.5360420056650863],[-76.768233709671051,5.5362446224995443],[-76.768153820661425,5.5363917924867083],[-76.76809635126304,5.5365196375052701],[-76.767988899806866,5.5367914404492717],[-76.767959660041726,5.5368728619355316],[-76.767931689581189,5.5369796246923215],[-76.767926055901867,5.5370011302968605],[-76.767903265916999,5.5371347274945135],[-76.767888491431393,5.537274197839178],[-76.767880472258497,5.537417380163201],[-76.767878465142942,5.5375623330673136],[-76.767881927266629,5.5377006343040431],[-76.767890834445254,5.5378372807455687],[-76.767905788037979,5.5379705978685472],[-76.767927818168403,5.5380987296095894],[-76.767958411176764,5.5382195614286784],[-76.767996813672795,5.5383275667789267],[-76.768100317384281,5.538589118388157],[-76.768160295931509,5.5387259424909292],[-76.768238173360729,5.5388758401709532],[-76.768385780099777,5.5391832126567389],[-76.768466850063405,5.5393291289980242],[-76.768595443645694,5.539583703992637],[-76.768618973777635,5.5396302891306988],[-76.768703405662009,5.5397720740415366],[-76.768832873423747,5.5400001786595068],[-76.768870151162474,5.5400572863900139],[-76.76891445714908,5.5401166557797552],[-76.769018844134038,5.5402449867044643],[-76.76907212837223,5.5403064084283562],[-76.769128922012683,5.540365092227777],[-76.769298439563698,5.5405306381632977],[-76.769470279781075,5.5406730342169572],[-76.769547163581564,5.5407320332772541],[-76.769604672313164,5.5407706036549795],[-76.769823940988289,5.5409049623401474],[-76.770221492213707,5.5411820700581247],[-76.770409908916108,5.5412952980546697],[-76.770500441904261,5.5413527089306918],[-76.770561026365286,5.541396737562521],[-76.770756310812715,5.5415466802551574],[-76.771077709711889,5.5418153112746431],[-76.771123971031201,5.5418539774852018],[-76.771309159569796,5.541998129570759],[-76.771314946017696,5.5420033982124961],[-76.771372305482487,5.5420556128281317],[-76.771448268852041,5.5421423343619081],[-76.771572350986773,5.5423061277563574],[-76.771673329106491,5.5424304506984088],[-76.771866656653401,5.5426879167158898],[-76.77203985652018,5.5429659249300789],[-76.772318962194049,5.5433639589582899],[-76.772376530770629,5.5434609399559172],[-76.772482549639534,5.5436525019333454],[-76.772568301976165,5.5437928797896561],[-76.7727268469379,5.5440866582157655],[-76.772812599727388,5.5442266557580808],[-76.772871754622528,5.544333385956004],[-76.772936014392187,5.544458240686768],[-76.772964821324891,5.5445238048521075],[-76.772973840205594,5.5445525109829612],[-76.772990365665649,5.544605115917725],[-76.773006237062503,5.5446556380291785],[-76.773034445471879,5.544799133787679],[-76.773052269145296,5.5449507060797529],[-76.773061672926218,5.5451073811961429],[-76.7730638699595,5.5452666083478501],[-76.773059399147655,5.5454261092623174],[-76.773048177256712,5.5455837098800416],[-76.773029521550086,5.5457372146836255],[-76.773002167778358,5.545884259382416],[-76.772957498198082,5.5460658713381656],[-76.772928169658101,5.5462188609390219],[-76.772906648905916,5.5463800375946697],[-76.772891082310622,5.5465473288528155],[-76.772872375860914,5.5468904780171551],[-76.772863639029751,5.5472391833251455],[-76.772860362360703,5.5475919871156476],[-76.772860808561106,5.5479455536992095],[-76.77286538274123,5.5482968326188704],[-76.772876863698826,5.5486417278479454],[-76.772886922264988,5.5488098370604968],[-76.772901319566103,5.5489735269132057],[-76.772921864369678,5.5491329149855533],[-76.772950478559764,5.5492840832121635],[-76.772995831424296,5.5494650641051244],[-76.773025212017416,5.5496091843573891],[-76.773048683544388,5.5497592294778553],[-76.77310790436313,5.55022044656062],[-76.773132127396309,5.5503695900933607],[-76.773160226988381,5.5504997633214739],[-76.773196765211907,5.5506213892238518],[-76.773210815444699,5.5506584400008805],[-76.773309913273636,5.5508840790076563],[-76.773358276458879,5.5509858411951427],[-76.773412463323183,5.5510817061155597],[-76.773459243753607,5.5511489151811135],[-76.773583915074511,5.551306115716673],[-76.773645733667948,5.5513730091536893],[-76.773769859057253,5.5514923058101759],[-76.773781793323693,5.5515037761586337],[-76.77384013903756,5.5515554985031388],[-76.773922400085709,5.5516185441304868],[-76.774004543463761,5.5516762732124025],[-76.774066355677533,5.5517151244688936],[-76.774105584448776,5.5517397829912669],[-76.774203102659328,5.5517858137784311],[-76.774221461618552,5.5517944787282696],[-76.774345551803165,5.551840871463753],[-76.774592064023508,5.5519268908547144],[-76.774753481190942,5.551990009788657],[-76.774878592683933,5.5520300535709888],[-76.775158069836209,5.5521049734683698],[-76.775279188940061,5.5521374424450736],[-76.775451173454016,5.5521898743197795],[-76.775571440419625,5.5522177547575575],[-76.775697764781015,5.5522395088279799],[-76.775828274864551,5.5522570295946512],[-76.776233167072334,5.5523011311418635],[-76.776366610750017,5.5523182103618396],[-76.776496163316494,5.5523392238240463],[-76.776619948629545,5.5523660682368332],[-76.776630819759731,5.55236911153892],[-76.776795234920272,5.5524151624007496],[-76.776913868843025,5.5524443452291106],[-76.777280409540225,5.5525211394412226],[-76.777403024226402,5.5525515492126569],[-76.777424770453294,5.5525583997460277],[-76.77751944093842,5.5525882270716247],[-76.77788847454724,5.5527370974696337],[-76.777996550777033,5.5527848288273551],[-76.778144836030137,5.5528612432494766],[-76.77834189568398,5.5529550742806224],[-76.778446527403815,5.5530089205396695],[-76.778767064603699,5.5532017249444348],[-76.778861606286881,5.5532684330214046],[-76.778886468539369,5.5532908558295961],[-76.77894744660334,5.5533458502501709],[-76.779014206680685,5.5534137205440448],[-76.779085360599723,5.5534951465730407],[-76.779095324958547,5.5535094812109698],[-76.779148723374789,5.5535862762420241],[-76.779259982444643,5.5537717619030564],[-76.779347484552986,5.553910003261386],[-76.779460717286753,5.554111674416589],[-76.779512859912018,5.5541965977415702],[-76.779657956094042,5.5543906902219558],[-76.779708388771809,5.5544534045645211],[-76.779761604260941,5.5545133674912739],[-76.779949919638582,5.5547158613028458],[-76.780157199333857,5.5549116853231073],[-76.780158952249153,5.5549130774501156],[-76.780322331137867,5.5550428147433983],[-76.780414597596803,5.5551086960809517],[-76.78048211598113,5.5551487413393357],[-76.780482915396107,5.555149157946099],[-76.78055283152041,5.5551854319836336],[-76.78083219519587,5.5553167211899348],[-76.780925431061632,5.5553523228005162],[-76.781049931016184,5.5553878558192071],[-76.781178718398394,5.5554158947969805],[-76.781615790344219,5.5554895124898662],[-76.781699855473349,5.5554995799564386],[-76.781772574656259,5.5554998632395352],[-76.781844368342647,5.5554912798677716],[-76.781921162163073,5.5554723478528922],[-76.782048952563102,5.555430950281659],[-76.782120435931191,5.5554077961740482],[-76.782202276251084,5.5553777376689393],[-76.782282703225647,5.5553434329970317],[-76.782426522255051,5.5552702757931112],[-76.782647864962712,5.5551642141877009],[-76.782725894513064,5.5551232991099901],[-76.782867380771677,5.5550387087320354],[-76.783049441182996,5.5549352460574966],[-76.783152374107587,5.554869710055641],[-76.783216848180274,5.5548206486989953],[-76.783341142646407,5.5547179782213725],[-76.783401500178854,5.5546649273597932],[-76.783458824804612,5.5546089122413207],[-76.783626111189633,5.5544365324724936],[-76.783779959529099,5.5542512465919582],[-76.783829170765756,5.5541875045701756],[-76.784007207799846,5.5539141390079871],[-76.784055711174886,5.5538496447785057],[-76.784204492645515,5.5536600613062896],[-76.784515860587064,5.5532938776719432],[-76.784565799578075,5.553230783938111],[-76.78471299324849,5.5530386081184817],[-76.784890822202428,5.5527632357230665],[-76.785038071390986,5.552577801847276],[-76.785099540539406,5.5525056713378067],[-76.785261495897586,5.5523389692214646],[-76.785319109484647,5.5522832395083777],[-76.785442432136904,5.5521806765615258],[-76.785505486940266,5.5521314546049307],[-76.785570956989773,5.5520853020017356],[-76.785664965112886,5.5520318655986811],[-76.785763896711629,5.5519855787239178],[-76.785950390797311,5.551908365745323],[-76.786012586395842,5.5518876082428985],[-76.786113233367487,5.5518657678391587],[-76.786218016667277,5.5518559630219206],[-76.786324009598843,5.5518575993850217]]],[[[-76.864187866562787,5.5623675264882575],[-76.864366989214432,5.5624246673908004],[-76.864639200395729,5.5626081819955813],[-76.864729251496613,5.5627407104773416],[-76.864823981922001,5.5628713209950167],[-76.864942351811322,5.5630256636469415],[-76.865064504114585,5.5631409710900472],[-76.865198162654409,5.563248998127003],[-76.865331455365165,5.5633750878950599],[-76.865465397767039,5.5635051518344119],[-76.865552463698208,5.5636735530583676],[-76.865705315183519,5.5637991015794723],[-76.865751229787875,5.5639579430531469],[-76.865846351580501,5.5641334400909832],[-76.8659876852726,5.5643208247306886],[-76.866033386886457,5.56449212944064],[-76.866163055484506,5.5646911287252676],[-76.86622843091817,5.5648860957292463],[-76.866456939730142,5.5650543713570437],[-76.866609622140842,5.5651629390564938],[-76.866761681043954,5.5650432635665359],[-76.866976783422942,5.5648729813840507],[-76.86718891144308,5.5647982740119941],[-76.867391595981857,5.5647096117859247],[-76.867612467831876,5.5645966575046613],[-76.867749871774208,5.5645051408184241],[-76.867895073692495,5.5644419487975574],[-76.868024610676585,5.5643447833157316],[-76.868169643218522,5.5642080697315235],[-76.868280606198141,5.5639955569853434],[-76.86836041531231,5.5638294368039309],[-76.868464793150906,5.5635975354303371],[-76.868578002699294,5.5634406536188479],[-76.868681000942317,5.5633367448786517],[-76.868795582193997,5.5632225781579931],[-76.868902191058098,5.5631198295085857],[-76.86902804748992,5.5629881740435101],[-76.869147146564941,5.5628576348048329],[-76.869203296142189,5.5627011116526353],[-76.869321600718621,5.5625360733584177],[-76.869439808933947,5.5622925486390944],[-76.869489503992057,5.5621258490316423],[-76.869498147071113,5.5616454735026917],[-76.869516526669059,5.5614334888824386],[-76.869543456078134,5.5612560589638784],[-76.869558407478394,5.5610808531789591],[-76.869532276980934,5.5608350268164521],[-76.869414228204747,5.5605201823321853],[-76.869382730081995,5.5603020211385088],[-76.869382790430706,5.560142602226632],[-76.869382836719197,5.5599990792970706],[-76.869428596816007,5.5597814582542719],[-76.869497464150001,5.5596091572905353],[-76.869390325128606,5.559446273204439],[-76.869287464346485,5.5592547350003025],[-76.869177043072227,5.5590460691534949],[-76.868978487712056,5.5588827122174802],[-76.868726694521982,5.5587271938067646],[-76.868490644005789,5.558622001924868],[-76.86835650077235,5.5584868803319525],[-76.868260962380532,5.5582804947447553],[-76.86833757687117,5.5581060805753753],[-76.86827692622596,5.557841994581918],[-76.868108836002691,5.5577537303963229],[-76.867941316475537,5.5577101748443845],[-76.867765355903032,5.5576733439578092],[-76.8675783301682,5.5576416205670096],[-76.867384003483821,5.5575901527413949],[-76.867155108191966,5.5574730938940906],[-76.866918815122574,5.5572971788737391],[-76.866728222559047,5.5571207752281309],[-76.866506578830126,5.5569353069443022],[-76.866353908465143,5.5567904281739038],[-76.866192197317758,5.5567162256546396],[-76.866033544593691,5.5565644203911351],[-76.865930824116447,5.5563829061960126],[-76.865858419769452,5.5562263572813251],[-76.865783371632901,5.5560062337019867],[-76.865748069017727,5.5557453692078225],[-76.865789599227568,5.5556051720930331],[-76.865995269130963,5.5553848987795202],[-76.866119410596212,5.5552142347378881],[-76.866178437239697,5.555037913301871],[-76.866190565248971,5.5548949670935794],[-76.866191487299488,5.5547078134054564],[-76.866153276360791,5.5544802923121859],[-76.866106538458766,5.5542794539740541],[-76.866048651255028,5.5541238310546959],[-76.865967442779663,5.5539349888226512],[-76.865900217505768,5.5537486085241357],[-76.86586973559568,5.5535544683591356],[-76.865850795477442,5.5533032802985272],[-76.865804757021408,5.5529638848449396],[-76.865789160000915,5.552752786768516],[-76.865759086009092,5.5525300990374822],[-76.865715913730611,5.5523214796515816],[-76.865667040438524,5.5521259789758703],[-76.865587305619783,5.5519440841767871],[-76.865464917746692,5.5518166733672292],[-76.865266219151152,5.5517945823167949],[-76.865039402039912,5.5518306951008354],[-76.864851073944791,5.5518665386008239],[-76.864618632371091,5.5518189533665563],[-76.864408483557838,5.5515659575950949],[-76.864225768123575,5.5514731532488213],[-76.864015254335342,5.5514296183895553],[-76.863748606008954,5.5514498461848456],[-76.863588378515317,5.5515379429440097],[-76.863450576073745,5.5518900388759267],[-76.863439183932357,5.552094040822853],[-76.863389784136714,5.5523240544389676],[-76.863487500742949,5.5526115455221685],[-76.863629683852949,5.5527118544955156],[-76.863779348327824,5.5528124900499902],[-76.863931600647362,5.5529069719579436],[-76.864107321317135,5.5530468642712618],[-76.864271336423002,5.5532275492237764],[-76.86429216718345,5.5534010532407194],[-76.864194567623585,5.5535225449760137],[-76.864049852688396,5.5535357859132022],[-76.863866579836781,5.5534963649323723],[-76.863650955209934,5.5534403892721516],[-76.863443240080599,5.5533792273853484],[-76.863275222374995,5.553324923629062],[-76.862950863473117,5.55322700565715],[-76.862774022497064,5.5532329013726462],[-76.862544780856538,5.5532523154307984],[-76.862262500614406,5.5532844474070311],[-76.862066651613873,5.5533125587154748],[-76.86186385201421,5.5533379929866733],[-76.861673507011304,5.5533096256792893],[-76.861551227158785,5.5530320972639968],[-76.861604581782487,5.5527998080709517],[-76.861680825653792,5.5525455495322564],[-76.861701820995052,5.5523129574543661],[-76.861558826423888,5.5521356948626996],[-76.861330108203731,5.5521322593873892],[-76.861116692549032,5.5520473661762013],[-76.861043734040095,5.5518687809240657],[-76.86112816873964,5.5515539673722749],[-76.861345342677794,5.5513449281972029],[-76.861531890789195,5.5512562569259014],[-76.861703673009103,5.5511907750173846],[-76.861955544028788,5.5510761427751554],[-76.862111821543479,5.5510101048934022],[-76.862253156906021,5.5508728674277412],[-76.86231811180663,5.5506529871564529],[-76.862241754544542,5.5504607777109829],[-76.86218146391154,5.5503296434840514],[-76.862085320163132,5.5501854880727794],[-76.86194409485401,5.5500198693634548],[-76.861806781184768,5.5498999364587638],[-76.861600031644301,5.5498140213816827],[-76.861432815681923,5.5497387547010382],[-76.861238546976608,5.5496420303971528],[-76.861082376321107,5.549518754853187],[-76.860929564148648,5.5493429815131492],[-76.860799889198233,5.5491603277758834],[-76.860639495581381,5.5488482945014628],[-76.860593400583895,5.5486301099823976],[-76.86054014219782,5.5484610961769363],[-76.860528778486866,5.548229651845487],[-76.860646898511689,5.5480434825525942],[-76.860792443085714,5.5479576211867352],[-76.861005115100127,5.5479226580456462],[-76.861203981876116,5.5479238898235357],[-76.861438317314693,5.5478953278986802],[-76.861644914025504,5.5476604179821871],[-76.861668634522886,5.5474515691578725],[-76.861715553616477,5.5472685365273806],[-76.862054878240826,5.5471567405388562],[-76.862299373310819,5.5472370599888325],[-76.862554360233688,5.5472105687729538],[-76.862890016625641,5.5470654639126789],[-76.863042922579567,5.5469739702225178],[-76.863351776021517,5.5467276497960185],[-76.863731552056919,5.5464562449447854],[-76.86387459451575,5.5462988605458419],[-76.863942912064701,5.5461616082667717],[-76.863942923235342,5.5459722910800737],[-76.863905231466831,5.5457772816027209],[-76.86371350415871,5.5455499397597263],[-76.863489028187999,5.545451010221603],[-76.863309730598516,5.5453938683838055],[-76.863134014180901,5.5453700409701083],[-76.862912579892836,5.5453818305548888],[-76.862760869772146,5.5453823628062686],[-76.862592803982025,5.5453754765272878],[-76.862424736198363,5.5453098831000611],[-76.862249660132363,5.5450955571231777],[-76.862192228657264,5.5448632467861945],[-76.862272108826886,5.5446542234109177],[-76.862440315666575,5.5444225666145481],[-76.862516212195189,5.5441908025615279],[-76.862646917265437,5.5440360032018514],[-76.862859558380507,5.5439558791170471],[-76.863084389189353,5.5439384737728421],[-76.863301822926616,5.543939073307568],[-76.863535067906838,5.5439278604968942],[-76.863729933671792,5.5439222441347402],[-76.863874657194714,5.5438731503479506],[-76.864069008110121,5.5437760395752909],[-76.864198783300736,5.5435963196359319],[-76.864233291337598,5.5434194836371971],[-76.864249118989662,5.5432770611977595],[-76.864362596092278,5.5430046553685326],[-76.86449626851666,5.5429058437813286],[-76.86477134454482,5.5427996821133556],[-76.86490421644659,5.5426070340301532],[-76.864997991992837,5.5422860353398109],[-76.864988440965604,5.5420565704948093],[-76.864912402339812,5.5418350051936587],[-76.864854396687335,5.5416145292403707],[-76.864836407722308,5.5413545727432743],[-76.864854535160902,5.5411448483663266],[-76.864866010487688,5.5405932838169409],[-76.864759521527148,5.5404723020328621],[-76.864668447820975,5.5402743807445924],[-76.864630188468681,5.5400737737589498],[-76.864424062597976,5.5399278796489488],[-76.864270688684115,5.5398622150885961],[-76.864080901304192,5.5397587866168019],[-76.863905240520609,5.5396501422595623],[-76.863932419888428,5.5394868898578178],[-76.864099709304298,5.5392523468808665],[-76.864256291715805,5.5391373520818901],[-76.864464755763052,5.5392055572084935],[-76.864729168881937,5.5392667272810252],[-76.864965797822762,5.5392667874935926],[-76.865167711967729,5.5392646608114884],[-76.865305426507589,5.5391437022127628],[-76.865362179810205,5.53894373052999],[-76.865341482637703,5.5387593888950351],[-76.865259141147732,5.5385197924656104],[-76.865152899328194,5.5382784089299468],[-76.865033953777726,5.5381150314663641],[-76.864972813661012,5.5379381036949535],[-76.864947198475932,5.5376654496574611],[-76.864942197245398,5.5375023516924049],[-76.865062884730037,5.5372681171103917],[-76.865263881088723,5.5370898661527157],[-76.865484451403645,5.5369910105314686],[-76.865644646717158,5.5369543958403504],[-76.865793321822551,5.5369221753087539],[-76.865988776561451,5.5368685971805993],[-76.866197486757571,5.5368166706307811],[-76.866449421955821,5.5367167620080524],[-76.866701394690708,5.5365865041484108],[-76.866876698507596,5.5364846084888573],[-76.867037542291754,5.5364326369831884],[-76.867189309611348,5.5363677057001848],[-76.86733823161866,5.536329878570478],[-76.867544680651719,5.5362960295964934],[-76.867826672356003,5.5362424959705763],[-76.867944906908889,5.5361588393845409],[-76.868085694126364,5.5360391314165733],[-76.868287973907741,5.5358470555742718],[-76.868399152247846,5.5357379659592043],[-76.868546438357541,5.5356016089840505],[-76.868704054147599,5.5355154168046328],[-76.868922542083467,5.5355490717894709],[-76.869238474195967,5.5353338810082411],[-76.8693376162242,5.5351572854247832],[-76.869451634975718,5.5350200000635503],[-76.869565673744646,5.5348296036610991],[-76.869664965255041,5.5346657417621898],[-76.869833123849119,5.5345210656896535],[-76.870016508823198,5.5343166154998569],[-76.870153601105955,5.5341787694395661],[-76.870328536810362,5.5340182543514622],[-76.870527152775637,5.5338522090885132],[-76.870734197889774,5.5336567685437794],[-76.870917611739713,5.5334973881818765],[-76.871145519957139,5.5332917332355498],[-76.871336268619956,5.5331776601612024],[-76.871740657696137,5.5331020508280293],[-76.872038558039691,5.5329823233365714],[-76.872274909120648,5.532942911821598],[-76.872533862118146,5.5328796413979431],[-76.87282428199255,5.5328175728254063],[-76.873067973093711,5.5328053149470664],[-76.873335366872297,5.5327544689652042],[-76.873510302932374,5.5326516669123986],[-76.873686288303631,5.5325037015441589],[-76.873938568272422,5.5322098686028012],[-76.874045207690017,5.532056178799885],[-76.874212885583404,5.5317521748482861],[-76.874319606433488,5.5313859571570925],[-76.874381093718526,5.5311960829855575],[-76.87453346454555,5.5309915976414707],[-76.874632244519688,5.5308536619609203],[-76.875000349420873,5.5306534858007357],[-76.875268585835556,5.5305076007941159],[-76.875500082686656,5.5303816976135156],[-76.875927178903169,5.5298645173787842],[-76.876151121864424,5.5292792049756176],[-76.876160484706432,5.5292390512338159],[-76.876277109420684,5.5287389394893998],[-76.876306503794396,5.5284732479239311],[-76.876370904562364,5.5278911420819616],[-76.876371244470761,5.5269014403467844],[-76.876349793137535,5.5253597621727319],[-76.876195093366093,5.5244096727276828],[-76.876112409492933,5.5237034028308294],[-76.876100604948107,5.5236025719542567],[-76.8760852088447,5.5233549083004281],[-76.876043966264476,5.5226914902655304],[-76.87596865131728,5.5216078277289711],[-76.875963677098881,5.5215362452394778],[-76.875947903239634,5.5212682230262375],[-76.875895779742848,5.5208001959906987],[-76.875584812021913,5.5175426334377935],[-76.875572485532388,5.5174475919957864],[-76.875449852764532,5.5166110913025079],[-76.875446207253958,5.5163108522411068],[-76.875442139541164,5.5159757199561925],[-76.875439930586623,5.515793889917683],[-76.875525001889599,5.5151926349134897],[-76.875547399468843,5.5150343318261807],[-76.875609836772213,5.514843571425506],[-76.875716327932594,5.5145182103928345],[-76.87580852025603,5.5141607547283291],[-76.875980181576196,5.5137764909245899],[-76.875988320386597,5.5137582710964717],[-76.875989712169812,5.5137530645557034],[-76.875990597194161,5.5137497512246867],[-76.875988325607977,5.5137492269732933],[-76.875979579848277,5.51375183850997],[-76.875559551048582,5.5138833492058898],[-76.875558294701293,5.513883742063598],[-76.875429292104243,5.5139240954287434],[-76.87483442660637,5.5138051222128626],[-76.874358535606589,5.5137337380368558],[-76.873935545287466,5.5135017753195781],[-76.873711526535459,5.5133789261717006],[-76.873620901825831,5.513329229831017],[-76.873258899818524,5.5131281176508589],[-76.873143275716004,5.5130227789488204],[-76.872905961493956,5.5126931767690843],[-76.872730010691583,5.5123764237022224],[-76.872627793381071,5.5120186612305853],[-76.872478760238153,5.5114970449943828],[-76.872081965344449,5.510505058110895],[-76.872050456874348,5.5104262888045161],[-76.871526975867368,5.5099979848212044],[-76.871157400269766,5.509899106888505],[-76.870896611313825,5.510029502281709],[-76.870757651224096,5.5100989820784418],[-76.870529221625276,5.5102703042653323],[-76.870115195578052,5.5104416255484896],[-76.869972430424156,5.5105558406468838],[-76.86992434014897,5.5106067561571992],[-76.869729723665046,5.5108128221576287],[-76.869572678481703,5.5109413113855927],[-76.869287143608418,5.5109984191152526],[-76.868844564449901,5.5108842049265183],[-76.868741574346188,5.5107812158019982],[-76.868601858803345,5.5106415006516745],[-76.868287770184565,5.510341687973864],[-76.867845189793201,5.5102131965699579],[-76.867787739023484,5.5102013873982933],[-76.86702979522687,5.5100455738096548],[-76.866874369851615,5.5098277245619904],[-76.866831953031976,5.5095944299619459],[-76.866817262819239,5.509513636186731],[-76.866745879083055,5.5091281629803532],[-76.866645942689303,5.5088854567550349],[-76.866346129709754,5.5088711804695389],[-76.866153183507336,5.5088822068348309],[-76.866032406868484,5.5088891078404991],[-76.865846442792659,5.5088997347577573],[-76.865332479439999,5.5088997345515969],[-76.865032668318946,5.5088997345202042],[-76.864690025493942,5.5088997345658752],[-76.864171225798941,5.5088416537122695],[-76.863726768353686,5.5088460142171289],[-76.863361274147664,5.5088504050236526],[-76.863037017254129,5.5088695496831486],[-76.863015406725651,5.5088717723261578],[-76.862676023971616,5.5089066754085438],[-76.862611161562199,5.5089090019818396],[-76.862474289568169,5.50891391372783],[-76.862269284689177,5.5089212689374287],[-76.861748109576538,5.5089538142945971],[-76.861344877509765,5.5089966224299518],[-76.861281308922827,5.5090184403140299],[-76.860865471336183,5.5089841938447206],[-76.860364164786759,5.508914012412002],[-76.860021523314145,5.5088997345167598],[-76.859636049566902,5.5090139496363015],[-76.85947900668441,5.5091709914340763],[-76.85941332845222,5.5093492599325513],[-76.859407622470854,5.5093526262589281],[-76.859307235713587,5.5094645937631634],[-76.859098291676816,5.5096976468618006],[-76.858907935143989,5.5099831825948682],[-76.858729475569277,5.5103044101178167],[-76.85862239920867,5.5104471776075314],[-76.858158405653086,5.5106256365929145],[-76.85782527917479,5.5107089187523517],[-76.857373182690267,5.510994454602038],[-76.857182827210778,5.5111491193472473],[-76.856730728953636,5.5112799892684121],[-76.856326220603194,5.5112918862939937],[-76.856016891195978,5.5113156810365682],[-76.855612382474533,5.5113275785047611],[-76.855350641995159,5.5113394762436876],[-76.855107356074484,5.5113394747369231],[-76.854249886670544,5.5119634746025552],[-76.853916528581266,5.5121848995783376],[-76.853588695737642,5.5123486320399016],[-76.853087206703279,5.5125790346218286],[-76.852845353848807,5.5127140669826176],[-76.852642110952786,5.5128275429999816],[-76.852419088628565,5.5129762563365672],[-76.85230820058618,5.5130501967480789],[-76.852093190994452,5.5131935684208138],[-76.851550936253815,5.5135924194237269],[-76.851002019457212,5.5139403596619871],[-76.850686612841372,5.5141719151897233],[-76.850563119503633,5.514272514098927],[-76.850427695138137,5.514419408124664],[-76.850440587199458,5.5144566677660114],[-76.850477266992229,5.5145878034933382],[-76.850546299114868,5.5148550793385702],[-76.850547643946484,5.5148602881033337],[-76.850575909830312,5.514985039099197],[-76.85062755786312,5.5152129885293215],[-76.850639429583396,5.515257045250177],[-76.850677267231134,5.5153974769069389],[-76.850707042725787,5.5155079941627223],[-76.850981852969269,5.5159541852536931],[-76.850992157476725,5.5159846828627677],[-76.850927816277078,5.5163773618025758],[-76.850949998076231,5.5164417357399556],[-76.851078181168702,5.5168137330181306],[-76.851148642601231,5.5171053889142456],[-76.851233653073351,5.517348402029592],[-76.851244226260349,5.5173708152006302],[-76.851322745743616,5.5175372489347758],[-76.851383083426526,5.5176310457552917],[-76.851450096961045,5.5177384994165521],[-76.851608582011153,5.5179408472486822],[-76.851801891954864,5.5181749484100404],[-76.852017290533041,5.5184621382087347],[-76.85217267895294,5.5186880917889027],[-76.852219911946847,5.5187567754732463],[-76.852275433468861,5.5188375108316627],[-76.852345087651344,5.5189856492746898],[-76.852471562760229,5.5192546388570101],[-76.852584287873995,5.5194762294007012],[-76.852833499510211,5.5198425570693974],[-76.852988031915899,5.5200803753701866],[-76.852988544378036,5.5200811639640781],[-76.853227583226285,5.5203864474458264],[-76.853312788854907,5.5204863850522869],[-76.853480162702823,5.5206826941270144],[-76.854327559367889,5.5214549950561],[-76.854284152945823,5.5216911949713836],[-76.854245086907213,5.5219037590210105],[-76.854408082292608,5.5219671246643198],[-76.854628479440933,5.5220528093617274],[-76.85569442394987,5.5224672142750784],[-76.855994398579867,5.5227250461966673],[-76.856032917565642,5.5227737493504163],[-76.856046266047954,5.5227906260603365],[-76.856378947402249,5.5231987589545168],[-76.856398064478469,5.5232361130480543],[-76.856628712263543,5.5235436553978747],[-76.857031285540344,5.5238376941520979],[-76.857467193860657,5.524044663879681],[-76.857578181450847,5.5240928177887243],[-76.857649293327171,5.52412367071733],[-76.857855827560059,5.5242132757591076],[-76.858329532172334,5.5244666493779873],[-76.858826865891729,5.5247629841665944],[-76.859073241151421,5.524896480542826],[-76.859358758778384,5.5250511849558936],[-76.859590423913644,5.5251767094560762],[-76.859778788544332,5.5252787717706626],[-76.859918082004683,5.5253706544611303],[-76.860205645296801,5.5255603398483544],[-76.860232057999951,5.5255803603423672],[-76.860533875664444,5.5258091365480837],[-76.860576134304836,5.5258488254886489],[-76.860616069980011,5.5258863325974463],[-76.860650560917449,5.5259187263610965],[-76.860668064796769,5.5259351658146434],[-76.860674793431642,5.5259414853011544],[-76.860702451279209,5.5260726147580552],[-76.86069310486026,5.5261285646687544],[-76.86066563987977,5.5262929739249511],[-76.860627513707726,5.5263623101151369],[-76.860580479904442,5.526447845989515],[-76.860490303183369,5.5265566129641863],[-76.860412816697149,5.526650072156932],[-76.860187748353454,5.526874973986093],[-76.860164308586874,5.5268969191567558],[-76.859986245816998,5.5270636239272282],[-76.859700217891657,5.5274015371393936],[-76.859636316100193,5.5274949323103488],[-76.859572076841317,5.5275888200043664],[-76.859334519350327,5.5279360128095538],[-76.859175187668768,5.5282648073533434],[-76.859119162928764,5.5283804215306471],[-76.859077118556144,5.5284671820019682],[-76.858979345926073,5.5288051663660518],[-76.858965564296,5.5294720657593519],[-76.859031424594889,5.530021440739203],[-76.859144056646855,5.5305040939257157],[-76.859261916176663,5.5307376236504897],[-76.859330247765485,5.5308730175872851],[-76.859374023495903,5.5309597554076664],[-76.859542968038255,5.5312203602895149],[-76.859693592927172,5.5314527037037653],[-76.859913484207382,5.5318190169246533],[-76.860139001095021,5.5321062083629178],[-76.860476100154301,5.5325426472699384],[-76.860571177746991,5.5327088250347014],[-76.86061255871482,5.532781153950376],[-76.860643466570139,5.5328914455959763],[-76.860706025074236,5.5331146869026595],[-76.860739716134518,5.5335329279884187],[-76.860742871294846,5.5337061079887935],[-76.860744760607034,5.5338098191631993],[-76.860742229687062,5.5338573522749721],[-76.860730493041871,5.5340777531962653],[-76.860651350604144,5.5345569913535364],[-76.860609057409562,5.5347538161233381],[-76.860557603874113,5.5349932716470054],[-76.860477969355841,5.5353356918057655],[-76.860392185187294,5.5356678563453823],[-76.860355741161243,5.5358089707093328],[-76.860319177556519,5.5359505436736134],[-76.860253560418727,5.5364626129861545],[-76.86023446169412,5.536590126429993],[-76.860200578464543,5.5368163300457374],[-76.860193127105404,5.5368660795997062],[-76.860043405445396,5.5373543353106074],[-76.859855975907109,5.537796277665592],[-76.859565361553948,5.5383262576615415],[-76.859540617044459,5.5383665692486348],[-76.859317026436599,5.5387308313893175],[-76.859078802213631,5.5391298030968255],[-76.858792641528026,5.5395660106043101],[-76.858528469046504,5.5399703313677255],[-76.858399833794707,5.5401672107644311],[-76.858143208108018,5.5405854741921479],[-76.858057310352351,5.5407254758961884],[-76.857975668815499,5.5409119110138949],[-76.857896923121757,5.541091734583838],[-76.857890337508991,5.5411067715807345],[-76.857858085290687,5.5411804225049757],[-76.857831710937859,5.5412636735208025],[-76.857809312736777,5.5414105778507796],[-76.857786253400832,5.541561832557556],[-76.857786148420502,5.5418432442413037],[-76.85778401537614,5.5418837488146284],[-76.857772515121894,5.5421021335119969],[-76.857740410851207,5.542219896031396],[-76.857630321747067,5.5426237195810169],[-76.857622766788353,5.5426514272536185],[-76.857493583518362,5.5430235968136952],[-76.857482730750618,5.543054864805133],[-76.857271113060818,5.5434911000307325],[-76.857115285359484,5.5437903399383712],[-76.857009200713762,5.5439940518931721],[-76.856698007876815,5.5445298257681905],[-76.856632527844184,5.5446425617585886],[-76.856597668027945,5.544702581263631],[-76.85638606719418,5.5450879960425281],[-76.856081822310543,5.5456044056572029],[-76.856055685465378,5.5456582162392722],[-76.855903980720782,5.5459705717579313],[-76.855723554239603,5.5463498905472077],[-76.855702674587562,5.5463937872853863],[-76.855678720560604,5.5464441486952589],[-76.855500977790186,5.546787707231136],[-76.855327647921015,5.5471583952366226],[-76.855280450506882,5.5472762503310529],[-76.855145262778649,5.5476138126899519],[-76.854977036752629,5.5480874097654498],[-76.85484086353776,5.5485292799150043],[-76.854774399112202,5.5486834796497009],[-76.854677185673296,5.5489090137587729],[-76.854588490021086,5.5493362509943429],[-76.854546048371787,5.5496369082181056],[-76.854560617832135,5.5497737319795641],[-76.854897884697294,5.5500180142935553],[-76.855399851733324,5.5500453312737905],[-76.855844295986046,5.5501630537944235],[-76.855894578920697,5.5501851103556721],[-76.856034559562275,5.5502465173127522],[-76.856187192508074,5.5503134725780221],[-76.85655265026935,5.5504730335447796],[-76.856853862135864,5.5506254324732396],[-76.856923785582225,5.5506608096022765],[-76.85700437233092,5.5507162725369001],[-76.857132680712198,5.5508045784570665],[-76.857209718797677,5.5508575975749652],[-76.857231253908665,5.5508719262530386],[-76.857417567247609,5.5509958955765333],[-76.857461634954916,5.5510252172994301],[-76.857556468413307,5.5510883156118078],[-76.857927039357904,5.5513326092051374],[-76.858212880531553,5.5515384392988913],[-76.858396208309898,5.551708058836903],[-76.858444856195092,5.5517635504945133],[-76.858541132334494,5.5518733683745856],[-76.858548495925376,5.5518817658198705],[-76.858564726733334,5.5519002809919726],[-76.858686492228514,5.5520970066882951],[-76.85884656021679,5.5524497337697358],[-76.858849437337142,5.5524576846705864],[-76.858937351115713,5.552700705271123],[-76.858997032254308,5.5528815830661022],[-76.859011083776622,5.5529516690755241],[-76.859034376765351,5.5530782447512266],[-76.859062874739308,5.5532331002579118],[-76.859095696829755,5.5533828391694273],[-76.859137208264556,5.5535722307329731],[-76.859185029916262,5.5540933832431714],[-76.859180402296104,5.5544076193680567],[-76.859166757116938,5.5546980676617164],[-76.859166719269851,5.5548020588364597],[-76.859143456111795,5.5549851685789733],[-76.859109952092751,5.5550789104600549],[-76.859060900628606,5.5552161477413282],[-76.85903115820247,5.555299362447327],[-76.858881509652093,5.5555717660730011],[-76.85886566735995,5.5556798139444643],[-76.858860522020393,5.5557148986443181],[-76.858846421857749,5.5558110627199406],[-76.858893840588863,5.5560301832627106],[-76.859061770561951,5.5568061503349524],[-76.859116493336018,5.5569413775226737],[-76.859215169351657,5.5572028499367292],[-76.859332592038271,5.5574822989080941],[-76.859458231664235,5.5577255774605216],[-76.859585411208414,5.557932721185642],[-76.859747846355191,5.5581035689433635],[-76.859909879108088,5.5582834526412883],[-76.860049177849461,5.5584408609283438],[-76.860189206128609,5.5588692360280145],[-76.860261824351184,5.5593205068754514],[-76.86039623358252,5.5597624568520736],[-76.860514456852812,5.5600960955335648],[-76.860680216818253,5.5604170418984058],[-76.8607754079909,5.5610680036523457],[-76.860936947616693,5.5611624405884914],[-76.861062744542664,5.5612285992123445],[-76.861151257680604,5.5613411714491541],[-76.861253801996966,5.561695567863179],[-76.861279644175283,5.5619193553059061],[-76.861303242140451,5.5621063944661744],[-76.861322126314008,5.5622878525002584],[-76.861517915546955,5.5624190712454231],[-76.861758886869183,5.5624776361891817],[-76.861969873889109,5.5624864863774892],[-76.86214251021957,5.5624865726066295],[-76.862302717291399,5.5624701905056728],[-76.862489676211993,5.5624493456130404],[-76.862691946484077,5.5624064813929124],[-76.862932236439789,5.5623580176578571],[-76.86324083893976,5.5623253061475637],[-76.86340890957662,5.5623321897880276],[-76.863607462823254,5.5623616004573213],[-76.863768199605033,5.5623616523111181],[-76.863980855633301,5.5623611901809937],[-76.864187866562787,5.5623675264882575]]],[[[-76.894183449811052,5.5694907082525873],[-76.893987244715262,5.5696891811087843],[-76.89399053653166,5.570380655670502],[-76.893995953934891,5.5715165913250742],[-76.894000897630832,5.5725537172874997],[-76.894005135595776,5.5734427217121905],[-76.894058361564404,5.574282088188081],[-76.894159337545418,5.5747755643443737],[-76.894211235343917,5.5753185949722335],[-76.894312451282062,5.575861388080475],[-76.894315044861585,5.5764046531984954],[-76.894368034719562,5.5771946134025976],[-76.895062439010275,5.5780803107947561],[-76.89521249029427,5.5785241478402021],[-76.895954936505746,5.5791626736403508],[-76.8960561524637,5.5797054648403321],[-76.897393448094675,5.5810325391292563],[-76.898630803345299,5.5820638350672462],[-76.899914398400341,5.5824527282369303],[-76.901344177288678,5.5824952608500711],[-76.902476293485705,5.5821440730962095],[-76.904100610992771,5.5816423901835117],[-76.905182702645547,5.5811433148927136],[-76.905920748775969,5.5808434245724765],[-76.908029533794732,5.5785612839971561],[-76.90842335593328,5.5784606704343496],[-76.908865389831689,5.578112798512052],[-76.909305439852631,5.5773697887999125],[-76.909450287686767,5.5767271033500077],[-76.909540048126942,5.5748992397284747],[-76.909586753664939,5.5743557449636629],[-76.909733733107018,5.574157416280511],[-76.909979237306288,5.5739587076801955],[-76.910026180152613,5.5734646161868042],[-76.910368410056549,5.5728702925950726],[-76.910809640821725,5.5723742137613517],[-76.911200943194913,5.5717303394891804],[-76.911542457360767,5.5709878080474375],[-76.912178225581414,5.5699476147898661],[-76.912766906181901,5.5693521024993995],[-76.913019045790236,5.5705362382860883],[-76.913518679410785,5.5719167021068454],[-76.914066109976659,5.5730006020511871],[-76.914414030371958,5.5735915978400943],[-76.914908596874611,5.5739349551269033],[-76.915649236585637,5.574178311767473],[-76.916486976353838,5.5741248649141903],[-76.917225387814369,5.5739237734830107],[-76.917569034838777,5.573625780945247],[-76.918307918768491,5.5735234026475382],[-76.918998058128878,5.5735200699404155],[-76.919785010715884,5.5732003255616478],[-76.919824220169701,5.5731843949165132],[-76.919832521007393,5.5729905032201561],[-76.919722707170919,5.5729083503158581],[-76.919711001434038,5.5729057421804118],[-76.919716433327153,5.5728855889792355],[-76.919759796649032,5.5724409068094376],[-76.919779105846061,5.5716944252767444],[-76.919798365337812,5.5711202115884193],[-76.919168117437039,5.5704501149290504],[-76.917487378408239,5.5689758206825335],[-76.91618858661414,5.5679992851781064],[-76.915138152789297,5.5670036770369649],[-76.914469690736709,5.5663909867095693],[-76.914126000370644,5.5657592479449125],[-76.913954239634691,5.565146697519995],[-76.913686986505354,5.5644384170212016],[-76.913171375903403,5.5637683484337161],[-76.912178294058975,5.5626770476507961],[-76.910287417162834,5.5613366562748414],[-76.909657173426027,5.5607239732599192],[-76.909007849886635,5.5600347204766436],[-76.908358601803329,5.5590918542836372],[-76.907881344693706,5.5579552372944017],[-76.907583149789446,5.5569383026594448],[-76.907583223699206,5.5566879485732281],[-76.907552554538384,5.5565643546969099],[-76.907529653242108,5.5564135473913643],[-76.907496252782011,5.5561935819984232],[-76.907505445001462,5.555606932545909],[-76.907533253302262,5.5550248107586713],[-76.9075655556193,5.5544935555931447],[-76.907603224216231,5.5541635397560754],[-76.907603511390334,5.5541561193806777],[-76.907475348611371,5.5540448370635973],[-76.906919976126119,5.554007759045386],[-76.906613068141496,5.5539385087927391],[-76.906374953329433,5.5539105678859553],[-76.906340550422058,5.5539357509137872],[-76.906358773791496,5.5539011608368485],[-76.905322816476968,5.5549915857497663],[-76.904549479552927,5.5558244255945741],[-76.903776141637323,5.5570736386142343],[-76.903002835868264,5.5576684867269304],[-76.901456211993988,5.5580254301540775],[-76.900325968359908,5.558798739623632],[-76.899552628770181,5.5596911010798422],[-76.89895776208688,5.5601074301106213],[-76.898005957316016,5.5602859393463504],[-76.897173194142539,5.5602859495849355],[-76.895685974535667,5.5602859245186336],[-76.894674722119689,5.560285968070521],[-76.893782435781787,5.5601669443438206],[-76.892711671136823,5.5601074752790831],[-76.892378452121861,5.5600040235792827],[-76.892562985188306,5.560459984232093],[-76.892713494992563,5.561002638204025],[-76.892863680454184,5.5614957891907837],[-76.893112719514093,5.5620378800324506],[-76.893313241900955,5.5627284174651335],[-76.893317708499922,5.5636667365537802],[-76.893619113964093,5.5648506614935629],[-76.894015755662309,5.5653427299255966],[-76.894312932553703,5.5656376495048505],[-76.894660358045698,5.5661298599279565],[-76.895207282699602,5.5671150810109422],[-76.89560496119509,5.5678045796351832],[-76.896346213053377,5.5681961827996043],[-76.897580698695592,5.5686347388379893],[-76.897879526292684,5.5692753925785183],[-76.897436866066442,5.5694751337833637],[-76.896746719941206,5.5694784396386368],[-76.896155190257289,5.5694812730688454],[-76.895662277207165,5.5694836316617264],[-76.894922109861696,5.5693389599881282],[-76.894183449811052,5.5694907082525873]]],[[[-76.821818089432881,5.5559089075159562],[-76.821975234282291,5.5559173220817426],[-76.822128786125759,5.5559345878108353],[-76.8222757590123,5.5559619503550364],[-76.822454574518034,5.5560084437244184],[-76.822576873262449,5.5560360545940881],[-76.822703390484278,5.5560598445018652],[-76.822740806599398,5.5560661434380876],[-76.823089838352985,5.5561248987495722],[-76.823197068532409,5.5561463230321975],[-76.823269483888097,5.5561637179769363],[-76.82330074134083,5.5561712243994776],[-76.823399461628028,5.5562009989342727],[-76.823804936057911,5.5563539771166832],[-76.823891499800467,5.5563888673917914],[-76.824047834830637,5.5564584903886942],[-76.824161054515116,5.5565023336405819],[-76.824366361953054,5.5565746721510392],[-76.824453368655156,5.5566083719575401],[-76.824536446872614,5.5566459964529651],[-76.824688342289022,5.556732491955592],[-76.824741520525933,5.5567627737571028],[-76.824879889681526,5.5568495275764311],[-76.824951934095196,5.5569060333871523],[-76.825011503970075,5.5569650248364635],[-76.825162428022466,5.5571462320977876],[-76.825304482207585,5.5573103277499953],[-76.82547598522541,5.5575084394013867],[-76.825607078049956,5.5576723368859016],[-76.825675225065325,5.5577597193284349],[-76.825754513655738,5.5578803037847546],[-76.825804008301802,5.5579555785812387],[-76.825855519739676,5.558030116960639],[-76.825898778550169,5.5580855920377807],[-76.826057730536959,5.5582783277595063],[-76.826151966626639,5.5583836931433268],[-76.826376620371747,5.5586348733908375],[-76.826447618038102,5.5587237406045826],[-76.826571279648832,5.5588907027170826],[-76.826612657132841,5.5589604493780191],[-76.826621458161682,5.5589783152860699],[-76.82668707737453,5.5591115300917009],[-76.826778611286045,5.559313533548405],[-76.826791607099238,5.5593469103897322],[-76.826832317968311,5.5594835792452422],[-76.826844070210242,5.5595441530316441],[-76.826861162910987,5.5596322467360917],[-76.826881085170882,5.5597899418012595],[-76.826894354709395,5.5599550811686012],[-76.826902608172276,5.5601461867875406],[-76.826908114258586,5.560596783431496],[-76.826904747721159,5.5610643926999375],[-76.826894555103635,5.5616994083675459],[-76.826896114867296,5.5617309748584471],[-76.826894791849,5.5617839100548414],[-76.82689662747724,5.5618049022559246],[-76.826904120625585,5.5618905605244571],[-76.826915031469071,5.561953527305973],[-76.826931636576248,5.5620169176324943],[-76.826945960111388,5.562056001880717],[-76.826963227750781,5.5620921078222114],[-76.826965817246361,5.5620963089820412],[-76.826981899796806,5.562122399156479],[-76.827069591227684,5.562233073656432],[-76.827088225418848,5.562273807687502],[-76.827101111903772,5.5623202030327157],[-76.827109860086395,5.5623706870218257],[-76.827119461695602,5.5624795083345742],[-76.827127123297686,5.5627756888770961],[-76.827128499779207,5.5628289198667842],[-76.827135245696553,5.5629460132789967],[-76.827150146366776,5.5630582388282992],[-76.827162740059734,5.5631111874294383],[-76.827183779340331,5.5631713413869406],[-76.827204482417159,5.563217565817852],[-76.827228350645441,5.5632595950425525],[-76.827248845152837,5.5632883556203838],[-76.827298260964014,5.5633576966492138],[-76.827317862787467,5.5634014268719589],[-76.827332014950017,5.5634500796201429],[-76.82734207776123,5.563502446851734],[-76.827353899465706,5.5636147582875948],[-76.827358828273248,5.5637515735615501],[-76.827360222602977,5.5637902857538037],[-76.827358373804088,5.5644322741211196],[-76.827358024344534,5.5648501769634766],[-76.827356449735305,5.5667308733773035],[-76.827359831368327,5.5672486108697727],[-76.827362244515626,5.5673431461877376],[-76.827368481284665,5.5675873005478493],[-76.827375374944751,5.567731813846807],[-76.827385117844727,5.5678734478634802],[-76.827386941869918,5.5678920642809224],[-76.827398617003254,5.5680112801378758],[-76.82741703200908,5.5681441427529696],[-76.827441806260211,5.5682705751744361],[-76.827474740420598,5.5683887551437357],[-76.827629797678242,5.5687846609325611],[-76.827668492114768,5.5688718372195822],[-76.827744032999064,5.5690217869996435],[-76.827882640051186,5.569334297831519],[-76.827955621123238,5.5694868350403768],[-76.82800372347522,5.5696067194849581],[-76.828011431403695,5.5696284391819972],[-76.828092392180395,5.5698565617117213],[-76.82814204426893,5.5699773318093468],[-76.828310052317974,5.5703181409701843],[-76.828369008553082,5.5704268304293736],[-76.828533618775324,5.5706748651395799],[-76.828548781335812,5.5706977092988348],[-76.828642063650776,5.5708297149827901],[-76.828683765574496,5.5708969329064617],[-76.828772549616033,5.5710400486777329],[-76.828816850226673,5.5711056377769488],[-76.828893416628247,5.5712031767059207],[-76.829018835970544,5.5713540563636803],[-76.829194812593755,5.5715368677938715],[-76.82923964067497,5.5715834386402365],[-76.82945421047728,5.5717761385265252],[-76.829496532493948,5.5718103995323167],[-76.829607616659644,5.5718903322779862],[-76.829680759565264,5.5719398358555798],[-76.829744469974258,5.5719782730310774],[-76.829846214393569,5.5720272552879395],[-76.829954693176333,5.5720694273904412],[-76.830229333572959,5.5721669517957571],[-76.830354688288352,5.5722170912996951],[-76.830389713777791,5.572231102732605],[-76.830498598682667,5.5722675225660296],[-76.830541528839575,5.5722795166393029],[-76.830811492331264,5.5723549301878492],[-76.830909067561663,5.572384900242886],[-76.831051564951451,5.5724332789456392],[-76.831076628932038,5.5724417890628102],[-76.831203234289518,5.5724763206465884],[-76.831335305207347,5.5725053280856462],[-76.83169920158727,5.5725783248126683],[-76.831809581172706,5.5726059148684541],[-76.831983481946551,5.5726563876706878],[-76.832110496614376,5.5726859452567785],[-76.832242844245599,5.5727101032718744],[-76.832656908372414,5.5727739272934862],[-76.832745184401375,5.5727908864967537],[-76.832795318437249,5.5728005162688312],[-76.832817764836221,5.5728062106087446],[-76.832926987011859,5.5728339199061736],[-76.833095650561972,5.5728896909444829],[-76.833357872000491,5.5729667805944851],[-76.833484752153765,5.5730040828605549],[-76.833609914684217,5.5730486338936824],[-76.833765682733656,5.5731174468922031],[-76.833990596500058,5.5732104718590847],[-76.834081400356908,5.5732508410197266],[-76.834231316130158,5.573325571463152],[-76.834543505976072,5.5734625334040162],[-76.834609838402613,5.5734950063193036],[-76.834694311830177,5.5735363647727407],[-76.83493533518056,5.5736366038555012],[-76.835050674368276,5.5736874772283782],[-76.835157524337774,5.5737469366437615],[-76.83523913472122,5.5738073381741113],[-76.835343434073266,5.5738985503073488],[-76.835399180648437,5.5739552321866448],[-76.835443378472021,5.574008482128872],[-76.835589325147026,5.5742156220974168],[-76.835608526981034,5.5742411475809952],[-76.835686022610361,5.574344173295815],[-76.835869951597559,5.5746108486856603],[-76.835924588920705,5.574706223318433],[-76.836028166945937,5.5749035330198291],[-76.8361103208033,5.5750467904491909],[-76.836261057293811,5.5753470399847318],[-76.836343472781223,5.5754900337202002],[-76.836417003148128,5.5756296467769699],[-76.836452225707291,5.5756965272437773],[-76.836501559868395,5.5757828466641364],[-76.836543847478609,5.575847492105793],[-76.836768888867894,5.5761915231630939],[-76.836819079709414,5.5762835763973486],[-76.836928399012649,5.5765079318541089],[-76.836994108136025,5.5766427872311937],[-76.83703762768711,5.576752694812102],[-76.837042911264874,5.5767660356035522],[-76.837113413595148,5.5769805641710395],[-76.837126657813883,5.5770208591076953],[-76.837129269058096,5.5770282367530575],[-76.837170179083898,5.5771437608564014],[-76.83723485220024,5.5773046980225951],[-76.837279959058989,5.5774371810822734],[-76.837357970109821,5.5776978048480537],[-76.837398696429375,5.5778180356235376],[-76.837462236237286,5.5779801205662514],[-76.837493587240203,5.5780708148064297],[-76.837586097629625,5.5783779747888769],[-76.837625638883338,5.5784939040936115],[-76.837689507543431,5.5786556562695502],[-76.83772196222138,5.578748899638998],[-76.83781555667737,5.5790567946125931],[-76.83785404719346,5.5791682915413361],[-76.837918380824846,5.5793295764155886],[-76.837951965157259,5.579425343456264],[-76.838046274803574,5.5797343496713729],[-76.838083373381679,5.5798417523759092],[-76.838147420723544,5.5800033252530588],[-76.838181416615924,5.5801023421536797],[-76.838271759450564,5.5804171921479941],[-76.838361171072719,5.5806925399803413],[-76.838394899145698,5.5808281870577154],[-76.83841989841288,5.580979766874588],[-76.838438216082295,5.5811621448225104],[-76.838450862019997,5.5813669425656744],[-76.838458859289759,5.581584211361192],[-76.838463206847791,5.5818040387437291],[-76.838464550659694,5.5822120606337577],[-76.838461199714047,5.5826285003077301],[-76.838468516057333,5.5830328169405519],[-76.838474236508475,5.5833488962865019],[-76.83849049909864,5.5842474822611745],[-76.838499683707596,5.5847551009361354],[-76.838504448702068,5.5852733687221363],[-76.838507773918622,5.5863037719417541],[-76.838509033848368,5.5863943140592616],[-76.838512526839224,5.5866448896906107],[-76.838523405929905,5.5869824013832821],[-76.838532679457259,5.587148847988094],[-76.838545700052407,5.5873129972068218],[-76.838563675770047,5.5874740681601294],[-76.83858811520885,5.587631066697881],[-76.838628702107457,5.5878283896421808],[-76.838636837367474,5.5878679411607539],[-76.838658908466883,5.5879929013070866],[-76.838676653109658,5.5881205861325736],[-76.838692106527702,5.5882664895705014],[-76.838700134507192,5.5883806577475905],[-76.83870399745777,5.5884932828692406],[-76.838703916447599,5.5886062001961045],[-76.838698379765432,5.5887595860619923],[-76.838694360902778,5.5888181801853456],[-76.838678198908795,5.589053792556725],[-76.838670429085411,5.5891287266834153],[-76.838670373094899,5.5891292625302551],[-76.838663263810474,5.5891978225563701],[-76.838614304126779,5.5895328580229675],[-76.838602220087623,5.5896389225103507],[-76.838595318522422,5.5897441566171944],[-76.838594255428205,5.5898511621104294],[-76.83860168583314,5.5899891969316311],[-76.838617406571757,5.5901260107817157],[-76.838639745995422,5.5902605382248076],[-76.838705768095593,5.5905983026965185],[-76.838732124817895,5.5907237268219507],[-76.838767366911881,5.5908692278801295],[-76.838807679972248,5.5910117212213351],[-76.838853307425524,5.5911491464037155],[-76.838931155274736,5.5913535122390394],[-76.838979327821747,5.5914685199370213],[-76.839034190962678,5.5915784477480104],[-76.839072042256319,5.5916409006067225],[-76.839131684280687,5.5917222622284921],[-76.839197819439107,5.5917968774101094],[-76.839264378629949,5.5918616118619804],[-76.839438003305958,5.5920144026082212],[-76.839488876662884,5.5920539286526552],[-76.839593920150307,5.5921268737877012],[-76.839676088400907,5.5921793550755243],[-76.839799786477485,5.5922458568958424],[-76.839920035542093,5.5922966600303949],[-76.840044479892697,5.5923410694776221],[-76.840139805638202,5.5923716389006755],[-76.840291847993299,5.5924093034910314],[-76.840452460780725,5.5924379893099649],[-76.84056438619487,5.5924528839222987],[-76.840619324128866,5.5924601948104922],[-76.840790682751447,5.5924777844520115],[-76.840965230479526,5.5924921113618424],[-76.841320314898212,5.5925144011368477],[-76.841859728731791,5.592537239315706],[-76.842153182105108,5.592543415902429],[-76.84239948370147,5.5925486021372466],[-76.843090810264513,5.5925553285146519],[-76.843399273487137,5.592551024250084],[-76.843487864887123,5.5925460590748921],[-76.843564783361714,5.5925363755457811],[-76.84363911846971,5.5925203121252558],[-76.843736005746365,5.592487405248213],[-76.843811947297112,5.592453743608691],[-76.843884503986956,5.5924133903909077],[-76.843919394717844,5.5923898948904665],[-76.84398176865929,5.5923392203999542],[-76.844034505708692,5.5922846540067788],[-76.844042964792536,5.5922740966640818],[-76.844058394460433,5.5922548428866108],[-76.844094191195154,5.5922022830198168],[-76.844140303769152,5.5921085646320723],[-76.844170161322424,5.5920064168634598],[-76.84418221170877,5.5919086462541072],[-76.844180683797404,5.5918083532557468],[-76.844160586830071,5.591678738969784],[-76.844134754159313,5.5915808646964349],[-76.844101414103477,5.5914714659560536],[-76.844063013132072,5.5913605255753573],[-76.844031961760223,5.5912813703092414],[-76.843954922147674,5.5911033766810636],[-76.843900166856329,5.5909664433025537],[-76.843890075080765,5.5909412057190027],[-76.843847126273673,5.5908237772688008],[-76.843810203511254,5.5907057891580427],[-76.843795891649236,5.5906487865344872],[-76.843773798279187,5.5905083619208611],[-76.843770172331801,5.5903684654511014],[-76.84378577104674,5.5902332613048493],[-76.843822772563144,5.5901073982813188],[-76.843856103981807,5.5900380977587725],[-76.843895740030277,5.5899732239249493],[-76.843940997029378,5.5899121491649559],[-76.843974972363327,5.5898729873573911],[-76.844016536242137,5.5898317025095627],[-76.844071885138973,5.5897845815014886],[-76.844130776628617,5.5897422303682616],[-76.844197982117947,5.5897029870080939],[-76.84428048086221,5.5896683136543777],[-76.844368140355186,5.5896437046580916],[-76.844393556288466,5.5896401716148834],[-76.844518844729663,5.5893818597723079],[-76.844717797960968,5.5888028472482141],[-76.8448350211915,5.5885584187183079],[-76.844979873926235,5.5883228922868193],[-76.845115164133617,5.5881054767702354],[-76.845476267247065,5.5874805370814569],[-76.845684375011331,5.5870460898144501],[-76.845964176673093,5.5865208893864349],[-76.846235419794795,5.5859776664284153],[-76.846415481051523,5.5855613270411792],[-76.846660088744343,5.5848556462845202],[-76.846831381334937,5.5843761208153149],[-76.847066885404899,5.5836524168777171],[-76.847220101980724,5.5831639459891003],[-76.847454940584143,5.5824131480764887],[-76.847590415466655,5.5818705663688055],[-76.847671916994884,5.5812379146354232],[-76.847744285763724,5.5806956275435837],[-76.84797951614263,5.5801435440902694],[-76.848332351563442,5.5795638072099214],[-76.848981648445672,5.5786665377369333],[-76.849207423457187,5.578385469526685],[-76.849956946670432,5.5776955641652952],[-76.850372945169553,5.5773774684869535],[-76.850705725113485,5.577095896061838],[-76.851157400048265,5.5766963408831174],[-76.851690250092162,5.5763054334672901],[-76.852214169745579,5.5759326362228361],[-76.852719518598562,5.5755599236822144],[-76.853243022381264,5.5752142241636768],[-76.853847321211134,5.574795884142965],[-76.854687318645858,5.5741957833222857],[-76.855247167955696,5.573795716759423],[-76.855743083031015,5.5734501483251853],[-76.85614998372364,5.5732314505329681],[-76.856673192539262,5.5729580987858638],[-76.857215052372453,5.572567150078136],[-76.857530996693143,5.5721772653356521],[-76.85799186086733,5.5714525017756031],[-76.858199670647608,5.5710721642112278],[-76.858297924911554,5.5707645988443097],[-76.858317226807273,5.570421279536677],[-76.858307834540753,5.5699968051314093],[-76.858344569314852,5.5695269504399763],[-76.858533803877634,5.569164765915775],[-76.858750552751047,5.568883738899423],[-76.85922024433853,5.5684840980127701],[-76.859500138705144,5.5682118068824336],[-76.859482724540229,5.56654091114014],[-76.859194538907929,5.5660093664427777],[-76.859094090353295,5.5656214496066143],[-76.859085967096448,5.565196968995485],[-76.859212673485359,5.5647086262648378],[-76.859348331986155,5.5644370171330175],[-76.859429824593633,5.564283082834435],[-76.859492830518064,5.5641473004345734],[-76.859555957937928,5.5639031297760191],[-76.859537322783368,5.5636594362935785],[-76.859330496578906,5.5632900864483981],[-76.8590871156877,5.5629298539656968],[-76.858689977610581,5.5624621370062535],[-76.8581669907459,5.5618413718079935],[-76.857733220910362,5.5614821272739059],[-76.856632861418944,5.5605208559936594],[-76.856524466966647,5.5603407176163051],[-76.856416484197368,5.5601515511536848],[-76.85632659893993,5.5599577765598536],[-76.856240819961712,5.5598136635529274],[-76.856209051309833,5.5594028429427951],[-76.856290350295225,5.5588424527030158],[-76.856398716403547,5.5585167778175659],[-76.856453952970824,5.5582816776291626],[-76.856679199701844,5.5577748058040468],[-76.856887304929145,5.5574576936008091],[-76.857157797901834,5.5571222229374424],[-76.857328641414341,5.5569136737989506],[-76.85756404703254,5.5566506280980166],[-76.857716944348596,5.5564602290013179],[-76.858015417233617,5.5563052722439705],[-76.858765239509296,5.555815509239908],[-76.858685109180456,5.5557424278879832],[-76.858666302343053,5.5557252750929775],[-76.85858085292432,5.5556473424768775],[-76.85857430662692,5.5556379717214108],[-76.858556691816446,5.5556127520066081],[-76.858487590812743,5.5555138201044585],[-76.858482168926344,5.555506059230285],[-76.858466414603143,5.5554833818713778],[-76.858322688864334,5.5552764944952591],[-76.858302833961829,5.5552397077634872],[-76.858107313728794,5.5548774460828039],[-76.857972744482836,5.5546240301608387],[-76.857942931169532,5.5545678871704514],[-76.857862073489855,5.554415619606079],[-76.857830523872849,5.5543562065117555],[-76.857497417653363,5.5538350376248031],[-76.857088619797466,5.5532335414388045],[-76.856713699986216,5.552788045485471],[-76.856645936361645,5.5527031013339876],[-76.856589809709988,5.5526327455645923],[-76.85635737445817,5.5523413799252683],[-76.855990916753385,5.5519524030350391],[-76.855908517623249,5.5518757886025751],[-76.855742811831391,5.551721719490879],[-76.855446685025186,5.5515147999352807],[-76.855165303517154,5.5514547392394196],[-76.85485106974312,5.5513935827067851],[-76.854429831873233,5.5512476544102389],[-76.854394476976637,5.5512321570777079],[-76.854150933272237,5.5511253999110428],[-76.854022053943993,5.5510689063193919],[-76.85359064074548,5.5508630192950221],[-76.853323799186086,5.5507780962116442],[-76.853311986578419,5.5507769479705891],[-76.852939163800016,5.5507406949346345],[-76.852480009155855,5.5506229631779656],[-76.851930192590984,5.5504022912570514],[-76.851654997351034,5.5503083239994053],[-76.851532507608709,5.550266498482312],[-76.85129656919095,5.5502018414318472],[-76.851222888029142,5.5501816490723819],[-76.85109959544863,5.5501674466044069],[-76.850740066053945,5.5501260311908069],[-76.85031869059361,5.5501112209693346],[-76.850039591829258,5.5501183553268154],[-76.849928349313046,5.5501211992209871],[-76.849450015882439,5.5501255348045548],[-76.8488408177342,5.550134342402087],[-76.848410565759281,5.5501017166227475],[-76.848227128554043,5.5500878071385538],[-76.847760069115495,5.5500240679360635],[-76.84757058629971,5.5499982094817195],[-76.846895449547304,5.5499142999783535],[-76.846465730894295,5.5498012059724431],[-76.846415344473741,5.5497879459862318],[-76.846215839032055,5.5497354399058763],[-76.84580494874983,5.5495513555062361],[-76.84571247052331,5.5495099243534494],[-76.845400292473499,5.5493700636415326],[-76.845072042852649,5.5492271495461472],[-76.84457915021153,5.5490125527697582],[-76.844006791234065,5.5487500837455164],[-76.843850070025667,5.5486750616447367],[-76.843650814775188,5.5485796765176731],[-76.843496338335868,5.5485057295673572],[-76.84345035271798,5.5484781614573908],[-76.843120805611889,5.5482805955727974],[-76.842848956197415,5.5480827225372975],[-76.842657261979852,5.5478576621730697],[-76.84252991657624,5.5476327175681774],[-76.842469938710551,5.5474487217456883],[-76.842459517866601,5.5474167484332018],[-76.842351397014738,5.5469612206331007],[-76.84233405621903,5.5468241805321963],[-76.842331447913267,5.5468035720990141],[-76.842322705305563,5.5467344764020448],[-76.842267007053152,5.5462942844243468],[-76.842261477578234,5.546074142127595],[-76.842260174094577,5.5460222046810737],[-76.842259457814137,5.5459937161070716],[-76.842252611874258,5.545721147016371],[-76.842255445207812,5.5456037052995519],[-76.842261241872677,5.5453634228935824],[-76.842262777911486,5.5452997532761845],[-76.842270963389609,5.5449604767083773],[-76.842282514255317,5.5448190813429656],[-76.842284688595001,5.5447924549193717],[-76.842321931467453,5.5443365468034855],[-76.842330286632134,5.5442331370175113],[-76.842343370955646,5.5440712047250367],[-76.84235969341681,5.543869194348729],[-76.842367260206402,5.5437755502118797],[-76.842373536212222,5.5436978740720972],[-76.842375643925749,5.5436769595549737],[-76.842377251168756,5.54366101027097],[-76.842406641599851,5.5433693916368965],[-76.842413405187173,5.5433022918686046],[-76.842440651460748,5.5430319329520943],[-76.842456803708004,5.5428716693576918],[-76.842483791295521,5.5425841696148135],[-76.842508635049938,5.542319515244988],[-76.842521062101937,5.5421871487508412],[-76.842526408000694,5.5421301907625056],[-76.842514446145799,5.5418132247058463],[-76.842503542923097,5.541524314254711],[-76.842471943882131,5.5414641080829892],[-76.842412121080315,5.5413501275202837],[-76.8423011760121,5.5411387421319507],[-76.842100388305923,5.5410923630612219],[-76.841961332115659,5.5411315691235288],[-76.841915161154603,5.5411445860617636],[-76.841852173440884,5.5411623455538193],[-76.841835991574044,5.5411653430013024],[-76.841750827261905,5.5411811191080869],[-76.84152337010309,5.5412232526749516],[-76.841190969187267,5.5413149843684213],[-76.84104499472447,5.5413552682675533],[-76.840712645681307,5.5414772129568393],[-76.840318403838836,5.5415573550985151],[-76.840172071636914,5.5415304019012588],[-76.839961066219601,5.5414915382015222],[-76.839913471729105,5.5414827721393749],[-76.83990608280034,5.5414814114440825],[-76.839898956046753,5.5414755800910269],[-76.839498377778412,5.5411478398694651],[-76.839282469974719,5.5407724776550866],[-76.839085210177686,5.5404863760059619],[-76.839051099600013,5.5404630760387805],[-76.838956217854545,5.5403982649338719],[-76.838919426927205,5.5403731348083234],[-76.838775646936043,5.5402749220445404],[-76.838353135921409,5.5401854082476536],[-76.837570900741852,5.5400641914517381],[-76.837273402503541,5.54001254565034],[-76.837220426747322,5.5400033491287877],[-76.836839930740069,5.5399372950254095],[-76.836429907590457,5.5398410794360915],[-76.835860187523849,5.5397073914384336],[-76.835196454730578,5.5395823075429309],[-76.834982579411033,5.5395420025091706],[-76.834566578922818,5.5394517657668212],[-76.834204876747776,5.5393733067658832],[-76.834133876434862,5.5393542096710835],[-76.833458191252802,5.5391724755853833],[-76.833420904009714,5.5391624464199358],[-76.833355597616702,5.5391448808210937],[-76.833333434902158,5.5391389201120882],[-76.83294500349848,5.5390286902735619],[-76.832832560423611,5.5389967805158644],[-76.832455862867164,5.5388898830572142],[-76.831986641499327,5.5387065714317778],[-76.831668574988143,5.5385606707879074],[-76.831250704821301,5.5383784677369254],[-76.831066734352689,5.5383135081728012],[-76.83074430100622,5.5381996612017845],[-76.830060097578126,5.5380400418409739],[-76.829938351469536,5.5380326459888858],[-76.829665900366308,5.5380160947625132],[-76.829155340099888,5.5380633554049519],[-76.828676962516553,5.5381999718673702],[-76.828250421171177,5.5384721607512857],[-76.827852180348273,5.5387504442187652],[-76.827660288884914,5.5388845337613164],[-76.827597684408119,5.5389151085664681],[-76.827493971581561,5.5389657605988587],[-76.827303189684557,5.5390589309595697],[-76.827061096112587,5.5391771623541581],[-76.826957282513362,5.5392278619629964],[-76.826675220116272,5.539307952062364],[-76.826465375117095,5.5393452099107225],[-76.826343286214581,5.5393701878965294],[-76.826145594065522,5.5394106332509754],[-76.825689793025475,5.5394654480877517],[-76.82560235614406,5.5394759630615393],[-76.825044502414343,5.5395277225167945],[-76.824557148081951,5.5395466840703032],[-76.824256248866604,5.5395309603151111],[-76.824012776847709,5.5395182378901433],[-76.823472958453436,5.5394119793138259],[-76.823366619949425,5.5393910475228898],[-76.823253121044644,5.5393687072272693],[-76.822784999737749,5.5391525646273214],[-76.822426433538382,5.5389385814894387],[-76.822343433290825,5.5388890489771025],[-76.822308450846648,5.5388631497502212],[-76.822025841153746,5.5386539101515462],[-76.8220073633331,5.5386402286747733],[-76.821715845626571,5.5384569874050582],[-76.821533670996288,5.5383687408063409],[-76.821354920614255,5.5382928858252427],[-76.821049836424365,5.5381808950943334],[-76.820928890146149,5.5381416678699962],[-76.82082983919851,5.5381095432443148],[-76.820558051230876,5.5380111289466818],[-76.820243309953085,5.5379035660673042],[-76.819971513295584,5.5378277594928367],[-76.819855992692737,5.5378056615718991],[-76.819788561007286,5.5377927628897128],[-76.819687694559619,5.5377734690209532],[-76.819657381925055,5.537767670450326],[-76.819621760627726,5.5377604143555956],[-76.819616339126881,5.537763273107867],[-76.819551792005129,5.5378889426904454],[-76.819366733495968,5.5378835299425502],[-76.819313418918853,5.5378497651219467],[-76.819311710713094,5.5378499901655012],[-76.81925750051397,5.5378538221661477],[-76.819143391045017,5.5378548314746023],[-76.819078242779838,5.5378519821599443],[-76.819038476984034,5.5378502440663349],[-76.818685931326257,5.5378157403479822],[-76.818595811649644,5.5378146044445042],[-76.818512958792653,5.5378218992161816],[-76.818429266259059,5.5378414362755137],[-76.81838506012987,5.5378594831540662],[-76.8183325168457,5.5378948108284058],[-76.818299212219046,5.5379388097971072],[-76.818296888036429,5.5379476608883582],[-76.818296409711436,5.5379631192341616],[-76.818300041870259,5.5379775839129435],[-76.818317166766292,5.538002882686091],[-76.818372512751864,5.5380372061299692],[-76.818455265783896,5.5380644246754063],[-76.818558245614881,5.5380867735840793],[-76.818935725762103,5.5381440684703982],[-76.819319584624736,5.5382075021749548],[-76.819501832921205,5.5382308137687906],[-76.820057645235892,5.538291529344062],[-76.820212377325277,5.5383112834557346],[-76.820229635827317,5.5383134873591482],[-76.820277475086556,5.5383195962163034],[-76.820467218828895,5.5383500471134388],[-76.820550958678254,5.5383680200788756],[-76.820593028953439,5.5383770495100064],[-76.82070651707221,5.5384111578633082],[-76.820803511388974,5.5384553194947825],[-76.820865404448014,5.5384981139779885],[-76.82091263872023,5.5385422890302891],[-76.820970066580387,5.5386254945445961],[-76.820985092071936,5.5386794297777548],[-76.820985342747235,5.5387353423388763],[-76.820958750281164,5.5388249186409402],[-76.820928694757242,5.5388864026470355],[-76.820898043755946,5.5389364383840407],[-76.820845152986081,5.5390040063579375],[-76.820791960930293,5.5390545841244956],[-76.820696713290744,5.5391176171051688],[-76.820596644512975,5.5391661633432356],[-76.82058601600589,5.5391713196178225],[-76.820343202803173,5.5392713561370881],[-76.820207239787834,5.5393349699296088],[-76.820140003730685,5.5393717020569158],[-76.820048416871444,5.5394285870732372],[-76.819935194381785,5.5395072671981218],[-76.819835555264802,5.5395969974772443],[-76.819782126463878,5.5396661384055159],[-76.81972749907662,5.5397757804202543],[-76.81969253219151,5.5398982953843561],[-76.819674341892039,5.5400297674502736],[-76.81967120161255,5.5401668656766141],[-76.819682449990083,5.5403066694376184],[-76.81970919176392,5.5404534907472911],[-76.819729899666399,5.5405346019416619],[-76.81975216712182,5.5406077889674785],[-76.819776389977008,5.5406768654413661],[-76.819817982096183,5.5407787927452468],[-76.819871514047435,5.5408902637092279],[-76.820096935489403,5.5412932657391698],[-76.820225434682072,5.5415144886759853],[-76.820267369787658,5.5415913963141357],[-76.820343743360027,5.5417426710349664],[-76.820375805050446,5.541818828819423],[-76.820408837374501,5.5419397900778122],[-76.820413226845687,5.5419758383417648],[-76.820414700792298,5.5419879437591097],[-76.820424216189963,5.5420660812580378],[-76.820422867882527,5.5421932083635514],[-76.82040449044689,5.5423166790131102],[-76.820384461019529,5.5423903035990234],[-76.820313675068661,5.5425999957553262],[-76.820278822590808,5.5426927626875875],[-76.820239313281348,5.5427829960406374],[-76.820099585619047,5.543043387881557],[-76.820051509243825,5.5431270746270345],[-76.819998909862491,5.5432060578685096],[-76.819947631490336,5.5432697480207676],[-76.819893193382995,5.5433300858074794],[-76.819837260746951,5.5433887048701704],[-76.819778223452019,5.5434439874643111],[-76.819714346186473,5.5434941902305033],[-76.819646891380458,5.5435405394404649],[-76.819576988946366,5.5435841159331209],[-76.819502468032525,5.5436227195240715],[-76.819396367645126,5.543661650899427],[-76.819330324840919,5.5436777261620112],[-76.819280417041611,5.5436898728524211],[-76.819157108131151,5.5437096187024197],[-76.819028532320658,5.5437226475625501],[-76.818845433048267,5.5437313925723544],[-76.818658119582437,5.5437307696980547],[-76.818408117044186,5.5437188223966807],[-76.8183834981388,5.5437176467788705],[-76.818250462467674,5.5437063930787627],[-76.817925012429768,5.5436693566037603],[-76.817774821903626,5.5436654648848345],[-76.817647044790021,5.5436746359936535],[-76.817562211501141,5.543689571839935],[-76.817474461483428,5.5437142719610488],[-76.817363297666233,5.5437591171776504],[-76.817290970206727,5.5437935425847744],[-76.817212028273218,5.5438367664418253],[-76.817144419784114,5.5438800245578808],[-76.816906314239887,5.5440426467426844],[-76.816817968982576,5.5441118553782651],[-76.816590659056587,5.5443187093799926],[-76.816516266663029,5.5443766710263906],[-76.816213717774502,5.5445928696245526],[-76.816197070610215,5.5446047625247772],[-76.816034629907477,5.5447121519086711],[-76.815929887865678,5.5447750513329987],[-76.815812579118557,5.5448326914031547],[-76.815754516805839,5.5448568096156663],[-76.815527067351098,5.5449512882669918],[-76.815375078185838,5.5450236422088457],[-76.815257280166762,5.545095057465284],[-76.815051090730037,5.5452511441768113],[-76.814982965127641,5.5452959010124552],[-76.814877724975233,5.5453558082681189],[-76.814842455441934,5.5453758845309791],[-76.814768599152799,5.5454093589097049],[-76.814647463733451,5.5454449211057266],[-76.814516576373421,5.5454644578986851],[-76.814380065217307,5.5454704115041196],[-76.814252818827157,5.5454648512603324],[-76.814241717636222,5.5454643675618609],[-76.813978721501599,5.5454369967878172],[-76.813809997811617,5.5454251942419432],[-76.813644999411352,5.5454273347460576],[-76.813520102187098,5.5454412104146726],[-76.813447517218094,5.5454554536977714],[-76.813358079989058,5.5454805499803417],[-76.813261579697837,5.5455201041860223],[-76.813220796402604,5.5455424645236473],[-76.813138059054495,5.5456027456279733],[-76.813082772187684,5.5456557309924266],[-76.813036346365266,5.5457157073168384],[-76.812987061978276,5.5458215651576399],[-76.812959658320679,5.5459417176222674],[-76.812951003626736,5.5460702908442885],[-76.812959459478833,5.5462021065830998],[-76.81298475176753,5.5463323769305308],[-76.813024041489797,5.5464512825980758],[-76.813156168716233,5.5467788353528631],[-76.813260893259283,5.5469969100389189],[-76.813312918116992,5.5471145766226408],[-76.813361615373594,5.5472341772863043],[-76.813433097346191,5.5474129029467676],[-76.813457586247566,5.5474814057471242],[-76.813490312286731,5.5476057600782624],[-76.813497314130316,5.5476501736962227],[-76.813510311538607,5.547732620303047],[-76.813518428886894,5.5478578460030548],[-76.81351465633719,5.5479769726602965],[-76.813498078166262,5.5480849510361994],[-76.813466808635184,5.5481758513796757],[-76.813417879031562,5.5482425363557715],[-76.813371741807885,5.5482710114934557],[-76.813317924873843,5.5482846263052474],[-76.813243852837118,5.5482836489137881],[-76.813148459082413,5.5482674531710225],[-76.813089005303269,5.5482514488756047],[-76.813004527004694,5.5482287088062145],[-76.812931919389484,5.5482043108733023],[-76.812681224416394,5.5481093359251616],[-76.812494517238193,5.5480486864095324],[-76.812403675366937,5.548022760771504],[-76.812343439081801,5.5480095274027761],[-76.812282184225566,5.5480006170856271],[-76.812213715358624,5.5479972672302047],[-76.812137991743484,5.5480036555168279],[-76.812067002176079,5.548021915179465],[-76.812008384265965,5.5480495704810426],[-76.811961949023797,5.5480831595235269],[-76.811940394815863,5.5481039699214971],[-76.811910571172561,5.5481408480410153],[-76.81185955481628,5.5482407454939473],[-76.811828293387762,5.5483587458260999],[-76.811814362309761,5.5484897724944373],[-76.811816704881977,5.548629692821085],[-76.811826433417622,5.5487202861796225],[-76.811843439650033,5.5488173226379409],[-76.811868211128953,5.5489217770273997],[-76.811899464175951,5.5490275784282561],[-76.811926076569819,5.5491022561259165],[-76.811989721202309,5.5492533367484178],[-76.812037388036714,5.5493537918584934],[-76.812127620621197,5.5495248536936197],[-76.812131704468612,5.5495325942902607],[-76.812155711288966,5.5495781082417599],[-76.812268634220587,5.5497714466424082],[-76.812277452900204,5.54978654796464],[-76.812348334375869,5.5498999867533199],[-76.812374226980921,5.5499398012130232],[-76.812437626406265,5.5500373001344059],[-76.812545978211077,5.550196990279006],[-76.812556877828257,5.5502130561303247],[-76.812562145599429,5.5502203213014001],[-76.812682987574703,5.5503869282869687],[-76.812772009330331,5.5505029344668007],[-76.812794118920053,5.5505317491177495],[-76.812794341586013,5.5505320375521068],[-76.812903479906552,5.5505315349103466],[-76.813501387190243,5.5505287662595304],[-76.813512432855831,5.5505448347398216],[-76.81356242534018,5.5505878598764182],[-76.813613645538098,5.5506213898514218],[-76.813624783183087,5.5506276616754819],[-76.813769579080841,5.5507092251123673],[-76.813866579716773,5.5507683409730646],[-76.813943500985189,5.5508232429738698],[-76.814130399704879,5.5509681200542458],[-76.814195425959937,5.5510220188276618],[-76.814428153321685,5.5512532929768224],[-76.814471593485848,5.5513063631341186],[-76.814591688929482,5.5514530767164034],[-76.814628529596376,5.5515035553627428],[-76.814657775015831,5.5515514697299349],[-76.814783646685356,5.5517997942711714],[-76.81486844481077,5.5519407162497023],[-76.814895601819629,5.5519934933338932],[-76.814980916098676,5.5521829288742577],[-76.815013564194714,5.5522476861228434],[-76.815097319355459,5.5523900902752068],[-76.815125296912342,5.5524448784753657],[-76.815210544209265,5.5526340957868676],[-76.81524266645053,5.5526977971372142],[-76.815326096916024,5.5528408371991516],[-76.815354466005715,5.5528979138068353],[-76.815435045995343,5.5530900914916081],[-76.815534399399141,5.5533064617237766],[-76.815555625444929,5.5533705865543554],[-76.815571944624153,5.553438571043726],[-76.815587481847587,5.5535376671487162],[-76.815595604108296,5.5536402228386113],[-76.815596732080351,5.5537441060585859],[-76.815590166865107,5.553842257856263],[-76.815589703259292,5.5538491979058655],[-76.815570414617127,5.5539634029248752],[-76.81553832949443,5.5540807835775512],[-76.815455713685807,5.554298168961969],[-76.81542094766904,5.5543971434203581],[-76.815332137831859,5.5546800618430696],[-76.815305992285545,5.5547522906993674],[-76.815284347739791,5.554794173119868],[-76.815270384709535,5.5548010821897629],[-76.815187223362756,5.554801467458744],[-76.815187200060848,5.5548574435517741],[-76.815187092222473,5.5550966967699518],[-76.815186987188824,5.5553359553871369],[-76.815186925704808,5.5554773382250033],[-76.815278982435345,5.5554769125067791],[-76.815288181422943,5.5554833015163831],[-76.815304340213331,5.5555279031454061],[-76.815356276741582,5.5557102630663291],[-76.815397820180038,5.5558291767048731],[-76.815441197319501,5.5559277468162307],[-76.815517842177385,5.5560688211662272],[-76.815571757323156,5.5561579243592467],[-76.815629799136161,5.5562444669427338],[-76.815698188185593,5.5563308242608862],[-76.815774232108822,5.5564056292735726],[-76.815873286058448,5.556473524408581],[-76.815978832871949,5.556521018767425],[-76.81611364372219,5.5565585430395377],[-76.816393416618183,5.5566193590877688],[-76.816530192331271,5.5566529847945016],[-76.816659280239023,5.556694446104582],[-76.816663071780454,5.5566961066094187],[-76.817047244748267,5.5568644713692281],[-76.817124529955478,5.5569053232949779],[-76.81732515432391,5.5570359194163492],[-76.817387677302037,5.5570786774155616],[-76.817456657063261,5.5571309485029694],[-76.817520058987114,5.5571889682219435],[-76.817576788190578,5.5572552766471937],[-76.817645231516408,5.5573529290457353],[-76.817801730540452,5.5575912234777398],[-76.817922153139492,5.5578037388962356],[-76.817932679546871,5.5578208534725659],[-76.817969730991123,5.5578810908622964],[-76.818010472477908,5.5579388481211911],[-76.818139147520753,5.5581047337754823],[-76.818217458732803,5.5581898928420754],[-76.81828654055542,5.5582457977024342],[-76.818355359502831,5.5582848447945246],[-76.818431297146432,5.5583154395140451],[-76.818568434128821,5.558350400338461],[-76.818715078722875,5.5583690342723004],[-76.818866058767838,5.5583734761575183],[-76.819016559470484,5.558364395627847],[-76.819127374601123,5.5583480779846441],[-76.819232929895705,5.5583226838043132],[-76.819330793768316,5.5582868237431597],[-76.819393347062615,5.5582552081927643],[-76.81941068185094,5.5582448330281711],[-76.819452720544191,5.5582196643243673],[-76.819552275336591,5.5581531112947316],[-76.819606681690047,5.5581115321985024],[-76.819706301303768,5.5580206775115997],[-76.819792705817306,5.5579353094291468],[-76.819838643190977,5.5578859569089776],[-76.819881445254012,5.5578345432389185],[-76.81999704995394,5.5576804709724419],[-76.820034478131618,5.5576240939023664],[-76.820091990682158,5.5575194763988112],[-76.820258830671847,5.5571647440311747],[-76.820307903891745,5.5570369753885158],[-76.820353945490794,5.5569031012016028],[-76.82039506301561,5.5567835420217655],[-76.82044356542616,5.5566681566301463],[-76.820496965909143,5.5565680845587524],[-76.820552633584938,5.5564727007418062],[-76.820581957407725,5.5564224553708987],[-76.820640863649103,5.5563329879479308],[-76.820708571169817,5.5562523835535869],[-76.820783141363151,5.556188186845902],[-76.820877539979293,5.5561256153379164],[-76.821047215181295,5.5560324836905526],[-76.82112840708669,5.5559959650159536],[-76.821217877485935,5.5559663477635031],[-76.821313527497239,5.5559439372037325],[-76.821413921499584,5.5559276310157104],[-76.82150451392161,5.5559177013438337],[-76.821594288703409,5.5559126306932516],[-76.821660208436256,5.5559089029889455],[-76.821818089432881,5.5559089075159562]]],[[[-76.871044925514724,5.599667881712131],[-76.871118820409123,5.5997910561388116],[-76.871158507705601,5.5998691802273299],[-76.871194197299673,5.5999469497011241],[-76.871219364702341,5.6000017856756754],[-76.871267289086319,5.6001189149161847],[-76.871308883762381,5.6002510788938462],[-76.871342835786493,5.6003895600184617],[-76.871403131855146,5.6006728924394116],[-76.871436831236593,5.6008117237427752],[-76.871478012603546,5.6009444637662211],[-76.871534919501897,5.6010771900046672],[-76.871593975321261,5.6011826098097748],[-76.87167308170342,5.601304658678897],[-76.871742203873282,5.6013916030216144],[-76.871841143186188,5.6015015047790913],[-76.871893471238039,5.6015544678031022],[-76.871969516156895,5.6016207623546777],[-76.872027510925747,5.6016659846321781],[-76.872120955955921,5.6017329486457026],[-76.872197431807251,5.6017780720325181],[-76.872315513251422,5.601831750993048],[-76.872435245278439,5.6018742736725962],[-76.872543658429279,5.6019046857197106],[-76.872625796263549,5.6019170290682085],[-76.872710764419267,5.6019182128675036],[-76.872795384007745,5.6019074084752845],[-76.872888909531341,5.6018809472730213],[-76.87297467646188,5.6018462373687896],[-76.873080184076272,5.6017971678182876],[-76.873282722610142,5.6016893201534828],[-76.873318003740138,5.6016705333106671],[-76.873510266183629,5.6015806513426734],[-76.873687783677184,5.6015070427074116],[-76.873746352284698,5.601487877713752],[-76.873808485877674,5.6014675477616791],[-76.873933135679962,5.6014347501368853],[-76.874242019081521,5.6013687801026446],[-76.874273869614598,5.6013619775265324],[-76.874423763970128,5.6013384386886846],[-76.87456951668544,5.6013155493933384],[-76.874722069950323,5.6012871250052125],[-76.875150441843957,5.6011993051698807],[-76.875521456391283,5.6011368049180499],[-76.875693991496888,5.6011033051478609],[-76.875815989986421,5.6010753917782248],[-76.875933845095105,5.6010425359342086],[-76.876021011175524,5.6010126112491072],[-76.876138905811715,5.6009651334450989],[-76.876323422327388,5.6008869902627376],[-76.876413710553919,5.6008438516799757],[-76.876492251593717,5.6008009986084097],[-76.876763833647743,5.6006337854972861],[-76.876866927450209,5.6005640763664246],[-76.877040895403056,5.6004346488671173],[-76.87748975686219,5.6000689205780017],[-76.87758111908235,5.600001750658933],[-76.877663014281907,5.5999415420979544],[-76.877749946361561,5.5998844244026662],[-76.877846274277672,5.5998316861038804],[-76.877930947017774,5.5997922082672691],[-76.877946226153014,5.5997850846853057],[-76.877953793468919,5.5997819780137847],[-76.878090111185131,5.5997260129712583],[-76.878200206489424,5.5996887775389039],[-76.878333427998214,5.5996610288276445],[-76.878472590029261,5.5996490163380761],[-76.878614466452078,5.5996511659114576],[-76.878756012381132,5.5996668719701788],[-76.878837895669335,5.5996818727602884],[-76.878897806220635,5.5996944629071983],[-76.879200585450178,5.5997580865092926],[-76.879425694244489,5.5997997980499283],[-76.879580640397904,5.5998222170184251],[-76.879680160980556,5.5998278526204404],[-76.879777860974599,5.5998254368534912],[-76.879912731663111,5.5998060328543628],[-76.880035019962804,5.5997627983078031],[-76.880052874282924,5.5997532665792029],[-76.880120077380894,5.5997064341930063],[-76.880178229272843,5.5996476380300164],[-76.880193892422355,5.5996277115267397],[-76.880257535565278,5.5995207278033101],[-76.880307342069926,5.5994000539848985],[-76.880381442655747,5.5991713742854836],[-76.880390505766101,5.5991433947266431],[-76.880421117130027,5.5990568499998128],[-76.880465063154901,5.5989586273957013],[-76.880504480038198,5.5988922929926641],[-76.880561320530418,5.5988217689199384],[-76.880615732813325,5.59877359380864],[-76.880677190373149,5.5987322498138994],[-76.880789565810232,5.5986773633450264],[-76.880894517217428,5.5986431776394125],[-76.881001876523513,5.5986216390322125],[-76.881113699375533,5.5986102688125126],[-76.881228358721046,5.5986080718691866],[-76.881302893733576,5.5986112210268235],[-76.88143498235668,5.5986252068347735],[-76.881565648508428,5.5986499300729706],[-76.881681480897981,5.5986819166172452],[-76.881793074862273,5.5987225328059935],[-76.881880087490046,5.5987620361256134],[-76.882033771172402,5.5988459587822428],[-76.882038985814873,5.5988488082360091],[-76.882279163223572,5.5989913530624316],[-76.882355598333504,5.5990336795414715],[-76.882654771368152,5.5991844523444643],[-76.882695539328637,5.599201358794156],[-76.882807040640898,5.5992350387817744],[-76.882855328831056,5.59924404412107],[-76.88295003087066,5.5992471025409198],[-76.883019206363457,5.5992336753075875],[-76.88308342618474,5.5992057216995823],[-76.883143723873488,5.5991603463097617],[-76.883217127931502,5.5990728649372157],[-76.883282818491367,5.598967321473352],[-76.883336004296012,5.5988818713769071],[-76.883374465310396,5.598824934079393],[-76.883416786563828,5.5987712868210204],[-76.883457489939317,5.5987285318093267],[-76.883504322465512,5.598686677008609],[-76.883554163365787,5.5986490416196144],[-76.883618376439287,5.5986105406443016],[-76.883715221555292,5.5985736615510477],[-76.88382002834382,5.598554082598203],[-76.883929253006244,5.5985503003962576],[-76.884019257080368,5.5985572608552765],[-76.88415354373754,5.5985746870280364],[-76.884208863075628,5.5985837666125953],[-76.88466417539567,5.5986584881782893],[-76.884805012173729,5.5986776531260274],[-76.884921276440465,5.5986876256419249],[-76.885038473161529,5.5986925038007991],[-76.885155617915146,5.5986923880460981],[-76.885266521490593,5.5986876535589341],[-76.885518602776202,5.598670933286483],[-76.886149891506207,5.5986454638794578],[-76.886464343977707,5.5986264960966281],[-76.886615745257856,5.5986106714752424],[-76.886760383674414,5.5985878008538217],[-76.886895428353782,5.5985550226258542],[-76.887017291367101,5.5985086585301058],[-76.887021635760675,5.5985062531108269],[-76.887079141987883,5.5984744187039661],[-76.887134267372531,5.5984332310879577],[-76.887224759746772,5.5983259292881646],[-76.887288447115921,5.5982077840996709],[-76.887394660520329,5.5979447082998561],[-76.887408976110393,5.5979117367915672],[-76.887451995612366,5.597812645712656],[-76.887504999191762,5.5977106810618382],[-76.887605117359442,5.5975317972038114],[-76.887707485935465,5.5973638105807257],[-76.887803051296444,5.5972150965836027],[-76.887812334794177,5.5972019620170999],[-76.887852734978551,5.5971447970152388],[-76.887898393097728,5.597087086028008],[-76.888069385118868,5.5968908843369833],[-76.888257281260223,5.596709972025967],[-76.88831576597606,5.596657430137614],[-76.888389738450655,5.5965970705894907],[-76.888649488058576,5.5963901411692056],[-76.88886044768401,5.596208105052618],[-76.888976788732236,5.5961012556911509],[-76.88908698477492,5.5959947857550132],[-76.889268377497288,5.5958073026199813],[-76.889370033595782,5.59569409292929],[-76.889479172062948,5.5955667457462779],[-76.889638730833056,5.5953632060829461],[-76.889748396729956,5.5952063488835408],[-76.889905216863283,5.5949602435298065],[-76.889958883095787,5.5948675145864684],[-76.890008235499081,5.594771453529277],[-76.890055624494451,5.5946683751666617],[-76.890104130986515,5.5945362776722343],[-76.890142069193203,5.5943967965454062],[-76.890166685409596,5.5942685336430049],[-76.890184542489806,5.5941367670524178],[-76.890197448977929,5.5940025448208743],[-76.890216360475961,5.5936930015779085],[-76.890222540743835,5.5935918466319974],[-76.890246597750675,5.5933076637387824],[-76.890263496901795,5.5931802566482665],[-76.890286147684847,5.5930574570351688],[-76.890316664122921,5.5929408535954392],[-76.890357564398911,5.5928323682377474],[-76.890407797474722,5.5927371520345774],[-76.890486836020671,5.5926194155731137],[-76.890559730635871,5.5925335452063916],[-76.89065144204892,5.5924457114951833],[-76.890745089933603,5.592371866932953],[-76.890755420268178,5.5923653603214518],[-76.890827106191551,5.5923202163996235],[-76.890916263627275,5.5922732887128657],[-76.890919598354742,5.5922715338129247],[-76.891000926096325,5.5922336541775319],[-76.89106435595302,5.5922073581104801],[-76.891083948525946,5.5921992342119529],[-76.891182618289747,5.5921649315512409],[-76.891331088157386,5.5921316959178222],[-76.891487294993638,5.5921151838145198],[-76.891647699691049,5.5921129563971377],[-76.891809190653532,5.5921238487528102],[-76.891968853253786,5.5921478603679313],[-76.892186593230051,5.5921993980070122],[-76.89263876962373,5.5923064189714129],[-76.892724847907701,5.5923253723870268],[-76.892856595386135,5.5923468232990228],[-76.892959532497585,5.5923538117026395],[-76.893061357795546,5.5923505030671592],[-76.893183307392448,5.5923309133384471],[-76.893301599349726,5.5922954768367097],[-76.893377718316259,5.5922645264669342],[-76.893490752326045,5.5922107066220379],[-76.893604758799498,5.5921442336700045],[-76.893839694610492,5.59199652556629],[-76.893936391848413,5.5919298091584446],[-76.894132549293587,5.5917791993390997],[-76.894306141415115,5.5916332406566056],[-76.89455797552128,5.5914282946184519],[-76.894657550132493,5.5913582985607295],[-76.894661780497387,5.5913555652284952],[-76.894724175327241,5.5913152648507696],[-76.894831703828245,5.5912544593566373],[-76.894963235000816,5.5912020777060105],[-76.895016382718751,5.5911863672209217],[-76.895150169596874,5.5911592944871789],[-76.89528850303212,5.5911478467284983],[-76.895386947455037,5.5911490569636602],[-76.895485404911824,5.5911565922059268],[-76.895551093049392,5.5911661475272583],[-76.895634650214134,5.5911783037200493],[-76.89577820964017,5.5912136350390114],[-76.895912735287638,5.591261935725778],[-76.89615536375166,5.5913602711087256],[-76.896262149592118,5.591411082074913],[-76.896342815710355,5.5914559158399344],[-76.896504883842724,5.5915568092003047],[-76.896590008024788,5.5916179077363912],[-76.896654414129898,5.5916725606736275],[-76.89671636394948,5.5917404832969311],[-76.896742053886356,5.5917686485545532],[-76.896780300420929,5.5918190618420418],[-76.896812477972858,5.5918717836697338],[-76.896841566807865,5.5919194469902678],[-76.896887777981448,5.5920463586099993],[-76.896911238884584,5.5921837069158951],[-76.896914462169519,5.5923253704269618],[-76.896898037125482,5.5924656196867959],[-76.896860695573636,5.5925987249493456],[-76.896829768450061,5.5926691704160678],[-76.896771849994892,5.5927770209539203],[-76.896719076471328,5.5928648389443376],[-76.896698374177134,5.5928943800085769],[-76.896675850595685,5.5929265246278499],[-76.896659752498564,5.59294949868017],[-76.896598717946858,5.5930191963271261],[-76.896590921687107,5.5930280979067941],[-76.896507697168289,5.5931009968927912],[-76.896414970968763,5.5931687518147415],[-76.896309726596769,5.593239384597636],[-76.89607967017578,5.5933877618419787],[-76.896004372954508,5.5934363243974481],[-76.89590750089782,5.5935027208718022],[-76.895798559560276,5.5935860194189919],[-76.895707946390161,5.5936731970136506],[-76.89564431864612,5.593767227262326],[-76.895616190509827,5.593873292413222],[-76.895620672821465,5.5939492569193874],[-76.895640145287445,5.5940183767524925],[-76.89566818034811,5.5940789032193825],[-76.895705046990528,5.594138652200753],[-76.89574617764157,5.5941935348512581],[-76.895806803722763,5.5942638698931688],[-76.895811317602437,5.5942691040213361],[-76.896097106165797,5.5945740894599627],[-76.896277426568929,5.5947796707195083],[-76.896541513648955,5.5950988009835987],[-76.896898468983679,5.5955405183023696],[-76.896955589142138,5.5956112041300772],[-76.897129264930854,5.595810471311089],[-76.897253787897512,5.5959403160795018],[-76.897317790700257,5.5960030769485352],[-76.897383711516696,5.5960639568512969],[-76.897487984200893,5.5961539432612248],[-76.897574675759813,5.5962234677561158],[-76.897661593561182,5.5962879658572442],[-76.897951928505748,5.5964879502341169],[-76.898016207990679,5.5965258267867402],[-76.898078279324437,5.5965582534385128],[-76.898164620415173,5.5965963939168937],[-76.898215689117706,5.596609632298267],[-76.898290251002337,5.5966092017641937],[-76.898347123067992,5.5965811723857062],[-76.898355872457316,5.5965715375565974],[-76.898376137272606,5.5965278285895383],[-76.898379949253524,5.5964733018022752],[-76.898367782465414,5.5964125770841147],[-76.898357255019846,5.5963845919551058],[-76.898334251335072,5.5963382229806742],[-76.898305992449934,5.5962902185540155],[-76.898239188274417,5.5961884289300841],[-76.898081547448029,5.5959849987644832],[-76.898031196201643,5.5959156378650246],[-76.897963801697585,5.5958227984016089],[-76.897922237622126,5.5957552011117819],[-76.897869559978801,5.5956554843780282],[-76.897833293478925,5.595565328874919],[-76.897810887628665,5.5954602774065538],[-76.897808537217173,5.5953529127468782],[-76.89782672597417,5.5952472777569753],[-76.897866620527495,5.595142621558268],[-76.897928655681568,5.5950307163830244],[-76.897972521951544,5.5949675057800317],[-76.898018571053598,5.5949100070942208],[-76.898115509449966,5.5948082732978204],[-76.89816589305164,5.5947630726973783],[-76.89823929097777,5.5947045739253705],[-76.898309761126413,5.5946551032661525],[-76.898390659385782,5.5946054701934163],[-76.898488355618582,5.5945578300592986],[-76.898499101562862,5.5945525910119072],[-76.898530888046338,5.5945405698941544],[-76.898647795383738,5.5944963603573221],[-76.898684960375135,5.5944848668677025],[-76.898770839534038,5.5944583077306005],[-76.898895556452914,5.5944257049263815],[-76.899020027596052,5.5943984464280607],[-76.899146832495703,5.5943758784896458],[-76.89924037354983,5.5943631202782953],[-76.899333414002257,5.5943569604476702],[-76.899426863203487,5.5943578055844663],[-76.89951188726792,5.594364039549955],[-76.89965639627539,5.5943802242193863],[-76.899804874096418,5.5944019427120466],[-76.899954813509325,5.5944289281937936],[-76.900071050219239,5.5944539023747701],[-76.900073172654572,5.5944544471601345],[-76.900185413637558,5.5944832835955216],[-76.900296551385821,5.5945183521968893],[-76.900415215984438,5.5945655973127701],[-76.900485408865038,5.5946000428174063],[-76.900567124264782,5.5946482274062728],[-76.900643437969762,5.5946994520205537],[-76.900743841794863,5.5947760611496067],[-76.900845839410707,5.5948669874245356],[-76.900955806752918,5.5949795093777803],[-76.90101680418158,5.5950503321127014],[-76.901026413371554,5.5950614897976223],[-76.901171090705034,5.5952422374570601],[-76.901384758569804,5.5955574565328927],[-76.901501373454678,5.5957103971952513],[-76.901562768778405,5.5957860144207334],[-76.901730905602903,5.5959663128361479],[-76.901791436775397,5.5960261939786911],[-76.901855618225582,5.596082444457565],[-76.901980586435755,5.5961820885217106],[-76.90208290042861,5.5962525931913323],[-76.902201604169619,5.5963166761752454],[-76.902260553036768,5.5963438760909439],[-76.902370798552511,5.5963851449487105],[-76.902510753501957,5.5964205706055736],[-76.902656000488463,5.5964388873523703],[-76.902764620360713,5.5964400152493932],[-76.902872749960096,5.5964301531680656],[-76.902949282491946,5.5964160258518829],[-76.903024141439488,5.5963957968199392],[-76.903148776995664,5.5963455935344717],[-76.903174335038685,5.5963323874978412],[-76.903232337268079,5.5962982040148077],[-76.903331629964555,5.5962267150476643],[-76.903402224603582,5.5961655708870612],[-76.903468739464842,5.596099022779609],[-76.903519271893458,5.5960421387758741],[-76.90358066795126,5.5959642333881607],[-76.903636122154211,5.5958825346640246],[-76.903674547608659,5.5958166081414786],[-76.903713017824288,5.5957396456708661],[-76.903746620918426,5.5956619418373181],[-76.903779265561539,5.5955735888801277],[-76.903806764960478,5.5954693497065708],[-76.903822762380855,5.595363292859683],[-76.903826805027848,5.595257532412802],[-76.90381718299551,5.5951479578691368],[-76.903793023123711,5.595043817469298],[-76.903748409869536,5.5949318395926673],[-76.903713018773118,5.5948608105672593],[-76.903665847806721,5.5947815350033911],[-76.903618628785068,5.5947157856923866],[-76.903509649371571,5.5945802277488603],[-76.903447556969525,5.5945099581184623],[-76.903344138664309,5.5944111070197486],[-76.903230899040878,5.5943230328343683],[-76.903165979533085,5.5942789661570478],[-76.90302045092983,5.5941871765875701],[-76.902928792704273,5.594135118284723],[-76.902833884635371,5.5940865922192735],[-76.902648754636715,5.5940026609330857],[-76.902385045691545,5.5940769325846045],[-76.901975728822492,5.5942386808010847],[-76.901452883253086,5.5944694371431058],[-76.900974466439777,5.5944717425011516],[-76.90049506347016,5.5942686647799311],[-76.900174255925208,5.5938821949057109],[-76.899762529709704,5.5935417737776474],[-76.899237385249592,5.5932932116031377],[-76.898734299752164,5.5929076190328431],[-76.898368298736258,5.5925898262493385],[-76.89784195046353,5.5920902715307994],[-76.897612179087162,5.5916805089860633],[-76.897563830532079,5.5911100974923942],[-76.897424104899457,5.5904716637790193],[-76.897081806667515,5.5903592356627483],[-76.896581002013036,5.5904301052286662],[-76.895898573943526,5.590638772450526],[-76.894623124452096,5.590713452987667],[-76.893528970589585,5.5905816918407325],[-76.892776241424897,5.5903799182317382],[-76.891567485844647,5.5901117733722758],[-76.890518619125658,5.5899114147296327],[-76.889651179722108,5.5895504072457953],[-76.888146610657031,5.5893521365415486],[-76.887897524320366,5.5896728893736523],[-76.887832023928695,5.5902666985546334],[-76.887629858400317,5.590861076662927],[-76.887358835879269,5.5913645602024911],[-76.887065527560722,5.5919593735805275],[-76.886817418065988,5.592485506859032],[-76.886479131010077,5.5931947016408818],[-76.886230368453624,5.5935839124507192],[-76.885730443711921,5.593860251831873],[-76.885298181514585,5.5939763972648375],[-76.884728728580271,5.5940019777518533],[-76.884341444897515,5.5940038318474166],[-76.883931463986855,5.5940286457166284],[-76.883704090947248,5.5941210492393658],[-76.883385468601631,5.5941910395762902],[-76.882974811592163,5.594055986395289],[-76.882654450799421,5.593760812694792],[-76.882402312849791,5.5934425511573318],[-76.882127363889879,5.5931242210602425],[-76.879484499839307,5.5930912490288307],[-76.879529247143225,5.5929084014657136],[-76.879618650502792,5.5925428054114326],[-76.879616368328811,5.5920634801963987],[-76.879476785812031,5.5914707339555996],[-76.879223327011175,5.5908556823527045],[-76.878718077869308,5.5900134945481579],[-76.878121673426776,5.5891490760354845],[-76.877753962250026,5.5884888631233567],[-76.877269897805817,5.5873042535653052],[-76.877105654153013,5.5863007519903007],[-76.877216564827023,5.5856611048488505],[-76.877600481445612,5.584951693957394],[-76.878166895759449,5.5842871147300821],[-76.878574069201349,5.5836916688159945],[-76.878912569645891,5.5830053273118017],[-76.879069764912032,5.5825252411051673],[-76.879067594231657,5.5820687650296952],[-76.879254637919132,5.5815144725128549],[-76.879548065597049,5.581019102322788],[-76.879743433116801,5.5806231062173524],[-76.879741229667104,5.5801785533718746],[-76.879739585458481,5.5798329006477614],[-76.879590575299105,5.5795865826321487],[-76.879588933223417,5.5792409298277628],[-76.879732784429322,5.5784005246030697],[-76.880174380971809,5.5779539460752909],[-76.880518759990906,5.5778040871788725],[-76.88076404822823,5.577555978199209],[-76.880762642478388,5.5772596393505989],[-76.880759358418004,5.5765682461634229],[-76.880756778122532,5.5760249731757359],[-76.880804682400623,5.5757284007790329],[-76.880901806044477,5.5754315918710482],[-76.881294793333964,5.5751333736748059],[-76.881836084636106,5.5749331708010192],[-76.882228835009457,5.5745855479199449],[-76.882421998875998,5.573745001168799],[-76.883055577126825,5.5722109421668291],[-76.883881847282268,5.5697374385859995],[-76.88480321861735,5.566522667274393],[-76.885482350360093,5.5641980867813396],[-76.886164671697358,5.5625648996514609],[-76.886501304899042,5.5607852359691661],[-76.886839346231824,5.559301997865016],[-76.887431548658739,5.5576559666312164],[-76.885525658786449,5.5563002876122152],[-76.884752367418812,5.5557054985295728],[-76.88458911806535,5.5555547140893102],[-76.883979048944383,5.5549916628286828],[-76.883443673741638,5.554515686115157],[-76.883370497163185,5.5542961961254749],[-76.883369334294102,5.5542927111481708],[-76.883366231697593,5.5542905473232818],[-76.883288558542333,5.554143805526409],[-76.882726402890171,5.5544814308770185],[-76.882121641907972,5.5547913972503462],[-76.881585084397827,5.5551134133241584],[-76.881454296190583,5.5551919852932947],[-76.880614525904463,5.5558462878766326],[-76.879747583176041,5.5564735324468932],[-76.879159948211026,5.5569369628114558],[-76.878619149986648,5.5575446852161541],[-76.878032093045064,5.558378432659163],[-76.87745427164829,5.559392779982324],[-76.877065572938278,5.560234618004082],[-76.876848929589528,5.5610124150180695],[-76.87659630529734,5.5620342526571616],[-76.876442265825105,5.5628207817400073],[-76.876351656546106,5.5635618501461197],[-76.876423027850791,5.5643562540845588],[-76.87669327402449,5.5652672211425553],[-76.877072854204343,5.566060250250036],[-76.877604441111131,5.5669519088641435],[-76.877956447140235,5.5675373271336674],[-76.878217626658113,5.5679605936337406],[-76.878570026077767,5.5686092370046261],[-76.878858464493689,5.5694388238381887],[-76.879029701615636,5.5704947702593897],[-76.87890304254411,5.5712360129948264],[-76.878686348680688,5.571887358703532],[-76.878586749695558,5.5727458885715739],[-76.878550194281104,5.5734596039460831],[-76.878541994465436,5.5738655667763801],[-76.878531943218476,5.5743629078850114],[-76.878558040086787,5.5754737409379551],[-76.878513097339848,5.5762235344818496],[-76.878323264579308,5.5770644289144551],[-76.878015761158238,5.5776710489034285],[-76.877718361201389,5.5780518169906195],[-76.87719390859246,5.5783072160393639],[-76.876698156700428,5.5784360288274524],[-76.876003804927919,5.5787554599579874],[-76.875542625884563,5.5790466867408179],[-76.875118663551831,5.5795816045304552],[-76.874865826669179,5.5801969960100779],[-76.874693961844756,5.5805500695375709],[-76.874360301443872,5.5810032669952259],[-76.874160877312278,5.5812480855413966],[-76.873755009651134,5.5816835649774301],[-76.873294499838991,5.5820018831875888],[-76.872689751361023,5.5823028246266784],[-76.872048943640095,5.5826219998801951],[-76.871309179795801,5.58298671688389],[-76.870712157325187,5.5833960080702383],[-76.869953995910279,5.5841402565095812],[-76.869520968873033,5.5846661855060447],[-76.869186684019851,5.5852368043408269],[-76.868870992419602,5.5859066907560795],[-76.868599487087977,5.5865221737182136],[-76.868419276912135,5.5868843195104256],[-76.868049189228955,5.5875093040514221],[-76.86771455153881,5.5878721860551313],[-76.867461730930188,5.5880359685969774],[-76.867083626955193,5.5882635732476569],[-76.866491342939838,5.5887044520990266],[-76.866388008179513,5.5888901048593604],[-76.866261050318684,5.5893423194125473],[-76.866243449599523,5.5897759529144109],[-76.86623807860687,5.5900694365641019],[-76.866260692216102,5.5902183610547684],[-76.866323655632328,5.5904167704891501],[-76.866416624579287,5.5905924590955323],[-76.866528500554594,5.5908012053649712],[-76.866680347813684,5.5909028174134745],[-76.866801897553259,5.5909835286206908],[-76.866932410094194,5.5910732320379299],[-76.867122222733542,5.5912349074000227],[-76.867284755022567,5.5914599445119402],[-76.86736164311192,5.591762156659577],[-76.867306975511553,5.5920017716208328],[-76.867225700869028,5.5922008652595672],[-76.867117206094179,5.5923820276625262],[-76.867018094736395,5.5925089534327332],[-76.866919488094368,5.5926268380330102],[-76.86670617111011,5.5927949508660797],[-76.866672488175922,5.5931067240201298],[-76.866701829840878,5.5933052945079158],[-76.866674646186723,5.5935041333325266],[-76.866647283401093,5.5936849102843853],[-76.86666039928366,5.5939603288011712],[-76.866764615403426,5.5941314458394631],[-76.866846058378968,5.594252993688813],[-76.867026687433153,5.5944350404726917],[-76.867234163148922,5.5945943725825815],[-76.867355321725725,5.5947066987238356],[-76.867414540051669,5.5948373839981889],[-76.867342081934524,5.595013858912095],[-76.867179804765286,5.5951275347030398],[-76.867008062393026,5.595146416655167],[-76.866751367831782,5.5951973136178852],[-76.866520593216052,5.5952390565946741],[-76.866452706738741,5.5954290604706358],[-76.866412498562028,5.5956189276742823],[-76.866312767250449,5.5958045628722299],[-76.866092096626659,5.5959049667238476],[-76.865942778900759,5.5960140646450318],[-76.865933555610852,5.596217335188018],[-76.866031883046617,5.5963444034307663],[-76.865945731149765,5.5969092692204017],[-76.86596108460401,5.596906134750645],[-76.866076709032015,5.5968973402007061],[-76.866192690854632,5.5969020481359744],[-76.866237488260708,5.5969075403665665],[-76.8663449939298,5.5969292990971651],[-76.866433168204367,5.5969558836368218],[-76.866516693246865,5.5969903493077391],[-76.866577857047616,5.5970257066929605],[-76.866637364320383,5.5970601088266179],[-76.866734898251366,5.5971277600745006],[-76.86679224585356,5.5971728134589833],[-76.866868141488851,5.5972417814449207],[-76.866947493822281,5.5973225681547651],[-76.867015019309591,5.5973992088582687],[-76.867084043201558,5.5974912569904038],[-76.867096775281468,5.5975105163537631],[-76.867146017585668,5.5975849932720667],[-76.867193470366274,5.5976684331614734],[-76.867254424467987,5.5978100851315125],[-76.867304200405201,5.5979631621862191],[-76.867341368985407,5.5980981249229815],[-76.867392562446241,5.598320986876046],[-76.867419305267987,5.5984536508734548],[-76.867458952330821,5.598650332461105],[-76.867483827739406,5.5987569797110108],[-76.867515928535596,5.5988723542858123],[-76.867577281544399,5.5990550985856062],[-76.867614474631864,5.5991528089572924],[-76.867657495448213,5.5992509304831382],[-76.867698860930417,5.5993339038505665],[-76.867747609760215,5.5994216692387235],[-76.867826359376778,5.5995541483137545],[-76.868003022228152,5.599811633110944],[-76.868073947058079,5.5999096278649256],[-76.868143013789364,5.5999930284178498],[-76.868152609706556,5.6000034195816246],[-76.868215413140092,5.6000714487043854],[-76.868254607636217,5.600110361377272],[-76.86828396156298,5.6001395057472081],[-76.868354034072496,5.600200036366159],[-76.868426507734682,5.6002508694398401],[-76.86852727011285,5.6003034929689788],[-76.868545227506445,5.6003099532855591],[-76.868619487686544,5.6003267397382102],[-76.868695613494154,5.600329292058869],[-76.868738239426932,5.6003245901787428],[-76.868821114795011,5.6003023555657903],[-76.86891356191181,5.6002575646672277],[-76.86899532416966,5.600205368725387],[-76.869073335700094,5.6001410625687766],[-76.869156520418912,5.600046222590275],[-76.869208830248851,5.5999685463547912],[-76.869257380197297,5.5998855773962379],[-76.869374319218409,5.5996713601601495],[-76.869378738833873,5.5996639301964866],[-76.869423803965958,5.5995881475579319],[-76.869478366995679,5.5995110253218883],[-76.869571039390152,5.599411807363154],[-76.869608111075408,5.5993784458258622],[-76.869715678012682,5.5992993387440926],[-76.869826374861262,5.5992476991554767],[-76.869947929524798,5.5992135866276609],[-76.870076126577189,5.5991946551186116],[-76.870207115813045,5.5991896830796835],[-76.870337212852633,5.5991985413642107],[-76.870395422260799,5.599209508521211],[-76.870462678242632,5.5992221802407709],[-76.870498330563009,5.5992345426651857],[-76.870579508767008,5.5992626912719254],[-76.870694993656329,5.5993271344118964],[-76.870751992954879,5.599366050974103],[-76.870840903917028,5.5994365607919274],[-76.870908349850865,5.5995025369984814],[-76.870977191095591,5.5995798813541393],[-76.871044925514724,5.599667881712131]]],[[[-76.777570697537456,5.6253368534111692],[-76.778443472434404,5.6258979790141828],[-76.780032742311306,5.6261903423302249],[-76.780883736323688,5.6255628177350747],[-76.781645217762119,5.6248679657532774],[-76.782675161733096,5.624509652860004],[-76.784264780567128,5.6241067671118792],[-76.786436758524161,5.6230537814986512],[-76.789097327664763,5.622562285378442],[-76.789081174161907,5.6225573558690494],[-76.788975818976155,5.6225119516318731],[-76.788881700393219,5.6224876590473682],[-76.78871137961778,5.6224091683390354],[-76.788611294754304,5.6223609501430643],[-76.788509448769247,5.6223475633045057],[-76.788416027957368,5.6223500100125401],[-76.788320148238938,5.6223605505029202],[-76.788221807794883,5.6223791829829333],[-76.788128387853078,5.622381630546081],[-76.787938390365113,5.6223678773103822],[-76.787847429308698,5.6223622328342939],[-76.787747692393609,5.6223273837006511],[-76.787658494305362,5.6222869068570738],[-76.7875745629254,5.6222436152643214],[-76.78750608912452,5.6221785119742389],[-76.787442534993787,5.6220972255676873],[-76.787371601399101,5.6220402142410153],[-76.787287670973498,5.621996924368581],[-76.787211468880301,5.6219427259333692],[-76.787140186477444,5.6218723461847038],[-76.787082249785442,5.621801614217377],[-76.786983229455331,5.6216918228799369],[-76.786985688388455,5.621683730884051],[-76.786935131252278,5.6215887237734714],[-76.786884574145816,5.6214937175502229],[-76.786826288703907,5.6214096162364573],[-76.786760274933599,5.6213364216359292],[-76.786684072074948,5.621282223948592],[-76.786600141774755,5.6212389329654195],[-76.786508134291552,5.6211931776055346],[-76.78642947342388,5.6211470727510733],[-76.786358540028957,5.6210900620581974],[-76.786269342141026,5.6210495848082207],[-76.786173112619991,5.6210467537422542],[-76.786071964290571,5.621060107566298],[-76.785981352082402,5.621067832839751],[-76.78576570962511,5.6210948889633201],[-76.785760442001674,5.6210977027758338],[-76.785676512611971,5.621054410686356],[-76.785600309824972,5.6210002145702074],[-76.785498462912884,5.6209868270033745],[-76.785402583027107,5.6209973668977726],[-76.785307051913122,5.6210212751744244],[-76.785219598882279,5.6210476487170435],[-76.785112833094502,5.6210504459994999],[-76.785021523197869,5.6210314316213585],[-76.784932325277069,5.6209909540978256],[-76.784835398051925,5.6209613823809859],[-76.784739169289338,5.6209585501543273],[-76.784638020779894,5.6209719046436968],[-76.784542140780033,5.6209824435019611],[-76.784449070319923,5.6209982596405537],[-76.784355998961217,5.6210140784825393],[-76.784268545792514,5.6210404519102601],[-76.784178980595115,5.6210882875700925],[-76.784091875262092,5.621128031210926],[-76.783999152589715,5.6211572175296149],[-76.783903273386798,5.6211677572078198],[-76.783812313048912,5.6211621128453251],[-76.783721352691614,5.6211564666613754],[-76.783637423250696,5.621113175084635],[-76.783560871704196,5.6210456083495464],[-76.783479402177704,5.6209942247130646],[-76.783390203305771,5.6209537459800121],[-76.783201619042742,5.6208917889850722],[-76.78319635049705,5.620894603690334],[-76.783109960290261,5.6208594040111395],[-76.783016540016277,5.6208618506037578],[-76.782918200825662,5.6208804821195768],[-76.78283074745741,5.6209068544582488],[-76.782732059495302,5.6209121157086885],[-76.782633370618868,5.6209173769494098],[-76.782539600647681,5.6209064532327506],[-76.782447942754814,5.6208740672224629],[-76.782374200830773,5.6208117775338682],[-76.782300458926514,5.6207494887282694],[-76.78223198649259,5.6206843851984551],[-76.782155435970054,5.6206168172216291],[-76.782071507494052,5.620573524379215],[-76.7819928449005,5.6205274204498723],[-76.781901187053947,5.6204950342927269],[-76.781807418893379,5.6204841103913949],[-76.78172348954557,5.6204408192803381],[-76.781639210592147,5.6203841569906929],[-76.78158127538174,5.6203134257254188],[-76.781531066883417,5.620231788642263],[-76.781460133738321,5.6201747769542107],[-76.781353734496392,5.6200892598368997],[-76.781348117235922,5.6200787033577972],[-76.781269456518004,5.6200325974291028],[-76.781190447125411,5.6199731221160434],[-76.781111785518291,5.6199270152508047],[-76.781048580960501,5.6198590994541577],[-76.780995913544757,5.6197855542690833],[-76.780961511791972,5.6196954747939083],[-76.780950992960697,5.6195994193326619],[-76.780911322680709,5.6195121545260172],[-76.780848119104419,5.6194442377521572],[-76.780790182303932,5.6193735062909953],[-76.780779662632838,5.6192774499058293],[-76.780785298252994,5.6191863233569732],[-76.780774779507965,5.6190902669626066],[-76.780758991314272,5.6189970252510104],[-76.780711243974594,5.6189072959085644],[-76.78064277105085,5.6188421928331902],[-76.78056130284655,5.6187908083999938],[-76.780460868984974,5.618729217651973],[-76.780450332748671,5.6187348451927477],[-76.780347789390447,5.6186947167098715],[-76.78025401960052,5.6186837923555446],[-76.780152174438811,5.6186704052919909],[-76.780060516860956,5.6186380185788156],[-76.779967097503103,5.6186404653487063],[-76.779868757284078,5.6186590943637853],[-76.779784461898089,5.6187041173707941],[-76.779689280686441,5.6187413949099341],[-76.779596209903701,5.618757211927095],[-76.779497171456669,5.6187491012167463],[-76.779405862470583,5.6187300864881715],[-76.779314902996944,5.6187244402286369],[-76.779208137774617,5.6187272361548581],[-76.779112257419541,5.6187377739366084],[-76.779022694205423,5.6187856097370945],[-76.778952091234203,5.6188436510247195],[-76.778864987057119,5.6188833938872644],[-76.778771916143796,5.618899210802617],[-76.778687271016281,5.6189308616210534],[-76.778602974486418,5.6189758827437499],[-76.778506746311137,5.6189730510456082],[-76.778417897193236,5.6189459423193417],[-76.778333968968653,5.6189026503942969],[-76.778245118958495,5.6188755425378742],[-76.778151350752708,5.6188646178260031],[-76.778055123449761,5.618861786033496],[-76.777961702024413,5.6188642316195567],[-76.777879517685847,5.6188877912026696],[-76.77786336329622,5.6188828621580198],[-76.777767483646358,5.6188933997456143],[-76.777680030678212,5.6189197730675513],[-76.777587656770763,5.6189623286659982],[-76.777503360052478,5.6190073505922236],[-76.77741660420331,5.6190604636494585],[-76.777332307434492,5.6191054837630787],[-76.777250821051666,5.6191557830518679],[-76.777177409143832,5.6192085459840699],[-76.777106807619106,5.6192665871927243],[-76.777052709087727,5.619342929607166],[-76.77700949543258,5.6194270121436336],[-76.776974359887959,5.6195135601137531],[-76.776928339430796,5.6195923652620152],[-76.776885124855738,5.619676447818919],[-76.776806446050045,5.619732026322704],[-76.776716881398499,5.6197798601956137],[-76.776623461488114,5.6197823065602659],[-76.776529692079592,5.6197713816703043],[-76.77642995869391,5.6197365298181836],[-76.776353757116539,5.6196823326935696],[-76.776282825966391,5.6196253208803899],[-76.776211544449922,5.6195549378096601],[-76.776119906574664,5.6194208668266414],[-76.776117097092367,5.6194155903397229],[-76.776090423712361,5.6193146051619554],[-76.776071828463245,5.6192160845200521],[-76.776071847682417,5.6191144018265007],[-76.776077483176351,5.6190232739337365],[-76.776096464505898,5.6189317977474884],[-76.77614494605227,5.618844899665083],[-76.776190967578103,5.6187660963460697],[-76.776263680700936,5.618686591024936],[-76.776339202407684,5.6186123667160581],[-76.776415072641271,5.6185515109497421],[-76.776488484633504,5.6184987472190233],[-76.776566813961026,5.6184298003161093],[-76.776631798363482,5.6183612017070956],[-76.776688705566116,5.6182901394563762],[-76.776702069668247,5.6181881058324841],[-76.77667047726041,5.6181033056950653],[-76.776599546400035,5.6180462938102078],[-76.776523345141442,5.6179920956649703],[-76.77647067835349,5.6179185504739468],[-76.776431008821234,5.6178312848318139],[-76.776420490018026,5.6177352287670068],[-76.776436662798304,5.6176384734262284],[-76.776471449979724,5.6175385560639617],[-76.776487622772777,5.6174418016335821],[-76.776471835412494,5.617348560215242],[-76.776426898273044,5.6172641082812333],[-76.776340510294503,5.6172289078498654],[-76.776247089841888,5.6172313538873873],[-76.776150163747758,5.6172017809027999],[-76.776058855684965,5.6171827636006588],[-76.775965436115399,5.617185210485995],[-76.775867096443633,5.6172038405466544],[-76.775776486305702,5.6172115639020959],[-76.775678495123273,5.617243564296273],[-76.77558366190128,5.6172942124440004],[-76.775493748752197,5.617328676489846],[-76.775156931679845,5.6174204457967774],[-76.775148855397077,5.6174179812094716],[-76.775039628921732,5.6174288682812366],[-76.774930056626005,5.6174263849474899],[-76.774830670353936,5.6174049037727949],[-76.774744281385409,5.6173697030597776],[-76.774650164641159,5.6173454090082533],[-76.774559204935471,5.6173397609262183],[-76.774468245239547,5.6173341155378713],[-76.774372016903285,5.6173312829606079],[-76.774278248626018,5.6173203583119928],[-76.774189051995123,5.6172798791533252],[-76.774125849122242,5.6172119600552097],[-76.774169061582228,5.6171278775711997],[-76.774239663514763,5.6170698357904136],[-76.774282876857214,5.6169857533098151],[-76.774318013013456,5.6168992062339855],[-76.774315571829717,5.6168056144855569],[-76.774278362785751,5.6167102572770204],[-76.774207082838927,5.6166398735487473],[-76.774141071551554,5.616566678785599],[-76.774090865244176,5.6164850410351326],[-76.77403784950063,5.6163981240419201],[-76.774016794909116,5.6163076968918153],[-76.774049121688819,5.6162158706021019],[-76.774095143632266,5.6161370664896513],[-76.774106049252836,5.6160431246951559],[-76.774060781347856,5.6158436198769621],[-76.774057972806062,5.6158383415437028],[-76.774005306560852,5.6157647966898416],[-76.773929106656624,5.6157105978346218],[-76.773845178056192,5.6156673047289889],[-76.773756330197656,5.6156401966061082],[-76.773674861694474,5.6155888114067576],[-76.773590584671098,5.6155321487499492],[-76.773514384813865,5.6154779497939389],[-76.773440645053938,5.6154156578612593],[-76.773369712956537,5.6153586469659471],[-76.77330124185589,5.6152935421862562],[-76.773221885088176,5.6152206953126376],[-76.773150953920435,5.6151636825482782],[-76.773080022764489,5.6151066697659155],[-76.772921656865634,5.6149743462723301],[-76.772908311081892,5.614974695337561],[-76.772814543082319,5.6149637701803901],[-76.772721124395559,5.6149662154072546],[-76.772622437071675,5.6149714752278834],[-76.772526208937478,5.6149686420782281],[-76.772439821239203,5.6149334406802733],[-76.772368891044934,5.6148764286428214],[-76.772302878381211,5.6148032315852783],[-76.772229138792852,5.6147409411603428],[-76.772140291014182,5.6147138326453563],[-76.772046522985676,5.6147029064236209],[-76.77196259454395,5.6146596137577642],[-76.771906771732262,5.6145674196823858],[-76.771861834610377,5.614482968615448],[-76.7718752008943,5.6143809354823482],[-76.77187765921515,5.6143728434347215],[-76.771877678826471,5.6142711602445896],[-76.7718776984496,5.6141694770541974],[-76.771851374908579,5.6140818623407887],[-76.771782555720876,5.6140033867435069],[-76.771703547665723,5.613943909840212],[-76.771614351621665,5.6139034298180386],[-76.771527615726384,5.6138548595202211],[-76.771451415307368,5.6138006609255964],[-76.77137767503433,5.6137383702512809],[-76.771298667933124,5.6136788923321088],[-76.771220008312255,5.6136327857324702],[-76.771149078380461,5.6135757733587628],[-76.7710648008715,5.6135191090770977],[-76.770967528664201,5.6134761659955688],[-76.770875871648343,5.613443778748799],[-76.770784214628407,5.6134113905777401],[-76.770708015200043,5.6133571917943597],[-76.770636736076256,5.6132868079629388],[-76.770552808783947,5.613243515783048],[-76.770456232387829,5.613227312551949],[-76.77027925387749,5.6130981511531175],[-76.770265559760816,5.6130851296822577],[-76.770184091750636,5.6130337444492202],[-76.77010543403496,5.6129876366663503],[-76.770016586459363,5.6129605275812109],[-76.769924582080776,5.6129147705385494],[-76.769845921680357,5.6128686627134892],[-76.769774643601792,5.6127982804663255],[-76.769703362824515,5.6127278964102256],[-76.769634892360173,5.6126627925202834],[-76.769556232910844,5.6126166855149471],[-76.76946984554543,5.6125814842240906],[-76.769380998008913,5.6125543749805251],[-76.769267571675542,5.6125065010719934],[-76.769178725042892,5.6124793917777716],[-76.769087765625756,5.6124737450057109],[-76.768996806195119,5.6124680973152437],[-76.768906195950734,5.6124758200735219],[-76.768807508560627,5.6124810780858381],[-76.76871128134934,5.6124782449152999],[-76.768621021153464,5.6124993371925793],[-76.768533915898388,5.6125390783522855],[-76.768463314091079,5.6125971203580676],[-76.768398330106407,5.6126657173638517],[-76.768314033271096,5.6127107369231357],[-76.768223771192538,5.6127318300870277],[-76.768132813435301,5.6127261813682487],[-76.768029205523888,5.6127476243343084],[-76.767942101050906,5.6127873663541745],[-76.767857805020654,5.6128323849736868],[-76.767787203971039,5.6128904260568602],[-76.767674452612283,5.6129709764627229],[-76.767669184839349,5.6129737901213463],[-76.767576115064657,5.6129896048087371],[-76.76748445887614,5.6129572168447046],[-76.767421257111721,5.612889297981102],[-76.767337329813458,5.6128460033332894],[-76.767255861840525,5.6127946183983894],[-76.767184931233942,5.6127376061220078],[-76.767131917723333,5.6126506893750898],[-76.767086981377957,5.6125662373741738],[-76.767049773041947,5.6124708796301475],[-76.767031179218051,5.6123723584225154],[-76.767052621965504,5.6122727914444503],[-76.767087758765555,5.6121862442723334],[-76.767101124374534,5.6120842116339764],[-76.767069533940216,5.6119994107093536],[-76.767029865487302,5.6119121450140099],[-76.766947722880047,5.6117323342459269],[-76.766944913528619,5.6117270567303148],[-76.766904896905757,5.6116264214015761],[-76.766862420073309,5.6115338763316842],[-76.766814675506097,5.6114441476031329],[-76.766769739399308,5.6113596954821983],[-76.766753954226672,5.6112664526355571],[-76.766789091127691,5.6111799063930867],[-76.766829495785046,5.6110905447066619],[-76.766883595358948,5.6110142055575709],[-76.766945422902637,5.6109269588892134],[-76.766991097119472,5.6108347853715896],[-76.766996734882852,5.6107436584570181],[-76.767004831074772,5.6106444394807937],[-76.767050854397098,5.6105656346679647],[-76.767123566564038,5.6104861330484015],[-76.767199436261023,5.6104252776427863],[-76.767275306846997,5.6103644231349952],[-76.767351176513444,5.610303568633614],[-76.767407736207446,5.6102191383608613],[-76.767487132487048,5.6100886186544461],[-76.767489591809834,5.6100805274930439],[-76.767543342121272,5.6099908170101438],[-76.767575670471643,5.6098989906169123],[-76.767602381052896,5.6097966091927871],[-76.767613286569684,5.6097026687015239],[-76.767613307465382,5.6096009850018218],[-76.767621403666354,5.609501766997762],[-76.76764003807348,5.6093969198973888],[-76.767672017330227,5.6092917248493803],[-76.767696538775439,5.6092359761135979],[-76.767681519144332,5.6092255241518307],[-76.767678653388572,5.6092235296780135],[-76.767564585328273,5.6091323367211423],[-76.767437300009121,5.6090182709618484],[-76.767344013676563,5.608927890330146],[-76.767237062008547,5.6088175693614906],[-76.767108373153135,5.6086765321983503],[-76.766661925783566,5.6081658616177448],[-76.766401797192671,5.6078744484451448],[-76.766333452304494,5.6078103487561677],[-76.766300339545523,5.6077849798094519],[-76.76624026309149,5.6077507592841016],[-76.766194894736387,5.6077381448947445],[-76.766169489796454,5.6077467379375374],[-76.766168239925818,5.6077769800996826],[-76.766188312729966,5.6086142539356105],[-76.76618824301238,5.6090712247582051],[-76.766182205989011,5.6092835309566142],[-76.76617051261195,5.6094707021630699],[-76.766151855072252,5.6096277094489322],[-76.766124297873148,5.6097730530812315],[-76.766085040879943,5.6099068179419396],[-76.766023651577399,5.6100498321244689],[-76.765961301750764,5.6101856089323956],[-76.765916000214048,5.6102768986382907],[-76.765865538908088,5.6103631192298016],[-76.765777156703408,5.6104828030914655],[-76.765668327380169,5.6106175710350348],[-76.765665424335012,5.610620718913494],[-76.765614456998819,5.6106760196166254],[-76.765469872247792,5.6108297154038826],[-76.765449403120044,5.6108514751672178],[-76.765420055513374,5.6108808744074947],[-76.76595648135465,5.6111429593616302],[-76.764572563098056,5.6132163499772147],[-76.764624970104251,5.6132511128986211],[-76.764698455041625,5.6132950262470738],[-76.764704539367216,5.6132979400789029],[-76.764799008614403,5.613343165725297],[-76.765083154992837,5.6134565895257804],[-76.765167957828439,5.6134961121683],[-76.765238833077916,5.6135367776059484],[-76.765388555368446,5.6136226879996807],[-76.765593850824672,5.6137505625777475],[-76.765796821773989,5.6138638781609709],[-76.765882381321006,5.6139150987203044],[-76.765917209650141,5.6139391523591495],[-76.765963259911345,5.6139709578564583],[-76.766147301242441,5.61410249570649],[-76.766240373751529,5.6141741341217468],[-76.766274932720535,5.6142007334235347],[-76.766297032217736,5.6142166520516268],[-76.76647137588607,5.6143422404896794],[-76.766532822725907,5.6143940192287323],[-76.766607536007456,5.6144710887882407],[-76.766628624130277,5.6144954188472305],[-76.766746544584649,5.6146314712071153],[-76.766897905866372,5.6147833896629908],[-76.766972666010503,5.6148560960481433],[-76.767042341978552,5.6149164314801663],[-76.76713809679265,5.6149993443370168],[-76.767209258957777,5.6150700112518939],[-76.767272143220268,5.6151490498077674],[-76.767323495422076,5.6152252377240233],[-76.767329313692855,5.6152338733034997],[-76.767483073712484,5.6154729281005276],[-76.767537843872574,5.6155735988414017],[-76.76763627004847,5.6157714683579094],[-76.76771467962746,5.615919046565331],[-76.767764407168016,5.6160287895686327],[-76.767821806941768,5.6161675791872492],[-76.767881545326759,5.61631201957253],[-76.767889480637777,5.616331800759359],[-76.767915723262874,5.6163971945360149],[-76.767956019173297,5.6165248304893325],[-76.767989149280766,5.6166598149656526],[-76.768078213030108,5.6170756682972494],[-76.768114769982304,5.617207356947481],[-76.768148020397973,5.6173009165550498],[-76.76816616039946,5.6173437676794737],[-76.768317159262907,5.6176737781737645],[-76.769457150265282,5.6172799132727214],[-76.771275999603318,5.6172808695213385],[-76.772919596818198,5.6179825741572005],[-76.774037457533296,5.6207514956821587],[-76.777570697537456,5.6253368534111692]]],[[[-76.805216632690005,5.6275258404197448],[-76.807207916479342,5.6299040418030106],[-76.809474158723347,5.6308775898273113],[-76.809499409523013,5.6308372396374553],[-76.809644841319937,5.6306050493121758],[-76.81016426105505,5.6299669845939242],[-76.810775917971256,5.6294254951105565],[-76.811232090852485,5.6290101130977872],[-76.811614038586399,5.6285126973307253],[-76.812042672226411,5.6279924825591081],[-76.812471924808094,5.6275850829126082],[-76.812981921464598,5.627247396748535],[-76.813779441046677,5.6270426768898227],[-76.814340662912201,5.6271506914512273],[-76.814639789383293,5.6273751056162915],[-76.814795524589712,5.6279005218156986],[-76.814790896325107,5.6284729407665335],[-76.814657435544447,5.6288529408720471],[-76.814482217826054,5.6294623811360323],[-76.814383798098831,5.6298749127419514],[-76.81442163966625,5.6301389400357484],[-76.814697258377961,5.6302719601598739],[-76.815288537675315,5.6300592627776496],[-76.816018023123831,5.6299011048152305],[-76.816918249322612,5.6297184771890674],[-76.817606384669801,5.6298575066087659],[-76.818258433337377,5.6300102502185396],[-76.81886586705734,5.6301282492228024],[-76.819402091708682,5.6300771299662493],[-76.819950436936054,5.6300926116029908],[-76.820259497403953,5.6301465290224373],[-76.820753421468481,5.6303225952795222],[-76.821232009974906,5.6302480806565827],[-76.821620222670219,5.6302428192524303],[-76.822155952574477,5.6300867420244325],[-76.822584626647895,5.629692979765327],[-76.822887512364034,5.6291620606711144],[-76.823303722023184,5.6286294377246637],[-76.823799255042388,5.6280738568174362],[-76.824192461232016,5.6274623063838156],[-76.824485404381477,5.6270803834289831],[-76.825063262241585,5.6266610774848775],[-76.825758166823334,5.6264568260245325],[-76.826421347782755,5.6265632649386399],[-76.827006776827275,5.6267964334577369],[-76.827626611715132,5.6270408197307802],[-76.828373940914815,5.6274211768304676],[-76.828916450671144,5.6278837907564423],[-76.829697911687305,5.6283317256709644],[-76.830653861239426,5.6288815350802714],[-76.831102776943695,5.6292080197736567],[-76.831597132951231,5.6294766559412004],[-76.832066155993843,5.6295161671830716],[-76.83289724884014,5.6292650189573372],[-76.833842168941885,5.6290234454200556],[-76.834548324648736,5.6287976351072189],[-76.834956657538029,5.6286433237704001],[-76.83544423967237,5.6283169310745294],[-76.835760741040957,5.6279236952861247],[-76.836009137116179,5.6276572331152543],[-76.836384470544189,5.627560615133663],[-76.836912797797055,5.6277488807106213],[-76.837578896315478,5.6281296056813623],[-76.83823354611674,5.6283387666852196],[-76.838940007629063,5.6281785257325234],[-76.839426418339713,5.6278533121594565],[-76.840007529447419,5.6265803236398622],[-76.84022852318617,5.6263918534957948],[-76.840307346401602,5.6257480078651447],[-76.84025326757974,5.6255223642981109],[-76.840127194694006,5.6253062713248561],[-76.839946225946917,5.6250542223323405],[-76.83974827153645,5.624775153573216],[-76.839621027713605,5.6245589776681735],[-76.839508756529042,5.6244014431970148],[-76.839188428328782,5.6239829487730324],[-76.839008343187771,5.6238031539700355],[-76.838782172503812,5.6235061532509683],[-76.838683527994576,5.6233891979462367],[-76.838503489383214,5.6232003688200436],[-76.838385689374462,5.6230744716135295],[-76.838214164217518,5.6229127015397697],[-76.837970804535686,5.6226790061902907],[-76.837835341553344,5.6225170652028913],[-76.837682310087118,5.622319075457531],[-76.837537987617395,5.6220758808368343],[-76.837420436329296,5.621868689571988],[-76.837285090692248,5.6216164209648705],[-76.836934003540705,5.6200464324120354],[-76.83693437064575,5.6195315799062246],[-76.836826095908989,5.6185565843681662],[-76.836853040691537,5.6178067616038323],[-76.836917084852658,5.6175264526263904],[-76.837043345969832,5.6170561669857459],[-76.837179304942225,5.6167303559729422],[-76.837305573231134,5.6163955579615337],[-76.837468120264631,5.6160876864662841],[-76.837657587630744,5.6157525885510324],[-76.837775022193767,5.6155713845737312],[-76.837892050805451,5.6153992142185594],[-76.83819169019641,5.6144132601672938],[-76.838371226402245,5.6141324044645087],[-76.838596537971313,5.6137701311595496],[-76.840447737636268,5.611891663860928],[-76.840628740246856,5.6116740289007305],[-76.840783239017298,5.6114565195266755],[-76.840926762239093,5.6113022905230956],[-76.841784773371273,5.6103227285923252],[-76.84191080994394,5.6101685795040748],[-76.841992567137865,5.6100507729778011],[-76.842137172192437,5.6098965370043699],[-76.842272097222136,5.609715251299078],[-76.842371715631586,5.6095612308938305],[-76.842506638730555,5.6093799434411045],[-76.842661305590468,5.6091985622678946],[-76.842823230807184,5.6090081142369863],[-76.842967885307516,5.6088448471752832],[-76.843084945944156,5.608699774622723],[-76.843192664021828,5.6085999079721436],[-76.84397028901806,5.6076478238881577],[-76.844177376725725,5.6074752292030423],[-76.844403576208421,5.6073025431167318],[-76.845297093588272,5.6066661357721044],[-76.845504137456373,5.6064845096467204],[-76.845641067845889,5.6063664397716693],[-76.84580742086105,5.6062166175660524],[-76.845937799159941,5.6060850305487442],[-76.846208611207473,5.6057947141095381],[-76.846408181145733,5.605576990395007],[-76.846624073279969,5.6053591918213179],[-76.846805156987529,5.6051596216800519],[-76.847049547340831,5.6048874930787287],[-76.847265477461008,5.6046787242764999],[-76.84762709993359,5.6042976521477508],[-76.847825667383049,5.6041160639609764],[-76.848077490759039,5.6038709989632274],[-76.848285578059006,5.6036622674417957],[-76.848701175314929,5.6033712640880804],[-76.848832077084907,5.6032938677614323],[-76.84898042519481,5.6032073583006134],[-76.849102810007182,5.6031209691433563],[-76.849314513208682,5.6029528701364519],[-76.849541296866818,5.6027711486906293],[-76.849712403899758,5.602616785902919],[-76.849875124851479,5.6024805327088325],[-76.850082167367404,5.6022989023982355],[-76.850262878377805,5.6021354618764043],[-76.85039858818817,5.6019496552555905],[-76.850515844611863,5.6016555490835351],[-76.85059658215566,5.6014564538820375],[-76.850798075668067,5.6013215492906987],[-76.851012422322526,5.6011022218176327],[-76.851175102724397,5.6009388694163507],[-76.851355309978018,5.6008026204432211],[-76.851662969295674,5.6005076106364848],[-76.851869801986368,5.6003395312499995],[-76.852366249876525,5.6001023385385764],[-76.852493204273614,5.6000294777143038],[-76.85265605326029,5.5999022527892679],[-76.852759832450317,5.5998423145860432],[-76.85275530328208,5.5998417448226592],[-76.852213158871365,5.5997573440870605],[-76.852171653944069,5.5997508837318781],[-76.851903471377483,5.5997017639068734],[-76.851871952133294,5.5996947799806547],[-76.851740769107693,5.5996657184249949],[-76.851621171101584,5.5996341361908151],[-76.851305033159747,5.5995313067400057],[-76.851084956684659,5.5994497559273277],[-76.850961769571029,5.5993940963438371],[-76.850854929161372,5.5993340038362431],[-76.850745027603196,5.5992653349780683],[-76.850645126278323,5.5991953324864694],[-76.850602123346562,5.5991575183042155],[-76.850555225966716,5.5991162776092791],[-76.850497580525484,5.5990490419238359],[-76.8504460877664,5.5989754014740383],[-76.850376438335317,5.598853636431004],[-76.850343075515809,5.5987807164584753],[-76.850319087621941,5.5987183205540729],[-76.850282290918841,5.5985815971301847],[-76.850260788443677,5.5984366236019181],[-76.850252176439909,5.5982733628039725],[-76.850254233449533,5.5981654347652574],[-76.850262303997908,5.5980575141272846],[-76.850277512126794,5.5979448058466534],[-76.850298959308546,5.5978391495169681],[-76.850327961950427,5.5977364974076123],[-76.850357932589148,5.5976539268461281],[-76.850398698351825,5.5975558531919418],[-76.850468680925744,5.5974074822886104],[-76.850544838711329,5.5972679796795681],[-76.85061583641064,5.5971574798287316],[-76.850727163018149,5.5969980625704743],[-76.850854542000604,5.5968272749605532],[-76.850974985062521,5.5966657832123259],[-76.851046619445597,5.596556732134145],[-76.851094410341616,5.5964641025269071],[-76.851115547734267,5.5963948044798801],[-76.851116011181034,5.5963292209560427],[-76.851092672294243,5.5962758813912954],[-76.85104507886804,5.5962385370609891],[-76.850978262368812,5.5962165661190584],[-76.850897696786205,5.5962079694622311],[-76.850808121077662,5.5962113632446302],[-76.85074886119213,5.5962191285788938],[-76.850600443581641,5.5962481433358304],[-76.85051385427262,5.5962624725088492],[-76.850492243856522,5.5962660486883635],[-76.850378038746129,5.5962796862545598],[-76.850278745560388,5.5962872660136336],[-76.850176785316037,5.5962891889058923],[-76.850075249266325,5.5962833604339597],[-76.849975658933488,5.5962681488208279],[-76.849879588112231,5.5962431599459572],[-76.849819195429689,5.5962213741590947],[-76.849752985679586,5.5961911809390124],[-76.849691011059662,5.5961547843112456],[-76.849606160336435,5.5960872485411572],[-76.849544422029453,5.5960254176000817],[-76.849485996854071,5.5959580737770604],[-76.849383537764837,5.5958213509568058],[-76.849321045469765,5.5957218620679434],[-76.849292184757545,5.5956704873878111],[-76.849242822028984,5.5955826086079057],[-76.849180098920456,5.5954627262324204],[-76.849108235470055,5.5953116866034476],[-76.849036149135898,5.5951406381209106],[-76.848944521442021,5.59490881848716],[-76.848899113692696,5.5947684750961777],[-76.848819072855079,5.5944767027683904],[-76.848780215482634,5.5943422227490158],[-76.848738004313077,5.5942097910639061],[-76.848561949413494,5.5937327703911937],[-76.848479305689139,5.593534831229344],[-76.848415203347557,5.593372262312462],[-76.848385877942491,5.5932978985262487],[-76.848382482788708,5.5932900521576467],[-76.848299102576192,5.5930974327333933],[-76.848252459037553,5.5930065712330732],[-76.848215572000584,5.5929435273219275],[-76.848152663877713,5.5928475912550963],[-76.848084587104566,5.5927705643595917],[-76.848026821588888,5.5927309330659787],[-76.84796097679525,5.592710024188186],[-76.847892072114007,5.5927092287818789],[-76.847823843629385,5.5927280301838653],[-76.847767672355701,5.5927593211512541],[-76.847712385294457,5.5928012273091534],[-76.847672451616489,5.5928358059889325],[-76.847578609769556,5.5929300526691019],[-76.847451783592106,5.593057426441316],[-76.847369091422777,5.5931279496257771],[-76.847308819932152,5.5931699643723745],[-76.847246024628106,5.5932060287140422],[-76.847203594956042,5.5932261045636835],[-76.847093000979754,5.5932610361877888],[-76.847026201978622,5.5932714592282844],[-76.846959537690921,5.5932739567084049],[-76.846892959530024,5.5932679898583482],[-76.846815690041112,5.5932498766021279],[-76.84674359652449,5.5932191985047792],[-76.846666162141702,5.5931659562383054],[-76.846596630363251,5.5931003163357937],[-76.846583114863662,5.5930875545694487],[-76.846464488439807,5.5929580937013741],[-76.846457587352006,5.5929499849738935],[-76.846416158951357,5.5929012948224388],[-76.846344356161737,5.5928064696410988],[-76.846287418146403,5.592721377749343],[-76.846251585336688,5.5926621228241427],[-76.846196998363411,5.5925576634033556],[-76.846165610860211,5.5924887741301914],[-76.846055459778952,5.5922470124968564],[-76.84598375206248,5.5921028803486514],[-76.845815261668733,5.5917904646775645],[-76.845716592385259,5.5916289027646888],[-76.84565614650333,5.5915368706969399],[-76.845561438755638,5.5914011255121299],[-76.845407771784963,5.5911917278742704],[-76.845169126870388,5.5908778828403163],[-76.845128852231696,5.5908324708537576],[-76.84508288314801,5.5907892543767153],[-76.845047390396928,5.5907633644674286],[-76.845012797914094,5.5907517973794709],[-76.844985916765594,5.5907599291148573],[-76.844964862922254,5.5907841248370662],[-76.844951233637246,5.5908260635736999],[-76.844947351803782,5.5908806814383505],[-76.844953002317055,5.590945679911167],[-76.844967456413841,5.591016704108295],[-76.844978836265952,5.5910571242830693],[-76.845031858356748,5.5912072624199842],[-76.845108449087434,5.5914057548069556],[-76.845120125815626,5.5914360197398016],[-76.845148074467218,5.5915334230629856],[-76.845173533352849,5.5916620628728237],[-76.845189531134864,5.5918041796519775],[-76.845192889246789,5.5919894621707513],[-76.845180687389828,5.5921222139110247],[-76.845143054224081,5.5922584998090841],[-76.84507661038613,5.5923910928019982],[-76.84498067634506,5.592515178967906],[-76.844889488197836,5.5926066819158873],[-76.844790359237678,5.5926879292818841],[-76.844718929409055,5.5927362974126282],[-76.844641282912491,5.5927817092929004],[-76.844520238242808,5.5928397083577597],[-76.844482311418219,5.5928578798879167],[-76.844337345394521,5.592913407281177],[-76.844222195477286,5.5929498122206232],[-76.844143606102264,5.5929670929012927],[-76.844131187263557,5.5929649114759652],[-76.844137843449403,5.5929776108869129],[-76.84415735164805,5.5929994699443943],[-76.844234965255595,5.5930732411576667],[-76.844236475459638,5.5930748385816065],[-76.844279213221483,5.5931200556149037],[-76.844321159266769,5.593175416676055],[-76.844352947892318,5.5932335678175287],[-76.844376441436737,5.5932978568702696],[-76.844393410489999,5.5934204635827571],[-76.844389799225368,5.5934723373134885],[-76.844369547964376,5.5935546473645186],[-76.844341070419802,5.5936213606745815],[-76.84431980242249,5.5936609232472234],[-76.844251093107786,5.5937554184841725],[-76.844201388481707,5.5937999905753975],[-76.844179853768651,5.5938192997948679],[-76.844100592872408,5.5938711922908428],[-76.843988390313811,5.5939392144603737],[-76.843852516083814,5.5940268343793456],[-76.843652058640515,5.5941387948513777],[-76.843648281553001,5.5941409037525114],[-76.843565215278346,5.5941904580641149],[-76.843533651660081,5.5942118232956481],[-76.843160719874263,5.5944642740737489],[-76.843081122435819,5.5945100807503323],[-76.842878913848082,5.5946156395678992],[-76.842866493022839,5.5946221251202557],[-76.842721770219569,5.5947032572208091],[-76.842607239180523,5.5947583203428488],[-76.842412079537127,5.5948451399030397],[-76.842258479833802,5.5949172036023382],[-76.842181200246515,5.5949476856052955],[-76.842101034811307,5.5949752933280275],[-76.841865938000254,5.5950478897981117],[-76.841750524456671,5.5950862820590004],[-76.841609410247543,5.5951380646000946],[-76.841585506376916,5.5951468369090538],[-76.841479135948788,5.5951788063891463],[-76.841368288437764,5.5952063200265512],[-76.841261466127776,5.5952295568310415],[-76.840987657376061,5.595289120262203],[-76.840859173009633,5.5953231183620344],[-76.840687120757195,5.5953766279397144],[-76.840583945365395,5.5954030942507815],[-76.840366385310546,5.5954449049473602],[-76.839982761416465,5.5955049741545633],[-76.839858055523024,5.5955281393126866],[-76.839737937242049,5.5955558552944114],[-76.839728662532863,5.5955584381876431],[-76.839561496361895,5.5956049831726364],[-76.839428148497788,5.5956339236319401],[-76.8392872711661,5.5956557029678127],[-76.839125005057326,5.5956713041966619],[-76.838939484984422,5.5956812226314367],[-76.838739239833458,5.595686119322222],[-76.838532822019275,5.5956866687197513],[-76.838454338020085,5.5956854575262511],[-76.838328747742366,5.5956835193370305],[-76.838135478744945,5.5956772604584506],[-76.837856796967841,5.5956611821700015],[-76.837750632018441,5.5956512947326305],[-76.837673230781448,5.5956407501183119],[-76.837663407212489,5.595638649996757],[-76.837639942184325,5.595633630464711],[-76.837623114216115,5.5956267876184205],[-76.837622659672917,5.5956216362555597],[-76.83761513023812,5.5956059146484547],[-76.837558382937686,5.5955809383186388],[-76.837425877477386,5.5955394792406636],[-76.837338359957343,5.5955120948279458],[-76.837202550661061,5.5954637881786207],[-76.8369096208759,5.595335871770386],[-76.836706252774249,5.5952414098492955],[-76.836687227248802,5.5952310885377177],[-76.836605725246116,5.5951868795105435],[-76.836515139265686,5.5951283568519372],[-76.836380309476411,5.5950286309329709],[-76.836348665682351,5.5950016081127565],[-76.836269302868317,5.5949338328236982],[-76.836238829302729,5.5949053394581192],[-76.836086607511575,5.5947630079731763],[-76.835892148842518,5.5945570311008783],[-76.83580863236233,5.5944561561358048],[-76.835728073144224,5.5943501742428907],[-76.835675029778173,5.5942738546520729],[-76.835628355502749,5.5941926252404111],[-76.835575186074507,5.5940842642093509],[-76.835524363581825,5.5939734000132715],[-76.835453510194824,5.5938188377793168],[-76.835408320967375,5.5936840693225953],[-76.835371710656247,5.5935406282042264],[-76.835295052651318,5.5931950252059011],[-76.835220172171802,5.5929230758919006],[-76.835194159107488,5.5928033234083427],[-76.835174122892838,5.5926775277093181],[-76.835146219068605,5.5924136299469147],[-76.835142661099653,5.5923632384253308],[-76.83510097986732,5.5917730782040209],[-76.835084957839115,5.5916091981099783],[-76.835063736249808,5.5914505768264622],[-76.835035121375142,5.5912994347489677],[-76.835016572941967,5.5912231853068057],[-76.834990932238398,5.5911177772522791],[-76.834962656044183,5.5909663123633839],[-76.83494213050254,5.590807010129601],[-76.834927288101767,5.5906419573844515],[-76.834916446432146,5.5904728636929146],[-76.834903527806233,5.5901781465530878],[-76.834880051301297,5.5896424951893273],[-76.834869050305656,5.5894846006923027],[-76.834854171386993,5.5893306325430192],[-76.834833913793844,5.5891820995458641],[-76.834806459898232,5.5890408457859975],[-76.834768845206085,5.5888924687375798],[-76.834760788652545,5.5888606832398429],[-76.834732371940319,5.5887233936268714],[-76.834709599859096,5.5885803925956532],[-76.834634510837049,5.5879822338327347],[-76.834608933552758,5.5878320956810628],[-76.834575915483498,5.5876894776476975],[-76.834523592537806,5.5875160109003712],[-76.834494677988658,5.5874085101143676],[-76.834418275259679,5.5870755157883289],[-76.834386367126442,5.586952306873469],[-76.834381469796284,5.5869333992298502],[-76.834336882331002,5.5867991373139301],[-76.834178916353608,5.5864303498520114],[-76.834131158651516,5.5863275657316578],[-76.834052741442079,5.5861802054908845],[-76.83390584442968,5.5858751663038246],[-76.833886861865153,5.5858400956620819],[-76.833826453028607,5.585728488671112],[-76.833783465957907,5.5856393908466888],[-76.833684350075018,5.5854178653481954],[-76.833611550984699,5.5852641326752757],[-76.833566763115186,5.5851481567988763],[-76.833544797151134,5.5850784445694313],[-76.833484977108313,5.5848886069538715],[-76.833467136913924,5.5848319866460638],[-76.833382208992077,5.5845872286522127],[-76.833347671069617,5.5844607614070396],[-76.833320064102296,5.5843280542377967],[-76.83329705339311,5.5841918251019331],[-76.833236421494234,5.5837872862745623],[-76.833180484785558,5.5834985581825078],[-76.833169062732935,5.5833876169916374],[-76.833168676761161,5.5832751056272771],[-76.833179276443204,5.5831636639152702],[-76.833232794458766,5.5828645876336047],[-76.833251485381012,5.582722851357194],[-76.833301745503604,5.5822743242207657],[-76.833321861630608,5.5821247215868652],[-76.833346671306543,5.5819787978653723],[-76.833378370539094,5.5818389795477259],[-76.833429470086955,5.5816605023147785],[-76.833461230730137,5.5815279058710594],[-76.833487896340245,5.5813900393401692],[-76.833557212082354,5.5809661962798343],[-76.833582815735497,5.5808284261071552],[-76.833612632443163,5.5806961232345103],[-76.833658605685841,5.5805187830375296],[-76.833682616795429,5.5803875276487105],[-76.833696885429788,5.5802519093293981],[-76.833701922294665,5.5801146482121906],[-76.833697552611184,5.5799785257938428],[-76.833682863822986,5.5798465207276697],[-76.833656146257781,5.5797219699457292],[-76.83361479337897,5.5796087526201861],[-76.833576026833086,5.5795378857072526],[-76.833531493035665,5.5794718830069518],[-76.833483337775647,5.5794087764024338],[-76.833430396371867,5.5793499189761242],[-76.833371308667793,5.5792968185973146],[-76.833307640571647,5.5792480075889985],[-76.833240763483545,5.5792021829887366],[-76.833168755420047,5.5791613575022767],[-76.833047370768057,5.5791134062376129],[-76.832913042808826,5.5790783639259187],[-76.83276998500078,5.5790520627731324],[-76.832320906141163,5.5789932047940649],[-76.832173588966683,5.5789712295777365],[-76.832031657959021,5.5789438571067933],[-76.831849090815041,5.5789007285121954],[-76.831695843162393,5.5788740456195134],[-76.831534503357389,5.5788557683053357],[-76.831367265095253,5.5788438107527476],[-76.831195868501865,5.5788366075292615],[-76.830845906612936,5.5788323668131587],[-76.830493276327744,5.5788383247325104],[-76.830145519083587,5.5788545350603114],[-76.829976188789672,5.57886770708875],[-76.829971330587497,5.578868225491032],[-76.829823668916504,5.5788840022418595],[-76.829676866040984,5.5789053133375299],[-76.829537612093205,5.578932966701311],[-76.829469661744753,5.5789497434183764],[-76.829359067503745,5.5789770491543464],[-76.829227341926412,5.5790012255476276],[-76.829090962304676,5.5790169773564884],[-76.82895206759909,5.5790250274877602],[-76.828812736925443,5.5790256269650529],[-76.828675077643553,5.5790185182337479],[-76.828541319053045,5.5790029291319998],[-76.828472635374268,5.5789892374644925],[-76.828450193838762,5.5789847621254109],[-76.828413916675373,5.5789775315753047],[-76.828118403310285,5.5788927521949638],[-76.827854586818518,5.5788221582668491],[-76.827724913745712,5.5787801923678169],[-76.827570425431787,5.5787201924076308],[-76.827562933011464,5.5787172829584515],[-76.82747051803625,5.5786850949280922],[-76.827257847094913,5.5786183573228723],[-76.82716601188001,5.5785895363969633],[-76.827055903217641,5.5785488199036504],[-76.82689961801573,5.5784798346513549],[-76.82665349758004,5.578381887029022],[-76.826423231995904,5.5782810456518908],[-76.826304876423677,5.5782360093601042],[-76.826053786380186,5.5781500189399456],[-76.8259304447744,5.578099552668796],[-76.825663052668205,5.5779602990372936],[-76.825657013417398,5.5779571543331086],[-76.825574205310446,5.5779106428594156],[-76.825496245108496,5.5778592424725701],[-76.825436332171478,5.5778111334319931],[-76.825374899797609,5.5777555428506371],[-76.825333830103332,5.5777165805473325],[-76.82526304965586,5.5776422536236945],[-76.825216947531288,5.5775840365436924],[-76.825214445789086,5.5775808796335822],[-76.825075239201993,5.5773794263438736],[-76.824978094965005,5.5772513039997618],[-76.824790167774509,5.5769886343401707],[-76.824746616432151,5.5769187426039721],[-76.824622583994781,5.5767054067465898],[-76.824532844370964,5.5765698122847569],[-76.824432876477857,5.576405792354362],[-76.824420561757975,5.5763855835145133],[-76.824364978033501,5.5762868806727193],[-76.824328237767503,5.5762066799102978],[-76.824295597655393,5.5761223319873183],[-76.824183240936364,5.5757916359246655],[-76.82414052829742,5.5756774329261329],[-76.824121817648987,5.5756274092143343],[-76.824086762997027,5.5755106504919052],[-76.824056934980945,5.5753886094117231],[-76.823975702164219,5.5750193847423475],[-76.823943769885446,5.5749020936407492],[-76.823888969455993,5.5747311684677179],[-76.823855512819989,5.5746064536126063],[-76.823748735643861,5.5741108559171435],[-76.823718237677738,5.5739984560859082],[-76.823663470692466,5.5738274971581543],[-76.823628720749724,5.5736977472766949],[-76.82352180830452,5.5732022847193985],[-76.823492676611991,5.573094849752307],[-76.823438272584823,5.5729235235194494],[-76.823402754035499,5.5727882024125384],[-76.823301363442923,5.5723002086483886],[-76.823299122375118,5.5722894222162935],[-76.823295907904964,5.5722769643047902],[-76.823272417990481,5.5721858751453093],[-76.823220532214222,5.572012003061813],[-76.82319150240447,5.5718935405786016],[-76.823167024058179,5.5717704747079404],[-76.823136746284931,5.571598609478996],[-76.823095879385903,5.5713666250726934],[-76.82306217798083,5.5712205469931302],[-76.823018450547337,5.5710846072419224],[-76.823013449718545,5.5710731181310944],[-76.822980860890141,5.5709982177575323],[-76.822900636393825,5.5708329819570288],[-76.822851116395199,5.5707386484635126],[-76.822795736750763,5.5706502389144346],[-76.822773390596964,5.5706202233088042],[-76.822683223670637,5.5705181170621589],[-76.822627039697352,5.5704609652815842],[-76.82256836822836,5.5704078580214125],[-76.822514842468692,5.5703666245219683],[-76.82230118075708,5.5702251660626816],[-76.822201612781953,5.5701531578685701],[-76.822170593996191,5.5701307234183002],[-76.821904449015733,5.5699467032167735],[-76.821730498257651,5.5698427154409949],[-76.821624747938188,5.5697760587833045],[-76.821566135854582,5.5697329437504353],[-76.821383960996201,5.5695870386256443],[-76.821372096255345,5.5695775355479045],[-76.821140734157197,5.5693567461977107],[-76.820975601454265,5.5691675801634695],[-76.820931881086153,5.5691122921848182],[-76.820882944648957,5.5690412090156443],[-76.820755770245839,5.5688339968617573],[-76.820749672219492,5.5688245339679545],[-76.820642904631512,5.5686588103702199],[-76.820536903197834,5.568462426872018],[-76.820509426335875,5.5684006534887951],[-76.820481637294662,5.5683207106275496],[-76.820458360222332,5.5682306128876142],[-76.820440468791602,5.5681359849367533],[-76.820421689181202,5.5679827566544038],[-76.820421292700772,5.5679762195468721],[-76.820412106011318,5.5678244632156222],[-76.820410629844147,5.5676640654810994],[-76.820416999969012,5.5675043148480734],[-76.820431766063308,5.5673479836405582],[-76.820456297453163,5.5671980429446508],[-76.820492033074359,5.5670609815656489],[-76.820492843949665,5.5670578717146775],[-76.820519899904696,5.5669826514059517],[-76.820632378309796,5.5666971869614601],[-76.820687581172265,5.5665698105878834],[-76.820763882823897,5.5664175870085142],[-76.820805723527911,5.5663253806602775],[-76.820862351749582,5.5661930573480038],[-76.820970956632678,5.5659392808119197],[-76.82100495722743,5.5658423601377178],[-76.821034251484463,5.5657407237372727],[-76.821066537056424,5.5656099464085864],[-76.821127797620889,5.5653447379655159],[-76.821142064671236,5.5652910321254447],[-76.821162102800287,5.5652156064013756],[-76.821214551992909,5.5650388491734901],[-76.821245879104907,5.5648964354612165],[-76.821268515640668,5.5647457270211182],[-76.821284348158414,5.5645889808983195],[-76.821294705819028,5.5644281128015587],[-76.821300411667536,5.5642648222902631],[-76.821300411309792,5.5641855713975179],[-76.821300411075242,5.5639999509963909],[-76.821295759293577,5.5638689763671199],[-76.821294708306027,5.5638541808725366],[-76.821283928622051,5.5637024078977877],[-76.821263593000012,5.5635428686339186],[-76.821231542225362,5.5633942858658711],[-76.821183112118518,5.5632619481370078],[-76.821166546182809,5.563230080550543],[-76.821123253335728,5.5631642557819205],[-76.821073689772305,5.5631050411609886],[-76.821018023067992,5.5630496380400851],[-76.820954293567993,5.5630006535088139],[-76.820830247513243,5.5629482603164195],[-76.820671814531934,5.5629193618957897],[-76.820482030483134,5.5629113685381251],[-76.820282021106863,5.5629231381444395],[-76.820118423748895,5.5629455791364757],[-76.819965604354138,5.5629771691440348],[-76.819964473854682,5.5629774022312484],[-76.81996418146494,5.56297748359344],[-76.819826714617136,5.563016082598546],[-76.819569917132227,5.5631048444363378],[-76.819513948653452,5.5631192195810364],[-76.819494534557435,5.5631171809317976],[-76.819482386583687,5.5631172371325537],[-76.819263972705343,5.5631182525025817],[-76.819261800149377,5.5631663173337733],[-76.819254179531086,5.5632229194521017],[-76.819246429613969,5.5632526674156866],[-76.819228929308721,5.5632912912052825],[-76.819212872876847,5.5633117801594505],[-76.819194167880539,5.5633285477740282],[-76.819140458600302,5.5633624171599543],[-76.819107747798299,5.5633914763363306],[-76.819079082121661,5.5634311685656801],[-76.819067500943405,5.5634506044744922],[-76.81900990098633,5.5635472889883317],[-76.818892780193238,5.5636703015127322],[-76.818879635888635,5.5636841099875092],[-76.818841618515734,5.563719199653355],[-76.81880598164831,5.5637520921797963],[-76.818785670122395,5.5637676782250702],[-76.818762599257482,5.5637801143570247],[-76.818660894197407,5.563817502499167],[-76.818630912769521,5.5638355921163631],[-76.818606678411768,5.5638631090573112],[-76.818568106833865,5.5639506824289509],[-76.818552456357281,5.56397249168963],[-76.818531871516996,5.5639909755042689],[-76.818503972927957,5.5640057149462461],[-76.818472645186063,5.564015465744907],[-76.818411089510562,5.5640241221186866],[-76.818362313330994,5.5640236048875167],[-76.818367526582747,5.5640409452608495],[-76.81834976339988,5.5640645544021545],[-76.818280477275437,5.5641040278125429],[-76.818166076821797,5.5641415849321891],[-76.818159447925368,5.5641429851565318],[-76.81801611777756,5.5641732365342556],[-76.817845868107014,5.5641956742594374],[-76.8176622470518,5.5642075185596163],[-76.817475917740637,5.5642065447720865],[-76.817293658866816,5.564189842744355],[-76.817131729340858,5.5641547217215201],[-76.817051475088419,5.5641235285807715],[-76.817014775584866,5.5641092647765422],[-76.81699535249588,5.5640994248851543],[-76.816961963412908,5.5640825100096967],[-76.816847938414455,5.5640189798462822],[-76.816764860038703,5.5639662235447984],[-76.816688808684958,5.5639063022278235],[-76.81663428416401,5.5638513570209795],[-76.816480583719411,5.563663965688538],[-76.816269012491531,5.5634249819027426],[-76.816050201294573,5.5631933755962626],[-76.815825212187349,5.5629680851457435],[-76.815639706562237,5.5627960006076078],[-76.815591698990204,5.5627514645808533],[-76.815460802618006,5.5626444007787148],[-76.815434563906393,5.5626229387293966],[-76.815342027053987,5.5625512164942297],[-76.815272381548311,5.5625047264406877],[-76.815181014289408,5.562448184589889],[-76.815066392125914,5.5623772482627096],[-76.814671170386106,5.5620978843336957],[-76.814470823992039,5.5619765405123314],[-76.814392909551543,5.561926592828585],[-76.814338504249889,5.5618872786802855],[-76.81413600872456,5.5617337032358583],[-76.814012548231545,5.5616322146958179],[-76.813758257852029,5.5614366890835356],[-76.813564365288954,5.5613089699552445],[-76.813489516942553,5.5612557774776077],[-76.8133845134561,5.5611667890307519],[-76.813251597363418,5.5610436994969445],[-76.813229004498837,5.5610187478249005],[-76.813185314795689,5.5609705053965683],[-76.813096861448429,5.5608649890459896],[-76.813046301678398,5.5607986293254434],[-76.81300266067521,5.5607313705561356],[-76.812797879219218,5.5603708345688112],[-76.812649015024903,5.5600686985296086],[-76.812568612615721,5.5599236656490936],[-76.812463993476612,5.5597152314360789],[-76.812415345848905,5.5596259800092511],[-76.81228989629615,5.559432205669677],[-76.812208442690121,5.5593063913847383],[-76.812142077883649,5.5592233092948549],[-76.812086124838089,5.5591676697602068],[-76.811901603207417,5.5590138110047729],[-76.811663750551674,5.5588016605005048],[-76.811536257363016,5.5586820431756641],[-76.81131543868328,5.5584748581471102],[-76.811078573925457,5.5582616803003759],[-76.810828046409341,5.558062294966799],[-76.810754622256511,5.5580133710475579],[-76.81058633613678,5.5579088050015413],[-76.810552733566567,5.5578879246599664],[-76.810157642364274,5.5576081081323307],[-76.809876573409213,5.557439209779079],[-76.809860621162542,5.5574283518499943],[-76.809474454788912,5.557165461908113],[-76.809380947981822,5.5571119797686368],[-76.809181678850962,5.5570071255049918],[-76.809038119995918,5.5569247300034075],[-76.808735174181976,5.5567749438151717],[-76.808588730418563,5.5566943728241478],[-76.80828149332639,5.5565464859488793],[-76.808132725045169,5.5564671479682746],[-76.808053951933431,5.5564295504112851],[-76.807818122788376,5.5563261252621183],[-76.807694200083503,5.5562690553392846],[-76.80766318708487,5.5562547718059889],[-76.807568322166119,5.5562190786951975],[-76.807365463294857,5.5561590307913535],[-76.807064574526478,5.5560783355992944],[-76.80700586929116,5.5560651130458787],[-76.806917348470478,5.5560533842260433],[-76.806827928417491,5.5560513661204798],[-76.806717636101013,5.5560628846846383],[-76.806613853216405,5.556091285914964],[-76.806549378719424,5.5561214968497303],[-76.806482013396121,5.5561684660216759],[-76.806403496053463,5.5562418595768852],[-76.806218080559105,5.5564329016656275],[-76.805785080552482,5.5569037321581174],[-76.805593186247094,5.557121131542373],[-76.805548102217898,5.5571744028039998],[-76.805352111885895,5.5574249601989392],[-76.805110100023256,5.5577781423616086],[-76.805046078941075,5.5578598623533511],[-76.804870014149316,5.5580714877414472],[-76.804739610624821,5.5582076116596584],[-76.804720098883593,5.5582243272974248],[-76.804704710300101,5.5582293716504036],[-76.804619399746215,5.5582297660087576],[-76.804624860949957,5.5582495813448531],[-76.804612869447752,5.5583048361655774],[-76.804575076268961,5.5583815972015156],[-76.804516158662736,5.5584597516057945],[-76.80443739465737,5.5585433674442237],[-76.804288777667509,5.5586892976470201],[-76.804253537376553,5.5587232345988919],[-76.804199488278613,5.5587752841729623],[-76.804123492980551,5.558843343574865],[-76.803959709128193,5.5589836933737757],[-76.803884073798628,5.5590442462059082],[-76.803763517569919,5.5591257296907663],[-76.80359388575765,5.5592300137355908],[-76.80346248051967,5.5593238223677579],[-76.803260416278619,5.5594596132222618],[-76.803191364659156,5.5595031915793109],[-76.803088428689392,5.5595573753432301],[-76.802875471913808,5.5596533085597111],[-76.80280805500017,5.5596836802362741],[-76.802730617676929,5.5597185631331909],[-76.802595483769423,5.5597634772102653],[-76.802452104478135,5.5598002060325458],[-76.802110040879825,5.5598795804272543],[-76.802016065897874,5.5599062303858942],[-76.80184600399798,5.5599616607408402],[-76.801706511738985,5.5599990858984336],[-76.801313940525318,5.5600842780919155],[-76.801214906230499,5.5601090723425415],[-76.801119593632649,5.5601375567871294],[-76.800954019646824,5.5601974425425071],[-76.800822985146894,5.5602400994210894],[-76.800557453721225,5.5603219768071197],[-76.800444577357311,5.5603644731845909],[-76.799978709698706,5.5605747618908659],[-76.799831890073023,5.560653267398445],[-76.799527732137022,5.5607998338810631],[-76.799382782735023,5.5608801956912144],[-76.799080212757644,5.5610283403094556],[-76.798921517283247,5.5611161053694689],[-76.79853188041146,5.5613085537895817],[-76.798340848691993,5.5614111728459577],[-76.798014538810691,5.5615724028257594],[-76.797915365073479,5.5616250006247441],[-76.797882271716347,5.5616385582480161],[-76.797867709130983,5.5616403363006413],[-76.797664541634674,5.5616412747766848],[-76.797612620233579,5.5616415146335907],[-76.797560785779666,5.5616891258739907],[-76.797463320247459,5.5617866969277854],[-76.797316560940928,5.5619355274155389],[-76.797277226572959,5.5619754192301585],[-76.797271196490016,5.5619815355942386],[-76.797132621691517,5.5621220676349408],[-76.79699201531318,5.5622749556120121],[-76.796850301678845,5.5624290463736132],[-76.796663044999931,5.5626326593476909],[-76.796519648497068,5.5627965807167117],[-76.796457297404899,5.5628729621954678],[-76.796410492141192,5.5629364563445245],[-76.796298774331646,5.5631055457964464],[-76.796263069245057,5.5631537006047846],[-76.796225055562246,5.563196746407721],[-76.796067351635855,5.5633595590033247],[-76.796025473603692,5.5633987466167287],[-76.795958916169127,5.5634493208728193],[-76.795643580135419,5.5636634888660534],[-76.79541911994302,5.5638046919380848],[-76.7953692929661,5.5638310641613788],[-76.79528877428578,5.5638622785464777],[-76.795202199054074,5.5638849647430293],[-76.79513664895012,5.5638967610468333],[-76.795111282171746,5.5639013250653768],[-76.794990056216321,5.5639139000521247],[-76.794974224510426,5.563915541766872],[-76.794804057729095,5.5639223735378076],[-76.794618692188493,5.5639241494958904],[-76.794492821013719,5.5639227119178338],[-76.793667170232496,5.5639132797685971],[-76.793627521555209,5.5639128280833043],[-76.793575202913061,5.5639107855617187],[-76.793565001174358,5.5639103880119176],[-76.793563349570249,5.5639104645732909],[-76.793379163674288,5.5639189981868986],[-76.793237343202279,5.5639299860839992],[-76.793077724652676,5.5639463226594952],[-76.792907939446025,5.5639688609000606],[-76.792735668064623,5.5639985139891639],[-76.792487047376127,5.564051013731854],[-76.792289927119242,5.5640846511621023],[-76.792102134136755,5.5641064382485323],[-76.79193185086821,5.5641175522611048],[-76.791762392766628,5.5641221408856847],[-76.791591628220985,5.5641217467092794],[-76.79142138353717,5.5641168302659336],[-76.791253442447342,5.5641073972281392],[-76.7910897329633,5.5640930423562658],[-76.790932469206908,5.5640730000592464],[-76.790784321918792,5.564046169485672],[-76.790635570678674,5.5640130033252051],[-76.790610576773446,5.5640074307212242],[-76.790468225355866,5.56398798312396],[-76.790323059570312,5.5639822402657799],[-76.790193384077355,5.5639894928461668],[-76.790179449408697,5.5639902724596677],[-76.790041973550075,5.5640133497401676],[-76.789915715586261,5.5640540347777563],[-76.789832523582106,5.564095915536833],[-76.789709637837234,5.5641721058708917],[-76.789645266926513,5.5642179166026633],[-76.789584340309403,5.5642678664399527],[-76.789406148892098,5.5644251564883307],[-76.789179406714126,5.5646490069935144],[-76.78862509677684,5.5652236056641495],[-76.788066809784837,5.5657923927721029],[-76.787838190227177,5.5660308985679059],[-76.787828588573973,5.566041455654319],[-76.7876316819153,5.5662579242716417],[-76.787431094869845,5.5665074133484298],[-76.787253540221613,5.5667797262134835],[-76.787205330655908,5.5668440115791897],[-76.787058219052412,5.5670343794950581],[-76.78693329777623,5.5671866275426805],[-76.786761431191209,5.5674125581956462],[-76.786585835129401,5.5676867704132285],[-76.78639108932515,5.5679419701230968],[-76.786279239616974,5.5680776262920206],[-76.78612291068589,5.5682808039420388],[-76.786058803350087,5.5683722210604918],[-76.785965783958787,5.568520680674359],[-76.785917124894368,5.5685927768460841],[-76.785768232791838,5.5687813638911727],[-76.78571733518713,5.5688429719219457],[-76.785503702212097,5.5690794311970748],[-76.785284076889681,5.5693099544299534],[-76.785171558782977,5.569422534675228],[-76.785061685754386,5.5695377456767217],[-76.784836328396224,5.5697626156783127],[-76.784603523691246,5.5699801059615064],[-76.784416011566307,5.5701304026983109],[-76.784350434191126,5.5701774404465656],[-76.784252501367902,5.5702348033006999],[-76.784148529779316,5.5702861409560684],[-76.784065170089619,5.5703217863092833],[-76.784010012246327,5.5703453750206213],[-76.783982325450751,5.5703572143192579],[-76.783854430797035,5.5703991307017571],[-76.783692694002426,5.5704326098247341],[-76.78351625895931,5.57045268451746],[-76.783334442826785,5.5704613456847563],[-76.783156479412682,5.5704605161466807],[-76.783065596551154,5.5704558430125957],[-76.782991466764031,5.5704520302061313],[-76.782965326782431,5.5704494078542695],[-76.782848343991574,5.5704376744347828],[-76.782842816865042,5.5704368014992696],[-76.782750059427173,5.5704221714830826],[-76.782679449011496,5.5704050862983667],[-76.782641564024573,5.5703881437666141],[-76.782638930280442,5.5703754699930075],[-76.782634923129649,5.5703656442728775],[-76.782603995919729,5.5703524263707624],[-76.782395324036742,5.5703021880072461],[-76.782280869050481,5.5702746328222261],[-76.78217364910968,5.5702449802397584],[-76.781950614354344,5.5701737430146885],[-76.781811299047746,5.5701360743027273],[-76.781671807064953,5.5701050188976264],[-76.78132791676245,5.5700367409317808],[-76.781230329761371,5.57001011557296],[-76.781139707320477,5.5699764503103095],[-76.781088527389684,5.5699517093466238],[-76.780919400067091,5.5698582050659367],[-76.780915904970485,5.5698562742042501],[-76.780840384430647,5.5698124905286956],[-76.780777409527673,5.5697699790003554],[-76.780720469590321,5.5697213600970352],[-76.780673239509255,5.5696676460178614],[-76.78062520994807,5.5695991458042755],[-76.780449693568173,5.5693161565400775],[-76.78043863857971,5.5692944402789042],[-76.780412303278695,5.569242714984985],[-76.780308213350679,5.5690065464879313],[-76.780234478654663,5.5688547673976609],[-76.780202508118535,5.5687725908631593],[-76.780174415234143,5.5686864899839472],[-76.780103416955754,5.5684544046123738],[-76.780095406047948,5.5684282202815183],[-76.780064525459068,5.5683476188755678],[-76.780040592911178,5.5682969725920666],[-76.779992152227038,5.568194465478487],[-76.779956665360174,5.568111244047909],[-76.779893001283483,5.5679492848802044],[-76.779860779832887,5.5678746350995807],[-76.779787390336608,5.5677225076868408],[-76.779753746985264,5.5676367828128859],[-76.77966362241834,5.5673523186053364],[-76.779644673362384,5.5672925039571579],[-76.779608774163961,5.567208765820812],[-76.77959945956799,5.5671915301584738],[-76.779554599593709,5.5671085259451489],[-76.779396549511958,5.5668358790315207],[-76.779380067468026,5.5668100280911785],[-76.779340132003725,5.5667473924174153],[-76.779281622928266,5.5666684086115978],[-76.779222630772537,5.5666021105227061],[-76.779115708927208,5.5665000282596448],[-76.779075771132682,5.5664704221239747],[-76.779045611235603,5.5664567916337617],[-76.779028907810869,5.5664581920519396],[-76.779023200787492,5.5664582187552227],[-76.778831047356633,5.5664590973727908],[-76.778833392647996,5.5664681247023697],[-76.778825533300193,5.566488877907501],[-76.778801829426712,5.566512713839983],[-76.778770680715851,5.5665288158561159],[-76.778738542911114,5.5665454290340604],[-76.778644465772786,5.5665720195195787],[-76.778592902910901,5.5665800870606086],[-76.778526591960997,5.5665904599677738],[-76.778393113304361,5.5665997134407208],[-76.778252792366828,5.5665991953887293],[-76.778004590793174,5.5665848773036934],[-76.777885100919065,5.566581062027633],[-76.777775189192184,5.5665815795742093],[-76.777687564988625,5.5665868152731335],[-76.77758988840877,5.5665992632350685],[-76.777494259693782,5.5666175020461868],[-76.77730277673399,5.5666595963453167],[-76.776994201944888,5.5667178708142071],[-76.776892778201301,5.5667398718850487],[-76.776693227979109,5.5667894148214883],[-76.776497041511448,5.566843763926796],[-76.776383172111466,5.5668684429084125],[-76.776264799677008,5.5668873440415299],[-76.776143181381855,5.5669024134938248],[-76.775768618632554,5.566941069929074],[-76.775640160556833,5.5669570645614979],[-76.775387210704025,5.5669967531595299],[-76.775264586026736,5.56702079909003],[-76.775146161863375,5.5670482840367379],[-76.775033591202742,5.5670800462859749],[-76.774772765356943,5.5671653215275754],[-76.774688080367525,5.5671957309115294],[-76.774598012452131,5.5672350041135061],[-76.774453089766439,5.5673146756767879],[-76.774368920824784,5.5673563177157472],[-76.774099848486074,5.5674757690640542],[-76.773970850469794,5.567522016115003],[-76.773834742337243,5.5675556468025418],[-76.773687596618046,5.5675799906310788],[-76.773536735753012,5.5675966017832135],[-76.773389460308877,5.5676069957571706],[-76.773252979150712,5.5676125829879473],[-76.773134432984065,5.5676146858538003],[-76.772957147400319,5.567612493670806],[-76.772943664444995,5.5676082742642805],[-76.772926401438824,5.5676190384529685],[-76.772919378169931,5.5676267893769671],[-76.772881776507958,5.5676978130955206],[-76.772870553117343,5.567727879630441],[-76.772832115799019,5.5678573184163334],[-76.772811337935948,5.567948165062794],[-76.772708592024344,5.5683973916158696],[-76.772659333254595,5.5685873703439501],[-76.772593402065624,5.5688090372716967],[-76.772557197529196,5.5689572700668917],[-76.772531451768032,5.5690961359901898],[-76.772467653757275,5.569516446847917],[-76.772443688307632,5.569652510891471],[-76.77241533713935,5.5697829588690917],[-76.772371337687943,5.5699579708009352],[-76.77235121522034,5.5700708392257017],[-76.7723357710925,5.5702214422822269],[-76.772330546436308,5.5703755848690273],[-76.77233490182455,5.5705301022050921],[-76.772349081610514,5.5706819033119501],[-76.772367019901935,5.5707931956334331],[-76.772392049099153,5.5708995577617575],[-76.772478505302459,5.5711726373857458],[-76.772571331572024,5.5714890442530587],[-76.772605502315429,5.5715863801950043],[-76.772670855180948,5.5717490591701315],[-76.772708162988408,5.5718558987439062],[-76.772802889117159,5.5721764392243536],[-76.77288992942394,5.5724444729376756],[-76.772923222565112,5.572582297260035],[-76.772947442927034,5.5727287372796495],[-76.772964563016885,5.5728814540352474],[-76.77297603050792,5.5730384921245761],[-76.772982801929331,5.5731981918908753],[-76.772985409530847,5.5733590743042294],[-76.772983954257498,5.5735197290263079],[-76.772978134019453,5.5736787248253004],[-76.772967206894563,5.5738344933162294],[-76.772949962511817,5.5739852234855984],[-76.772924649224564,5.574128749275042],[-76.772888910158187,5.5742624154340943],[-76.772863720251777,5.5743321920980957],[-76.772733162913653,5.5746575150238868],[-76.772692785234483,5.5747460249493033],[-76.77260518330138,5.5749140318626988],[-76.77246899242401,5.5752022748545702],[-76.772391102045049,5.5753510500008492],[-76.772344127026358,5.575455154098103],[-76.772225322170883,5.5757517229951947],[-76.77219497370784,5.5758345930496604],[-76.7721593538283,5.5759671703740246],[-76.772133875669809,5.5761095766566671],[-76.772116158919985,5.5762592958653583],[-76.772104402244096,5.576414284170176],[-76.772097289023904,5.5765728883692063],[-76.772093925324185,5.5767337297905888],[-76.772096681405799,5.5770574333320662],[-76.772102750262704,5.5772181103432024],[-76.772112456652721,5.5773764783244371],[-76.772126613350252,5.5775312307297469],[-76.772146402928087,5.5776808175182309],[-76.772173449354071,5.5778233652238036],[-76.772193845570868,5.5779040401619966],[-76.772240860733845,5.5780602811290674],[-76.772273588495977,5.5781831062744498],[-76.772360006877292,5.5785633149402232],[-76.77238971810786,5.5786788409286947],[-76.772423935821081,5.5787898117740076],[-76.772485456234563,5.5789562617009052],[-76.772519124814735,5.5790584554871758],[-76.77261000748274,5.5793781177679502],[-76.772698898883135,5.5796564510910018],[-76.772732981102834,5.5797983266859514],[-76.772757918904489,5.5799493206170814],[-76.772775865682888,5.5801070484949804],[-76.772788426053054,5.5802695710558652],[-76.772796724506165,5.5804352772249635],[-76.772802919409401,5.580770838266222],[-76.772801028760838,5.580938187560089],[-76.772795293451239,5.5811035007519143],[-76.77278479064293,5.5812652530692946],[-76.772768106923976,5.581421601399585],[-76.772743243766783,5.5815702593705723],[-76.772707522882655,5.5817083561764784],[-76.77268286812216,5.5817780537533972],[-76.772551972995458,5.5821026945043553],[-76.772510317768749,5.5821895729981845],[-76.772368901130946,5.5824353855677185],[-76.772314595408204,5.5825262186508091],[-76.7722549725909,5.5826117054131732],[-76.77220307771249,5.5826726494254562],[-76.772148109245109,5.5827305039186657],[-76.772091825238036,5.5827870212920239],[-76.77203275164392,5.582840742624116],[-76.771940395453328,5.5829108066933166],[-76.771770793035643,5.5830299036338831],[-76.771576205370067,5.5831908983867073],[-76.771482132652949,5.5832755734473452],[-76.771328673808085,5.5834248746477089],[-76.771269848390475,5.5834864104842969],[-76.771118201299274,5.5836613590472224],[-76.77104843962168,5.5837538710049603],[-76.770906676346939,5.583967058999348],[-76.770617697325562,5.5843530368536456],[-76.77053195915731,5.5844922003987767],[-76.770489209040079,5.5845695966037292],[-76.770455732170959,5.5846408031679733],[-76.770418153615168,5.5847509377595168],[-76.770386747868713,5.5848918112212136],[-76.770365489224162,5.5850427519635186],[-76.770351697185987,5.5852011077247665],[-76.770343326160784,5.5853648434780983],[-76.770337038864156,5.585702694550096],[-76.770345915999485,5.5867437829795756],[-76.770345606311722,5.5870875658404877],[-76.770336434956491,5.5874225501355896],[-76.7703309193965,5.5875083874483904],[-76.770326046826668,5.5875842805054416],[-76.770317126462999,5.5876699220684447],[-76.770309807714597,5.5877402047096076],[-76.770285655678251,5.5878882733883293],[-76.770250934606921,5.5880258485862742],[-76.770221831695494,5.5881090913134024],[-76.770107699131984,5.588406948769979],[-76.770062375360936,5.5885114692580666],[-76.769969832065215,5.5886955777559253],[-76.769886821680913,5.5888777249189268],[-76.769843489483719,5.588966981531966],[-76.769764629883426,5.5891129646542108],[-76.769618716120604,5.5894166500826863],[-76.769539282252779,5.5895620652975158],[-76.769391545919959,5.5898639392318401],[-76.769304001965011,5.5900181601336474],[-76.769205194527316,5.5902078557804353],[-76.769152786813081,5.5902997238197694],[-76.768971365400716,5.590568159634933],[-76.768877858847631,5.5906996036850307],[-76.768768900718626,5.5908752017773482],[-76.76870334242156,5.5909748946693929],[-76.768654571629639,5.5910386158286105],[-76.768502894291373,5.5912244432343572],[-76.768288609352027,5.5914602556364725],[-76.768178350323538,5.5915750671833431],[-76.76796360793287,5.5918104247186102],[-76.767806315915891,5.5920003909911697],[-76.767761184410048,5.5920580120023713],[-76.767711697413318,5.5921291376145934],[-76.767580427006152,5.5923271085552315],[-76.767379530845048,5.5925762141138096],[-76.767273231154121,5.5926949566635278],[-76.767058411122974,5.5929433507773485],[-76.766903827906802,5.5931436950938949],[-76.766869964183584,5.5931917135436384],[-76.766809146672955,5.5932923902795428],[-76.766707676727549,5.5934791621932174],[-76.766625143250792,5.5936215128650986],[-76.766476992795447,5.5939230165041538],[-76.766397795859149,5.5940686970867324],[-76.766252718157332,5.5943733057079958],[-76.76617427524954,5.594519773486776],[-76.766031209408808,5.5948265059460311],[-76.765954938753126,5.5949752220122546],[-76.765912482670259,5.5950697780628911],[-76.765774244534256,5.5954032486134793],[-76.765755484418634,5.5954508702073493],[-76.765722937541383,5.5955492747026101],[-76.765690722781031,5.5956709602109926],[-76.765607776236521,5.5960499896138254],[-76.765576646377397,5.5961730227888662],[-76.765526438415961,5.5963484930362384],[-76.765503537713059,5.5964497804811799],[-76.765485003432147,5.5965554459671036],[-76.765465292442883,5.5967022713708889],[-76.765449603138521,5.5968531275418538],[-76.765409531508183,5.5973122471654948],[-76.765393346107459,5.5974619144816122],[-76.765373146879455,5.597606945027656],[-76.765347206949869,5.5977452583836511],[-76.765305755472724,5.5979240110986934],[-76.765283083340009,5.5980598308249103],[-76.765269137299072,5.5982008142190844],[-76.765262924574003,5.5983471871116537],[-76.765264318687699,5.5984942624354623],[-76.765272340058274,5.5986273064513696],[-76.765287328244312,5.5987572487294184],[-76.765310210950489,5.598882147099383],[-76.765354782624016,5.5990581908140982],[-76.765382654006416,5.599185810552628],[-76.765472433777035,5.5997253085894991],[-76.765498942978454,5.5998568139596685],[-76.765517184317162,5.599931742332644],[-76.765537997867881,5.6000040821855404],[-76.76559678179467,5.6001720565344817],[-76.765704586184313,5.6005108521666971],[-76.765735352034298,5.6005966795116739],[-76.765769912257383,5.6006786326102747],[-76.765797565817365,5.6007344047875689],[-76.765906891578695,5.6009377406068372],[-76.765969117390142,5.6010454149418054],[-76.766014666189619,5.6011117047270718],[-76.76607645043606,5.6011852338171852],[-76.766120120984979,5.6012317402226532],[-76.766234735421747,5.6013424439128832],[-76.766285761751718,5.601382687059596],[-76.766497113509132,5.6015301814441125],[-76.766683934617916,5.60168340108899],[-76.766789485828426,5.6017789442537405],[-76.766966173219885,5.6019616078250811],[-76.766973123421721,5.6019706723982035],[-76.767063948748103,5.6020891282941108],[-76.767102485915544,5.6021446116494555],[-76.767151964268038,5.6022265180731781],[-76.767156663234275,5.6022380390551216],[-76.767207902970512,5.6023636429889407],[-76.767254944654653,5.6025340132165065],[-76.767295956713255,5.6027245707790998],[-76.767371221880765,5.6031141767465353],[-76.767424590893967,5.6033486244932416],[-76.767470221340758,5.6035178748523506],[-76.767489385157575,5.6036041341817731],[-76.767500169003,5.6036852412624736],[-76.7682276480122,5.6036913522775844],[-76.768242963581983,5.60363363923069],[-76.768453308201416,5.6035773109915885],[-76.768701174612431,5.6035887297574902],[-76.768770134186525,5.6036351025360611],[-76.768911769130455,5.6036136069082305],[-76.768983755460027,5.6036026817731237],[-76.76909250248876,5.603594719304767],[-76.769169742265063,5.6035991188682246],[-76.76924595688628,5.6036133035098121],[-76.76930296289332,5.6036305875715957],[-76.769398256984985,5.6036691486971701],[-76.769490424751424,5.6037183311291443],[-76.769535932891515,5.6037477326550071],[-76.769610552862574,5.6038038716518805],[-76.769702265848537,5.6038901696526198],[-76.769703856195946,5.6038917587435115],[-76.769792166122258,5.6039799705871385],[-76.769891189927833,5.6040621313738832],[-76.770009223394666,5.6041273362899968],[-76.770124097718949,5.6041692812193968],[-76.770260434782386,5.6042030359372053],[-76.770405372283776,5.6042271481406365],[-76.770556635966614,5.6042441385177604],[-76.770712498471212,5.6042559273002537],[-76.770780343072957,5.6042593567618271],[-76.770871682851848,5.6042639694429122],[-76.771196359350455,5.6042728786421288],[-76.771690885492276,5.6042772423974059],[-76.77218718789797,5.6042766806604698],[-76.772516249471352,5.6042730099441833],[-76.772841339180445,5.6042635570277586],[-76.772899012839531,5.6042604729919026],[-76.773001327792599,5.604254997662502],[-76.773158734882188,5.6042425265607152],[-76.77331265986669,5.6042247272033441],[-76.773423297333821,5.6042073408014037],[-76.773622252855915,5.6041658305943907],[-76.773921344383041,5.6040959814859113],[-76.77406768290659,5.604054182209663],[-76.774187797328352,5.6040111271213373],[-76.774301849204562,5.6039598363323302],[-76.774387927429174,5.6039120593109937],[-76.774453312716318,5.6038702081268426],[-76.774542179344309,5.6038073616637423],[-76.774611901015788,5.6037507669919338],[-76.774757352332088,5.6036130901097678],[-76.774805086559212,5.6035647875508872],[-76.774902648797223,5.6034660620648271],[-76.774979166304391,5.6033963480153357],[-76.77504823893247,5.6033425651783713],[-76.775151927109263,5.6032766691136446],[-76.775245683762009,5.6032266083253282],[-76.775343118478446,5.6031809596574806],[-76.775514725386728,5.6031104845830342],[-76.775600652890162,5.6030751979221742],[-76.775725897522648,5.6030191090527968],[-76.775834188443937,5.6029618337198679],[-76.77596287076706,5.6028876477555887],[-76.776043344020223,5.6028354231412836],[-76.776121280078257,5.6027794491175555],[-76.776405316976351,5.6025497436692868],[-76.776469101370523,5.6025029016088901],[-76.776590756120129,5.6024135578779219],[-76.776798451523632,5.6022610255758494],[-76.777040692342595,5.6020765536479065],[-76.77725994217279,5.6019219030978684],[-76.777263805223285,5.601919618684378],[-76.777305486085666,5.601894965880267],[-76.777366191241299,5.6018590617592876],[-76.777690000637492,5.6016844429349959],[-76.777957533006671,5.6015308487005244],[-76.777967253339924,5.601525500291058],[-76.778105027699823,5.6014497248325945],[-76.778292590407673,5.6013607429044923],[-76.778396818125131,5.6013169294949954],[-76.77856476084861,5.6012547796583023],[-76.778690665520344,5.6012180706029087],[-76.778820026158868,5.601187682330151],[-76.779051405284903,5.6011422321285851],[-76.779377256466915,5.6010782232246896],[-76.779519479205888,5.6010416091203421],[-76.779642949985558,5.6010007082805098],[-76.779759555682276,5.6009526408179191],[-76.779910905437816,5.6008777591057983],[-76.779979828799284,5.6008402909717461],[-76.780206371883367,5.6007062523761073],[-76.780230305147128,5.6006920921556338],[-76.780334425966046,5.6006369241584739],[-76.780419026027687,5.6005979206629366],[-76.780550259789308,5.6005527703398368],[-76.780690965377872,5.6005188533971078],[-76.780838575113492,5.6004930022186006],[-76.780923879024726,5.6004815781589974],[-76.780990952091329,5.6004725963727413],[-76.781613565578297,5.6004048240012292],[-76.781764385833412,5.6003826192154431],[-76.782085372364364,5.6003223802845268],[-76.782114023996357,5.6003170043041663],[-76.782235654565213,5.6003009040376304],[-76.782318933210007,5.6002948471452063],[-76.782397240921242,5.6002930134763309],[-76.782398387642687,5.6002930403803068],[-76.782472512615939,5.6002947908924856],[-76.782630174875948,5.6003050383096085],[-76.78270324297003,5.6003055990684958],[-76.782899456502761,5.60029478347231],[-76.782928879370417,5.6002949580949926],[-76.783011977501801,5.6002954530699487],[-76.783128493118468,5.6003061587084879],[-76.78324548004943,5.6003283247091593],[-76.783334183810638,5.6003547093205972],[-76.783402849266622,5.6003826530189063],[-76.783486484818027,5.6004275406348523],[-76.783552228860216,5.6004705851838761],[-76.783630209588736,5.6005306427901429],[-76.783721351145189,5.6006157230161513],[-76.783739944565056,5.6006352930754817],[-76.783765041308627,5.6006617050958774],[-76.783839478866426,5.6007482180846466],[-76.783898335086135,5.6008313396876641],[-76.783950785972877,5.600916250117133],[-76.784083037254689,5.6011365637514237],[-76.784112021835853,5.6011948953760236],[-76.784134714977867,5.6012498920559031],[-76.784150948765799,5.6012996954820604],[-76.784157149594449,5.6013454783643928],[-76.784150950308756,5.6013838614194853],[-76.784145749699761,5.6013927233570522],[-76.784125987699881,5.601426391674404],[-76.784071745582338,5.6014645608035263],[-76.783996792569241,5.6014908396668464],[-76.78390786624874,5.6015077177567507],[-76.783892757060187,5.6015094825276188],[-76.783692036716886,5.6015329219257213],[-76.783593378012171,5.6015486510173096],[-76.783494305428093,5.6015698155758145],[-76.783397562104838,5.6015979944712742],[-76.783292781978957,5.601640005112535],[-76.783217780124474,5.6016760697807513],[-76.783146132980946,5.6017165810892253],[-76.783078887138714,5.6017622529132414],[-76.782909187858806,5.6018916832038919],[-76.782794177732427,5.6019880970756795],[-76.782772895813451,5.602005940989617],[-76.782715667517365,5.6020490510730276],[-76.782656579770475,5.6020854607358608],[-76.782588473823992,5.6021161473221621],[-76.782519998653441,5.6021375140035179],[-76.782481462919392,5.6021460397295746],[-76.782396986481615,5.6021573314770716],[-76.782358129242638,5.602159466512397],[-76.78226637248153,5.6021577633208608],[-76.782159637851606,5.6021456164346235],[-76.782108135848802,5.6021354016786571],[-76.78183082702094,5.6020804037781353],[-76.781696103096749,5.6020596292845353],[-76.781429779982034,5.6020262895821693],[-76.781196088876754,5.6020040641049489],[-76.781101717167402,5.6020058670432276],[-76.781021542739651,5.602019098559424],[-76.780904577983137,5.6020577208356901],[-76.780825405827642,5.6020906849798031],[-76.780745430908226,5.6021295874241579],[-76.780668509423634,5.6021743039103535],[-76.780593472949988,5.6022252176659997],[-76.78052793496893,5.6022756762970047],[-76.780420529047575,5.6023691510639608],[-76.78036670919245,5.6024227244824543],[-76.780308691163384,5.6024860293425993],[-76.780235205186358,5.6025730935040192],[-76.780159533842948,5.6026780145029829],[-76.780118815675749,5.6027426741420294],[-76.780049313616644,5.6028680755747953],[-76.780011876699874,5.6029485916640454],[-76.779960230726289,5.6030822138847043],[-76.779904290199553,5.6032488166316385],[-76.779869585501558,5.6033521734072433],[-76.779839087398599,5.6034345085965898],[-76.7798002550972,5.6035269198467059],[-76.779756177305856,5.6036125586197576],[-76.779704208784281,5.6036890949512177],[-76.779650122222534,5.6037477471705355],[-76.779589689102721,5.6037994136768248],[-76.779516120287937,5.6038515263058324],[-76.77943910926902,5.6038979294387978],[-76.779342322087359,5.6039459034755241],[-76.779237383372177,5.6039809513602732],[-76.779213609493908,5.6039858677601107],[-76.779126959537535,5.6040037918499479],[-76.779014412220619,5.6040168631585647],[-76.778836756506905,5.6040285924073441],[-76.778750791610889,5.6040370054720832],[-76.778654704213395,5.6040503270675952],[-76.778558737642967,5.6040678579542984],[-76.778379922926007,5.6041072174997222],[-76.778177214415152,5.6041578056663779],[-76.778049265409678,5.6041979725479329],[-76.777926712064229,5.6042437414832182],[-76.777531248374942,5.6044116864112432],[-76.777411372696463,5.6044505611535111],[-76.777288482718689,5.6044804671437038],[-76.777052707041832,5.6045265339058243],[-76.776960229616449,5.6045477329033329],[-76.77689161220556,5.6045719240520588],[-76.776834143477657,5.6046006506261348],[-76.776778868634111,5.6046353873803438],[-76.776407152743218,5.60491973459966],[-76.776333175504945,5.6049712293381049],[-76.775813759413296,5.6053170856180081],[-76.775742075386816,5.6053630089671849],[-76.775659706320667,5.6054090789849402],[-76.7752929164986,5.6055891027129592],[-76.775161537381749,5.6056404226591185],[-76.774887962257054,5.6057284773703069],[-76.774755518333535,5.6057748706841499],[-76.774620724965217,5.6058354970565727],[-76.774444093044934,5.6059427173476504],[-76.774354271227679,5.6059903643174103],[-76.774325670273072,5.6060010444435688],[-76.774274426673344,5.6060201807980956],[-76.774174085249612,5.6060446552073104],[-76.774072690523624,5.6060574272163901],[-76.77403170576406,5.6060593462432129],[-76.773942232079435,5.606057707760546],[-76.773817916665664,5.6060432827775868],[-76.77378347416105,5.606036787198863],[-76.773673724902096,5.6060082958596817],[-76.773592991248819,5.6059792117107756],[-76.77342274441294,5.6059070311169918],[-76.773334216162951,5.60586949573183],[-76.773245396429033,5.6058359727388449],[-76.773113774129129,5.6058034385086719],[-76.772973340342773,5.6057865471904984],[-76.772827437778332,5.605784233262959],[-76.772710781249117,5.6057920707101969],[-76.772593403446692,5.605806335426105],[-76.772469988978258,5.6058260656275882],[-76.772246097582638,5.6058618586900479],[-76.771757003856678,5.6059322138623386],[-76.771610579119937,5.6059561182735305],[-76.771594495940619,5.6059594053660664],[-76.771469328745511,5.6059849922878904],[-76.771381916720273,5.6060079596311239],[-76.771298531200443,5.6060361144210686],[-76.771202901444568,5.6060801673016112],[-76.771089485510288,5.6061504725237006],[-76.771008195685297,5.6062092026241892],[-76.774549825168734,5.611149985400175],[-76.775315578425506,5.6117392831708894],[-76.775560405255959,5.6119232372967529],[-76.776316684972258,5.6125497909425839],[-76.776519564408119,5.6126900389168508],[-76.77681046353986,5.6128343058733208],[-76.777149629669907,5.613064252027935],[-76.777643021427608,5.6133826421550621],[-76.777949286794936,5.6135742584142427],[-76.77822642683762,5.6137852520936153],[-76.778639557606525,5.6140611019710711],[-76.778959932297312,5.6142425368790292],[-76.779259977371169,5.6144353561749201],[-76.779632069033738,5.6147068810709539],[-76.779998259903579,5.6149502492004872],[-76.78036477944822,5.6151088876757891],[-76.780726067122103,5.6152663739590292],[-76.781073451077518,5.6154398239799717],[-76.78138420281411,5.6156269007052781],[-76.781567408383879,5.6157627205375444],[-76.781741035728487,5.6158940689629473],[-76.781966548858421,5.6160341161281897],[-76.781986947725755,5.6160458736133636],[-76.782298698352832,5.6163684335792015],[-76.782724005454753,5.6164135034934413],[-76.783731177972186,5.6167952704014654],[-76.784044332976393,5.6172888225184048],[-76.784491736252122,5.6179170052087608],[-76.785073623821134,5.6182088501427572],[-76.785879584943359,5.6180746903981094],[-76.78641716868286,5.617424573452471],[-76.78666368033582,5.6168864455702181],[-76.787223483217318,5.61657274454633],[-76.78785020799107,5.6167300448694109],[-76.788536624331172,5.6180979136671967],[-76.789489910320682,5.6183986158239767],[-76.789827871506233,5.6186002814175948],[-76.790217969933948,5.6188852620572867],[-76.790575589973386,5.6192042653267569],[-76.790816164006216,5.6194425168470588],[-76.791179248138604,5.6200651752618134],[-76.791292127169598,5.6202588555412989],[-76.791391701317579,5.6204605474337832],[-76.791618418984555,5.6211131977330817],[-76.791717450020272,5.6213148911200888],[-76.791845172523509,5.6215208778565229],[-76.7919953746202,5.6217132989549485],[-76.792338670154237,5.6219950622339132],[-76.792577988789361,5.6220786745315143],[-76.793099076875436,5.6220479775711816],[-76.793445594303151,5.6219165623207195],[-76.793849021938868,5.6217893098923533],[-76.794219050666456,5.621731130261284],[-76.794814210514957,5.6216140051127681],[-76.795092247488114,5.6216864156545769],[-76.796211723567097,5.6219036779581772],[-76.796277096370758,5.6219392620707813],[-76.796443854577632,5.6220046130881141],[-76.797495763679493,5.6224985137429764],[-76.799017548590172,5.6234860347794049],[-76.799666577039787,5.623845178512223],[-76.801434332837246,5.6254383416834983],[-76.804009228942661,5.6244079077049225],[-76.804680030518099,5.6260902544002693],[-76.805216632690005,5.6275258404197448]]],[[[-76.89692155526275,5.661956961257558],[-76.897206766384656,5.661982669104014],[-76.897456915193274,5.6619724185779097],[-76.897937245423094,5.6619068560006838],[-76.898267995413775,5.6618962140467586],[-76.898508860252235,5.661849881022297],[-76.898738169277252,5.6615958679263221],[-76.898934702824107,5.661351049023617],[-76.899405026375121,5.6609513499207527],[-76.899714242134351,5.6608143610791899],[-76.900047597649319,5.6605417790393133],[-76.900390670565017,5.6603955976665228],[-76.900621249726271,5.6600693223909202],[-76.900751908587864,5.6595899937489058],[-76.900686840123697,5.6590754851704048],[-76.900509499941123,5.6584079816325952],[-76.900123245490121,5.6578860093394461],[-76.899878986056862,5.6577155885924135],[-76.89961043079272,5.6575362566908574],[-76.899096945050431,5.6571413490713418],[-76.89892706684833,5.6569705695316745],[-76.898609202968245,5.6567372839453052],[-76.898437935786362,5.6565032851893431],[-76.898303596472005,5.6562239477989449],[-76.898291116702495,5.6558627282528739],[-76.898358644472665,5.6555462798830449],[-76.898436058925085,5.6553164001472815],[-76.898480400294702,5.6552381484901035],[-76.898416610754239,5.6551914921127047],[-76.898193023181861,5.6549515143695883],[-76.897967434689022,5.6546150880362607],[-76.897897325743301,5.6545105658622354],[-76.897815494127357,5.6544433145490034],[-76.897722949388481,5.6544347305732741],[-76.897618995119899,5.6544723589770909],[-76.89751062739299,5.6545470393600841],[-76.897351586508137,5.6546972013080339],[-76.897203413026617,5.6548741363815891],[-76.89703613901672,5.6551476257453457],[-76.896972293589911,5.6553126817578638],[-76.896931004501369,5.6554808755050328],[-76.896922346522246,5.6556486439441045],[-76.896976300038872,5.6558606308245896],[-76.897078705011154,5.6560618222064258],[-76.897329206959967,5.6564046302782192],[-76.897376158082722,5.6565114301224444],[-76.897377635873653,5.6566114089595194],[-76.897352637838992,5.6566624721967056],[-76.897311896320304,5.6567026832737985],[-76.897208475400703,5.6567561991388686],[-76.897010448796777,5.6568050339826721],[-76.896487510700197,5.6568778457477835],[-76.896307175629303,5.6569494428366252],[-76.896177895991727,5.6570627004131229],[-76.896117406516993,5.6571767088941218],[-76.896095258561161,5.6573131982634708],[-76.896108334683532,5.6574441017054449],[-76.896207026686071,5.6578092353205918],[-76.89621905473885,5.6579472781103686],[-76.896208715508379,5.6580087458015713],[-76.896159844783156,5.6581197163510515],[-76.896081817255975,5.6582049948331541],[-76.896029221229426,5.6582351474778179],[-76.89591308742466,5.6582527820536113],[-76.895868371605388,5.6582350258247516],[-76.895793577043392,5.6582053129080059],[-76.895681229821434,5.658110932005342],[-76.895592163535056,5.6580018968537757],[-76.895447245566672,5.6577539513802151],[-76.895130743993462,5.6570203738579616],[-76.894804269207825,5.6563864643683797],[-76.89471215702936,5.6562439365666197],[-76.894619490048541,5.6561356438872892],[-76.89456617802054,5.6560928172221887],[-76.894452860526982,5.6560399892676321],[-76.894244997695026,5.6560123675944887],[-76.894021526106073,5.6560385613804973],[-76.893800528028919,5.6561283300370935],[-76.893619015295315,5.6562734528025311],[-76.893548373569288,5.656394103857771],[-76.893536432212883,5.6564605468253193],[-76.893612409429792,5.6568460272860968],[-76.893611575864782,5.6570464501573374],[-76.893574438808841,5.6571598024269321],[-76.893489706636245,5.6572572171071753],[-76.893428200373791,5.6572905734838228],[-76.893281420266831,5.6573282276228376],[-76.893031282386602,5.6573402808336022],[-76.892773923473953,5.6573132615137904],[-76.892558467466813,5.6572452124235788],[-76.8924111109215,5.657163013398204],[-76.892328269172609,5.6570917010541271],[-76.892231587170471,5.656936367864752],[-76.892193985589103,5.656805225789352],[-76.892178254606549,5.6566473296970283],[-76.892222633664105,5.656091825322517],[-76.892348559100071,5.6559373975550349],[-76.892449325354661,5.6557811062880345],[-76.893167166886485,5.6552373246908969],[-76.893204034552184,5.6551426697311369],[-76.893318556644942,5.6548482134416505],[-76.893597225128715,5.654323001686671],[-76.8940023071833,5.6537249212799887],[-76.894323268230394,5.6534433702180822],[-76.894828714742175,5.6529802811703567],[-76.895244696732561,5.6524363407618736],[-76.895382525119288,5.6522640626488467],[-76.895635416879429,5.6520009963755733],[-76.895774022341101,5.6517654891686506],[-76.895892936889936,5.6512049282757078],[-76.895896522321351,5.6501391332851005],[-76.895990666004977,5.6491361210681728],[-76.896212930844214,5.648376353262778],[-76.896907222185575,5.6472349504955126],[-76.89745135815312,5.6463832980534896],[-76.897967676193673,5.6458388709776042],[-76.898672114647269,5.6449322501781412],[-76.899054276001635,5.6447226598509426],[-76.899253946555646,5.6442881544535615],[-76.899235875539517,5.6439450259561594],[-76.899200208567578,5.64343046560343],[-76.899218806420393,5.6429697423861871],[-76.899291594568581,5.6427526245303747],[-76.89940018172193,5.6424992003199517],[-76.899654888970417,5.642389580137726],[-76.900311522922465,5.6421876869613703],[-76.901080975099262,5.6423645899892936],[-76.90247184082979,5.6424210564804245],[-76.903666924548091,5.6425236280846462],[-76.905038516147883,5.6424356699369804],[-76.906230398695854,5.642231168203514],[-76.907388289419885,5.6420087669566401],[-76.908259211856958,5.6418419496211216],[-76.909410076767145,5.6418995667294949],[-76.91065312901739,5.6419115760616512],[-76.912887356698221,5.6411240279498385],[-76.914080863444184,5.6407930585142223],[-76.915114697031157,5.6405351227289664],[-76.915904319577919,5.6404680430974281],[-76.916803327721951,5.6405359093999401],[-76.918183713196058,5.6409807589500627],[-76.918992567584624,5.6410309956778271],[-76.920183883716646,5.6408445370606461],[-76.9212957381488,5.6401888077194213],[-76.921840036646913,5.6398429369243628],[-76.922943053333313,5.6395575527770614],[-76.924283567722426,5.6393342303857885],[-76.925792565032665,5.639236613507153],[-76.926228195861228,5.6391441604441503],[-76.926951333701908,5.6389599828029784],[-76.927868708847328,5.6387477567048157],[-76.928866809641747,5.6385622281697918],[-76.929801108203279,5.6385847410250749],[-76.930473419983215,5.6386085393699608],[-76.931088391224961,5.6386506808047256],[-76.932965212035185,5.6384247099050571],[-76.934367258822945,5.6384539510530631],[-76.935524742291676,5.6382676299635444],[-76.93640653021474,5.6376942980119207],[-76.937013031708489,5.6367068610927795],[-76.937583455046465,5.6353674564764029],[-76.938262768223623,5.6341719344358898],[-76.939026479510318,5.6332921054484917],[-76.939537221382665,5.6328922018926031],[-76.94039868190913,5.6326621726041832],[-76.941163386019838,5.6326855086619902],[-76.941822019434298,5.6327906502272516],[-76.942548532102435,5.6329496442830767],[-76.944132747911397,5.6334927759585245],[-76.944914204388851,5.6337147202456554],[-76.946029765692444,5.6338266331862865],[-76.946658711446759,5.6337422509119142],[-76.948017056432619,5.6337266103290613],[-76.948574588876184,5.6337870822596221],[-76.949277976479351,5.6339371478076652],[-76.950587744502428,5.6349331939888225],[-76.951372646133848,5.6355073389834605],[-76.952541429481315,5.6357905770324308],[-76.954522172568105,5.635515801312236],[-76.95472811903619,5.6354871436461558],[-76.955147190228985,5.6354773058973135],[-76.955392643763759,5.6354890990772972],[-76.955392634676329,5.6345905481224827],[-76.955571113254621,5.6335793059817245],[-76.955781801196125,5.6332983487004089],[-76.955781890834558,5.6328799547876525],[-76.956212022199637,5.6317316086638325],[-76.957073279407695,5.6296090290617071],[-76.957098471023073,5.6295224516775866],[-76.957210981236955,5.6291357886707409],[-76.95725913444906,5.6289702964663917],[-76.957327318183573,5.6287359637924066],[-76.957352945519716,5.6286807177840901],[-76.95735340383338,5.6286797251169487],[-76.95755589966771,5.6282431788905223],[-76.957564594567231,5.6282241205799668],[-76.958004208032435,5.6269587874967515],[-76.958551563377853,5.6248976727520912],[-76.958585959722939,5.6247633784319868],[-76.958598156292851,5.6247157628326212],[-76.958602548124034,5.6246986135896],[-76.958610437586884,5.6246650868175863],[-76.958647968295608,5.6245056171372214],[-76.958722250011164,5.6241899813079259],[-76.958791366930456,5.6238201765669569],[-76.959008317361494,5.6218986869370191],[-76.95879387255637,5.6195299859378487],[-76.958221337014237,5.6165152109690242],[-76.958091309534325,5.6150976268519068],[-76.958064646739842,5.6149594032740202],[-76.957979490373731,5.6144804837192135],[-76.957967163842213,5.6144111633018507],[-76.957962096811855,5.6143648187733257],[-76.957918739169429,5.6139612738772335],[-76.957924021097242,5.6137192873633541],[-76.957935073675401,5.6132126452482369],[-76.957944364610796,5.6127868449890093],[-76.957951239151114,5.6122793184065669],[-76.957996477812841,5.6116195814906495],[-76.958044102602258,5.6075429858751002],[-76.958095146373736,5.6069018001064093],[-76.958099444885931,5.6067783651146739],[-76.958112647070053,5.6063992658703743],[-76.958130708370305,5.6061940301865762],[-76.958144877650241,5.6060330391756859],[-76.958181633025092,5.6056001207918067],[-76.958188442533611,5.6055312015642542],[-76.958218375889416,5.6052282431980442],[-76.958251173313414,5.6049418485632296],[-76.958295517288562,5.6043848292842293],[-76.958323885336441,5.6036405003284768],[-76.95830745210769,5.6035802444498142],[-76.95832758904146,5.6035433259112954],[-76.958403573486507,5.6015496384785104],[-76.958436623792508,5.6014173079755594],[-76.958436910364824,5.6013726606797407],[-76.958482700973022,5.6010073555389184],[-76.958530140580649,5.600628907863558],[-76.959320547344518,5.6002639643857117],[-76.959517990419144,5.6002606139026447],[-76.959729541412301,5.6002346565282926],[-76.960037583268658,5.6000696888250614],[-76.96017243453295,5.599931812979424],[-76.960362023903173,5.599712561811069],[-76.960449492442038,5.5995599829012708],[-76.960709602715909,5.5992977914874862],[-76.960919479998879,5.5991768857005138],[-76.96108816704394,5.5990989257323651],[-76.961125401374844,5.5990842385798762],[-76.961148534514919,5.5990661581789603],[-76.961281770446732,5.5989459363699261],[-76.961376479945457,5.5988604795022621],[-76.961659720915478,5.5985881205619679],[-76.961916426329097,5.5984242704865572],[-76.96212178868501,5.598307883390512],[-76.962256633890163,5.5982027873514673],[-76.962534801609024,5.5979066911551287],[-76.962664023861819,5.5977122959855352],[-76.962687496931139,5.5976636619657878],[-76.962778586108726,5.5974749440161906],[-76.962854237102192,5.5971686333516573],[-76.962942880065754,5.5967775500839014],[-76.963013459909661,5.5964384572274515],[-76.96306034571532,5.5961084045208436],[-76.963087140927826,5.5959125585952734],[-76.963169137077287,5.5952700802825177],[-76.963169711385262,5.5923989781320618],[-76.963289904271136,5.5918726244441821],[-76.963291895378973,5.5918492835295419],[-76.96329814248277,5.591632257287328],[-76.963300992799049,5.5914819201208479],[-76.963331484790316,5.5913315910232342],[-76.963347878774059,5.5911484765731041],[-76.963355796717934,5.5910490062300653],[-76.963359757219564,5.5909834473538975],[-76.963376143769935,5.5908421565989848],[-76.96358321406926,5.5906274297713914],[-76.963702884621696,5.5902304250946608],[-76.963815008045458,5.5898151153063118],[-76.963954754456154,5.588900881135241],[-76.963998836861791,5.5884444165903444],[-76.964039517857799,5.588023186975013],[-76.96417163942921,5.5874071709470821],[-76.964211976405352,5.5872180975455032],[-76.964281286193625,5.5867646615344126],[-76.9644254345815,5.5823862574282535],[-76.964459632045561,5.582073206815064],[-76.964457016701729,5.5818357194533323],[-76.964462964885342,5.5817212894279491],[-76.964506841305038,5.5808771901089944],[-76.964587639611977,5.5801436289565149],[-76.964630594864417,5.5797536436974431],[-76.964677355371222,5.5794250937486689],[-76.964783106092582,5.5786821000624487],[-76.964888959683179,5.5781428985619881],[-76.964891944438762,5.5781155838028305],[-76.964921851403062,5.577975360598038],[-76.965069588771271,5.5772228114036668],[-76.963958663923918,5.5759189793901935],[-76.963720693750901,5.5751456950802414],[-76.962887915666329,5.5744912913749038],[-76.962174123906465,5.573836939974214],[-76.961955881538572,5.5735968982941637],[-76.961579233610408,5.5731826322347358],[-76.960448976390509,5.5727662178169144],[-76.959437670848843,5.572230816432298],[-76.958723859116802,5.5712195254164367],[-76.958247932540132,5.5702082453227026],[-76.957831556246333,5.5690779964626982],[-76.957653105685353,5.5680667928028731],[-76.957653085866042,5.5671744749190823],[-76.957653104951035,5.5664011034854912],[-76.957891042255767,5.5654493673887551],[-76.958129027961093,5.5643785980555744],[-76.958545377340542,5.5637837313221583],[-76.958723826110599,5.5631293349211042],[-76.959616177160314,5.5627129543479352],[-76.960092056032735,5.5622371031854358],[-76.961222279357486,5.5615232314200673],[-76.961936160404221,5.5608689282318897],[-76.962650005585076,5.5603929976153568],[-76.962887952017439,5.5595006927532804],[-76.96318531634968,5.5583704778565997],[-76.963661214822025,5.557418668491847],[-76.963899167978127,5.556823773035461],[-76.964018156773648,5.5554556384657934],[-76.964553569643783,5.5531951439316618],[-76.964672501888515,5.5524812552154321],[-76.964732044590292,5.5513808358097325],[-76.964791509932141,5.550191093530719],[-76.964969980565826,5.5490608331328293],[-76.965088946765931,5.5481684812902587],[-76.965326880145398,5.547514160337732],[-76.96550528655672,5.5467408250804295],[-76.965743255593338,5.5459080399594516],[-76.965981202550509,5.5450157410260275],[-76.965981246207079,5.5443018911440873],[-76.965921740154982,5.5434095990388119],[-76.965862203341473,5.5426957687449017],[-76.965743241540238,5.5416250342305462],[-76.965743228792235,5.5407327217961164],[-76.966100192859898,5.5396619209563074],[-76.966219109397215,5.5385911984059302],[-76.966338163317559,5.5377167296678351],[-76.966338102555198,5.5369434539693927],[-76.966338133415533,5.536467493681446],[-76.966100220521014,5.5357537210481658],[-76.965862272842202,5.5352183196249563],[-76.96562430896239,5.5346234008338566],[-76.965683776062392,5.5339690487256323],[-76.966278633606962,5.5332552814820168],[-76.966397626533023,5.53271985593019],[-76.966278642602987,5.5321249888152719],[-76.966397597592362,5.5308758036508978],[-76.966397597264333,5.5305783982262158],[-76.966695039421893,5.5299834891280648],[-76.96669503587654,5.5293885836977692],[-76.966814013170691,5.5287937322417875],[-76.966873549895084,5.5278003380394107],[-76.966219146832827,5.52714594237551],[-76.965981244002847,5.5264321694664673],[-76.966219128272442,5.5255992976803077],[-76.966397648685657,5.5239931706328189],[-76.966457068515894,5.5228629501626356],[-76.966278640145106,5.5217922316928956],[-76.96669508218433,5.5197696783897934],[-76.966695053065834,5.5181635192411163],[-76.966695041662732,5.517211778916872],[-76.966457073478708,5.5165573387444224],[-76.966100151503639,5.5159625441245375],[-76.965862208116008,5.5150702131842495],[-76.965683790355953,5.5139994918944257],[-76.965683748308834,5.5129287172804977],[-76.965564779517123,5.5123338481980992],[-76.965743305821945,5.5116200336943608],[-76.965981192157997,5.511084665327461],[-76.966516625850176,5.5100139094704614],[-76.966754554283483,5.5090025795705566],[-76.966754543034739,5.5083482472864747],[-76.966754501225893,5.5075748811627889],[-76.966695040320374,5.505790364715982],[-76.966873549259361,5.5050170352543324],[-76.96717094742327,5.5039462621745514],[-76.967230416361062,5.5029349888725463],[-76.96723039280586,5.502221139081434],[-76.967230459067309,5.5015072895858994],[-76.967111447074032,5.5007339579427876],[-76.966992524561945,5.4991575457928459],[-76.966932951644139,5.498205821964496],[-76.967052000168124,5.4971945303749949],[-76.967051971881403,5.496123756205777],[-76.967052009388013,5.4952909602335689],[-76.966933026969045,5.4942796485327392],[-76.966873524628696,5.4922571508812403],[-76.966754519883096,5.4914838164445339],[-76.966338098018497,5.4910674054825837],[-76.965683822492466,5.4906509650831872],[-76.964732038414255,5.4905915340303073],[-76.963482800943595,5.4907699868552644],[-76.962471531729662,5.4910674049157482],[-76.961817163675803,5.4913053865433303],[-76.960984319610404,5.4914838103307488],[-76.960448993211585,5.4916622389074696],[-76.959556704151595,5.4916623038530794],[-76.958902343468239,5.491602781308913],[-76.95783754375428,5.4912458450838795],[-76.957183181286453,5.4908294847723802],[-76.956766788729809,5.4901750774829239],[-76.956171930547455,5.489818217999141],[-76.955636481681353,5.4902346267271511],[-76.955458040034003,5.4902941032529569],[-76.954803709760967,5.4903536130942161],[-76.953970889940408,5.4902940441073689],[-76.952959626692632,5.4899371965268253],[-76.952602682627187,5.4894612336196067],[-76.952364755493292,5.4888069560874984],[-76.951948310350829,5.4882715771502557],[-76.95117501181916,5.4876171649660588],[-76.950461181048141,5.4876171646606124],[-76.950104279692198,5.487676683668103],[-76.94962833983665,5.4882120202294722],[-76.949449910140217,5.4886879421542485],[-76.94897398699905,5.4889258672343653],[-76.948141193790121,5.4889854132398588],[-76.947486817479955,5.4888663604847521],[-76.946891944730623,5.4884499693461102],[-76.946832539836393,5.4880336228608737],[-76.946713500955596,5.4873792184293189],[-76.946535041000843,5.4866058834051055],[-76.946535085233137,5.4856541247182795],[-76.946535049442673,5.4851187277262099],[-76.946535082185193,5.4841074524185451],[-76.946594575036542,5.4829772177568445],[-76.946654005472809,5.4819659275851844],[-76.946654034803259,5.4813115826455538],[-76.947070445590271,5.4796162388558329],[-76.947427411950258,5.4790808470540195],[-76.948022232270702,5.477772196518643],[-76.948081748117957,5.4771178391182032],[-76.948081747786162,5.4763444595813722],[-76.948081683585443,5.4752737558235163],[-76.948319659740761,5.4742624254447447],[-76.948557619759157,5.4727753064065254],[-76.949449878717445,5.4719424674631112],[-76.949747322508628,5.471645075186804],[-76.950461154494533,5.4709312225912141],[-76.950758617541794,5.4703363279117507],[-76.950758646988163,5.4696819860372567],[-76.95052067286997,5.4687302000374443],[-76.94992581693576,5.4682542824776599],[-76.94944993851658,5.4678379462890705],[-76.9487360602987,5.4671240711967002],[-76.948438634559324,5.4662912411795022],[-76.94843862065791,5.4658153652430812],[-76.948498151724792,5.4652205261919091],[-76.948855012493752,5.4642092598987748],[-76.949271484532062,5.4633764436220726],[-76.949390422502034,5.4628410220672521],[-76.949390382040562,5.4622461987031192],[-76.949390431493626,5.4616512826462449],[-76.949390456197875,5.460937511627411],[-76.950104303908134,5.4599262564500881],[-76.950104264217273,5.4593313423650409],[-76.949806795812492,5.4586769763257301],[-76.949568900391569,5.4580225977255763],[-76.94933095687233,5.4575467756965974],[-76.949271473189683,5.4567139811654837],[-76.949271475136939,5.4558810823162895],[-76.949687869084798,5.4555242381889908],[-76.950038180597943,5.455173898053407],[-76.949989669408552,5.4551175231499567],[-76.9498332785017,5.4549357851438058],[-76.949567134400766,5.4546667040507595],[-76.949342143649687,5.4544869292479756],[-76.949131244471403,5.4543501112593589],[-76.948869023781015,5.4542076290982884],[-76.94851712296115,5.454088867442648],[-76.948465803447661,5.4540741618359956],[-76.948221620463997,5.4539848102389801],[-76.947963900952914,5.4538886746861177],[-76.947362719913713,5.4537743785061616],[-76.94707621915768,5.453767535013438],[-76.946803813023934,5.4537810401794005],[-76.946577636791673,5.4538691587433634],[-76.946407857341129,5.4539629416038125],[-76.946223968965654,5.45410306591317],[-76.94609197528051,5.4542058984440267],[-76.945884393967916,5.4543697556238593],[-76.945658202696023,5.4545279556834618],[-76.945450618997128,5.454700854443125],[-76.945153337625939,5.4549867696822796],[-76.944926576632682,5.4551788798019167],[-76.944867687621553,5.4552370120473093],[-76.944770883247529,5.4553325735808311],[-76.944525512880162,5.4554964217735842],[-76.944226805803027,5.4556588777716639],[-76.944144153699909,5.4557301695963867],[-76.944107737426393,5.4557404535070919],[-76.943389478594213,5.4562761143716854],[-76.943330191027997,5.4562882351082331],[-76.94261488601957,5.4564344809072827],[-76.942608952561073,5.4564760159898782],[-76.94171662615166,5.4574277876137849],[-76.941181329020694,5.4581415874142216],[-76.940943348270011,5.4587959855507941],[-76.940467477753316,5.4596882415968722],[-76.940169988545122,5.4602236123610117],[-76.939753602940485,5.4611159454724438],[-76.939099256057389,5.4618892909210688],[-76.938801830468464,5.4631979619881701],[-76.938801833470791,5.4640902962155593],[-76.938444887242909,5.4652205115129711],[-76.937909480560364,5.46587488700394],[-76.937255152317064,5.4667671809360758],[-76.93689827433208,5.4673619980987187],[-76.936303405139185,5.4681353325800641],[-76.936303383881381,5.4689086311023525],[-76.936303402844558,5.4694440330626639],[-76.936184452426517,5.469979459479049],[-76.935649013498335,5.4711215509102598],[-76.935411113211856,5.4721923154864314],[-76.934280872392378,5.4738579242557144],[-76.934161907849685,5.4756425365149886],[-76.933566985091602,5.4770702264112021],[-76.933507478186257,5.4778435375871153],[-76.933269605093855,5.4786168908970287],[-76.93261522669404,5.4793307238355462],[-76.931960879001849,5.4806393882005189],[-76.930890079875155,5.4826024986834216],[-76.930295216138433,5.4839111514169065],[-76.930295294444633,5.4851604300963199],[-76.930116750468514,5.4860527202307789],[-76.929165016606717,5.4867665295389987],[-76.929076643053477,5.4868372309793623],[-76.929094398943235,5.4870556621500244],[-76.929237851626013,5.4877753560044269],[-76.929251723897593,5.4880126897674719],[-76.929467354701004,5.4891379167866079],[-76.92910542324104,5.4907463214298406],[-76.92900191146218,5.4908422617436505],[-76.928986356537891,5.4908976212641134],[-76.928449011111056,5.4913640405323907],[-76.928435230466334,5.4913674882975476],[-76.928175145929785,5.4916085486404853],[-76.927685552021813,5.4917180711481368],[-76.927062905027739,5.4916082703055329],[-76.927050952499769,5.4916085431182733],[-76.927023516326031,5.4925962150817593],[-76.927082954991263,5.4940833791555681],[-76.927082985679576,5.4955110389086634],[-76.926845004037688,5.4962248739019248],[-76.926131221612664,5.4969982479416286],[-76.925833776272441,5.4978310449688035],[-76.925298390222764,5.4987233283819767],[-76.925655290056511,5.4994371247502931],[-76.924822523821163,5.5006268913202874],[-76.924525077990722,5.5014596929146444],[-76.923763595334151,5.502685157826126],[-76.922752330167498,5.5033394674443628],[-76.9207893168374,5.5039343744461053],[-76.920313384262528,5.5047076978258955],[-76.919540045817001,5.5065517215824338],[-76.919242668595132,5.5073250953686346],[-76.91959955560614,5.5092286619461914],[-76.919123671261715,5.5102398871927933],[-76.918885727889119,5.5120245449331211],[-76.917993396136822,5.5133927107080405],[-76.917814985217802,5.5141065400149376],[-76.917695988554044,5.5152962454069225],[-76.917695986525388,5.5161290743563276],[-76.91817191794901,5.5178541476367018],[-76.918885758205406,5.5188654635238024],[-76.918766789825085,5.5197577511070515],[-76.918766766493192,5.5204716285709088],[-76.918707303569121,5.5210069617561928],[-76.918290908413354,5.5220182667731441],[-76.917517537380178,5.5220776927404387],[-76.916803732599305,5.5220777629132698],[-76.916208822217243,5.5220777200846518],[-76.915911430360467,5.5227915754568961],[-76.915851951214478,5.5236838498171341],[-76.915792473002782,5.5241597545340673],[-76.915851934293087,5.5248914138351175],[-76.915792405090443,5.5255457886749584],[-76.915554530879234,5.5267950434696989],[-76.915495043643645,5.5276277996246881],[-76.915257084328928,5.5297098860678791],[-76.914424238374821,5.530721109329046],[-76.91382937347457,5.5317918886953397],[-76.913650965546083,5.5329220918934165],[-76.913278168030089,5.5332249948177381],[-76.91269916582155,5.5336954420572404],[-76.91257754626605,5.5338233740396809],[-76.912355436905202,5.5340869114119622],[-76.912527615106029,5.5342211725564079],[-76.912714435043341,5.5341679058613433],[-76.912869005531064,5.5341069110630219],[-76.913131319035358,5.5339996000758092],[-76.913148585676979,5.533993163668141],[-76.914075385848207,5.5334577584999431],[-76.915364860199034,5.5333145653711417],[-76.915850569276984,5.533375535623521],[-76.915882956687923,5.5333741413019606],[-76.915967890481681,5.53336844284033],[-76.916084329232731,5.5333606317294288],[-76.91615993148595,5.5332871801589372],[-76.916285725842087,5.5332476516299529],[-76.916421658573597,5.53326690389994],[-76.916562663881265,5.5332952014468804],[-76.916839027453648,5.5333834441131788],[-76.917270484230201,5.5335576342492967],[-76.917669216854335,5.53375894563474],[-76.918020570951199,5.5339568518962672],[-76.918395613210023,5.5341671976126507],[-76.918737951814407,5.534327799110029],[-76.918870771754129,5.5343740729629634],[-76.919085380536174,5.5344488404347629],[-76.919254818146158,5.5345347779964138],[-76.919326198430483,5.5345709828176295],[-76.9202123469165,5.5349071858953307],[-76.920232546744984,5.5349148515085949],[-76.920636952386445,5.5350076473806435],[-76.92067135815239,5.5350144378524417],[-76.92075480432527,5.5351216210872138],[-76.920890691020162,5.5352961566520085],[-76.921010242471809,5.5354497136481147],[-76.921705640332021,5.5357765673791555],[-76.922660005486094,5.5358548121625262],[-76.923255343794366,5.5361293614176983],[-76.923387263250802,5.5361519661987098],[-76.923457886328407,5.5362227658367491],[-76.923582131103743,5.5362800635114144],[-76.92375076728915,5.5363501906431996],[-76.923764832511253,5.5364869663651666],[-76.923849412754109,5.5365988940341566],[-76.923999411327998,5.5367537908702245],[-76.924656354086864,5.5374864287565249],[-76.925022318677819,5.5379137951137851],[-76.925322316658495,5.5382326325500033],[-76.925815168806508,5.5387685442561123],[-76.926429817588527,5.5394717808798575],[-76.92690794173069,5.5400091432855039],[-76.927081688087839,5.5402044156791534],[-76.927785452946083,5.540937062340908],[-76.928034879147674,5.5411419375520712],[-76.929689656800761,5.5422188150051515],[-76.931265514321879,5.5427934339951177],[-76.93279445713388,5.5432464108563604],[-76.934495765114931,5.5434860834213859],[-76.937092574768684,5.5435465195518594],[-76.939037953031814,5.5432977940491552],[-76.939790160119031,5.5429211736030837],[-76.940132433606053,5.5425919075307304],[-76.940506798712605,5.542042035424636],[-76.941330626438614,5.542006341553452],[-76.941496093037756,5.5425317826528007],[-76.941601805054091,5.5426065343963407],[-76.941629066411494,5.5431921447313028],[-76.94168844797818,5.5435496440704979],[-76.941572966665959,5.5440944909239533],[-76.94154216014806,5.544433170575819],[-76.941460284049455,5.5446261351716837],[-76.941437439453281,5.5447339161379601],[-76.941379195803094,5.5448172445075219],[-76.94122289004234,5.5451856251586271],[-76.941181525653604,5.5452831130111466],[-76.940951214358535,5.5456637368315755],[-76.940849163488892,5.5458323875991899],[-76.940455922076325,5.5462075741444119],[-76.939869757694936,5.5466301883054667],[-76.939279640838123,5.5470629764789283],[-76.93863311935884,5.5474754049001387],[-76.937991126120224,5.5478279237697361],[-76.937746710460232,5.5479638370823716],[-76.937011771050408,5.5483725217609896],[-76.936458345876673,5.5486775856582611],[-76.936017756190893,5.5488888561179932],[-76.935446289538675,5.5491520903765972],[-76.934926148400848,5.5494300309963585],[-76.934561771694533,5.5496772938324792],[-76.934310251106879,5.5498479716194051],[-76.933627639957919,5.5503665635885415],[-76.931872134481708,5.5519093405105799],[-76.931750545608978,5.5519883195677222],[-76.931618340571703,5.5521058989951291],[-76.931574882758341,5.5521328973558797],[-76.931198369965713,5.552366816708739],[-76.931065462887631,5.5524493888756519],[-76.930757406540607,5.5526334180690595],[-76.930546620624966,5.5527703357365255],[-76.930529789980412,5.552769394164871],[-76.930527267763253,5.5527709016640117],[-76.930507510948686,5.5527827033306982],[-76.930151533774065,5.5529702533888443],[-76.929987378480277,5.5530075154511085],[-76.929996436441343,5.5528763955776839],[-76.92999438340965,5.5527394546388535],[-76.92990189145489,5.5527342830588617],[-76.929723089251809,5.5515857959089718],[-76.929616045552336,5.54997077356267],[-76.929452610511788,5.5492329821484541],[-76.92944349852732,5.5491918503790778],[-76.92933288683129,5.549148329659773],[-76.929126241843662,5.5491652412257091],[-76.929098793520183,5.5491674861320437],[-76.928690931159622,5.5493177209321001],[-76.928315795877154,5.5494306617183797],[-76.928030363470114,5.5494769334085641],[-76.927720696143624,5.5494497277046211],[-76.927364232277071,5.5493320790251675],[-76.926918663116936,5.549148848459013],[-76.926571796755354,5.5490029454750411],[-76.92610464357179,5.5488418984264216],[-76.926013979643642,5.5488106429886876],[-76.925572923647039,5.5486274142291414],[-76.925503577376119,5.5486130566816581],[-76.925389800979062,5.5486059017636533],[-76.92481667513222,5.548713417323845],[-76.924315186371174,5.548820950240569],[-76.924130242575217,5.548882666425806],[-76.924021646861618,5.548942380854367],[-76.923698403640358,5.5490643744845771],[-76.923564540290258,5.5491049949567151],[-76.92351098090505,5.5491212466650035],[-76.923133038877936,5.5493230798802005],[-76.922559902867889,5.5494664812982935],[-76.921771893638677,5.5494662700332222],[-76.921091282034396,5.5496814193790014],[-76.920159725829208,5.5506860521548456],[-76.919084801402136,5.5520136426276947],[-76.918189047570365,5.553054170556095],[-76.916755906963616,5.5544534349549721],[-76.916075046690779,5.5555299088080936],[-76.916087750273945,5.5556703487521322],[-76.916112624159226,5.5558591549984673],[-76.916160237862755,5.5560154982897556],[-76.916277187695741,5.5563995076170318],[-76.916502677089142,5.5569206591709523],[-76.916802591811148,5.5575684335129294],[-76.917319061825779,5.5584039036178492],[-76.917758975224686,5.5590000224902143],[-76.91776959618042,5.5590144148486278],[-76.917872120340121,5.5591605687323122],[-76.918210537738545,5.5596430102094656],[-76.918787959765851,5.5603756331589809],[-76.919407097813433,5.5612167803593415],[-76.919832112252308,5.5619203605875214],[-76.91997939016413,5.5621641666898958],[-76.920122683479804,5.5623479236346176],[-76.920312648877911,5.562591528453166],[-76.920810332935048,5.5629546867027528],[-76.920988291519677,5.5630845421319979],[-76.921649276911751,5.5635402467888069],[-76.922217190752576,5.5639959279420843],[-76.922303930235003,5.5640306767057153],[-76.922685897130791,5.5641836908349172],[-76.923134301153283,5.564358971101993],[-76.923441130616283,5.564478909344249],[-76.924055330528134,5.5648215672110855],[-76.924267525434033,5.5649256238959692],[-76.92504010111341,5.5653044820855238],[-76.925180942011494,5.5653782300715884],[-76.925748497317201,5.5656754200535223],[-76.92612195137616,5.5659161635188443],[-76.926173281671893,5.5659403821202806],[-76.927247739537776,5.5664431054629064],[-76.927964022416759,5.5668739582477853],[-76.927951972349703,5.5669161719737827],[-76.928193137447067,5.5670498414732847],[-76.928347441277253,5.5671353660862408],[-76.928256714461952,5.5671829869826901],[-76.927571643157449,5.5675425702845249],[-76.927068269018491,5.5678786100676536],[-76.92647240664283,5.5682515242351611],[-76.925853705820032,5.5689478118398368],[-76.925741824077264,5.5691456375595134],[-76.925675373739054,5.5692631342874472],[-76.925497621657783,5.5695072448886576],[-76.925114507029974,5.569885813141533],[-76.924898387173073,5.5704293107879232],[-76.924876306105787,5.5704848382003727],[-76.924975691312511,5.5706807965658882],[-76.925146934184028,5.5710184341357847],[-76.925132812998257,5.5710896416568172],[-76.925118684738635,5.5711879780934819],[-76.925105120059271,5.5712908379676538],[-76.925105103450278,5.5713559749879566],[-76.925105087946463,5.571418566694434],[-76.925133265456168,5.5715259568666893],[-76.925145200994194,5.5715540579583882],[-76.925185128251186,5.5716480490450495],[-76.925260127326183,5.571750930831735],[-76.925325544235733,5.5718176373244264],[-76.925358252310161,5.5718594702536102],[-76.925438307528438,5.5720335642018659],[-76.925499186493752,5.5721974812078869],[-76.925522836742644,5.5723613875977467],[-76.925519155448995,5.5723912028085838],[-76.925705760966054,5.5730462319780898],[-76.925705709398301,5.5732429133005796],[-76.925729625363928,5.573272503593298],[-76.92578600470199,5.5733855525094382],[-76.925800066371849,5.5735449369477514],[-76.925776892777506,5.5737235248453949],[-76.925705544716266,5.573870698986032],[-76.925705440785279,5.5742664507309856],[-76.925660868456958,5.5746674068071744],[-76.925682057188766,5.574794188304069],[-76.925688607942831,5.5748391591477393],[-76.925732791601988,5.5749685508447611],[-76.925773853516603,5.5751259644324955],[-76.925787217757374,5.5752540243166608],[-76.925778179706754,5.5753060173845022],[-76.925703097864059,5.5755264155423596],[-76.925590755053435,5.5758688833328067],[-76.925408451665177,5.5762588078527457],[-76.925365952872426,5.5763224986782793],[-76.925155073899731,5.5766385394190845],[-76.924864532739562,5.5767616727240306],[-76.924579076152511,5.5768531565550328],[-76.924513071342687,5.5768734867982834],[-76.92403018544168,5.576940051502512],[-76.923739663509366,5.5769817985644341],[-76.923222671990629,5.5769816629802209],[-76.922409188632898,5.5772443366626776],[-76.921907665394514,5.5773877558955274],[-76.92189063485722,5.57738250266826],[-76.921873798110383,5.577412350751537],[-76.921817029464094,5.5776249913931233],[-76.921806680257816,5.5776637603049934],[-76.921717174107911,5.577983740424532],[-76.921604662426432,5.5782809807924361],[-76.921334334901573,5.578921382158895],[-76.920993128551601,5.5790143436488613],[-76.920628563269091,5.5789932556569788],[-76.920332238832387,5.5789718392120653],[-76.919807879815508,5.5788830638138007],[-76.919489058536726,5.578907458442421],[-76.919262253866123,5.5791140281329552],[-76.918831667859294,5.5795725796772775],[-76.918672859944337,5.5797102689628932],[-76.918262792757147,5.5797122549742237],[-76.917966229325472,5.5796223735057771],[-76.917828820631527,5.5794861143440118],[-76.917508988855943,5.579282275031952],[-76.917121177857524,5.5791699861578952],[-76.916301259547566,5.5792196496499065],[-76.915754642780811,5.5792450495503694],[-76.915232148105417,5.5795442688460879],[-76.914960496880042,5.5799108296290614],[-76.914735113113124,5.5804140020425148],[-76.914646658022392,5.5806346257868515],[-76.914552887307622,5.5807803108605247],[-76.914403217232518,5.5809411630390304],[-76.914399231127263,5.580969374337406],[-76.914364714725522,5.5810884733023771],[-76.914310775039027,5.5811958328653919],[-76.914304946685405,5.581203122193509],[-76.914288434859131,5.5812762660736972],[-76.914108436629647,5.5814016207776964],[-76.914064883278542,5.5814373364350702],[-76.913967563913985,5.581509015523892],[-76.913873878104525,5.5815680628744442],[-76.913534744570029,5.5817651114974121],[-76.913345133812101,5.5818690515232596],[-76.91319106773696,5.5819597199688502],[-76.9129690447662,5.5821023315650953],[-76.912818109426169,5.5822082132575055],[-76.912607000625314,5.5823470022405868],[-76.912521073364459,5.5824092294071388],[-76.912347431790636,5.5825495798999807],[-76.912257946009547,5.5826278865930599],[-76.912108801969879,5.5827649858013197],[-76.911866601610669,5.583000109222235],[-76.911498318967247,5.583375893754182],[-76.911352223970255,5.5835197365131517],[-76.911274644112808,5.5835950998108501],[-76.911134357621833,5.5837184914311431],[-76.911037952155866,5.5837975070388843],[-76.91096860828975,5.5838466549809995],[-76.910824514000382,5.5839361093286248],[-76.91074816561482,5.5839750421960312],[-76.910616489189664,5.58402175501912],[-76.91047228675788,5.5840535401521061],[-76.910319329126366,5.5840736735502956],[-76.910197291664034,5.5840819197027152],[-76.910197206983455,5.5840819247816578],[-76.910162651900137,5.5840903771044532],[-76.910119713814737,5.5840849991764099],[-76.909990609334443,5.5840869177176096],[-76.909832127394012,5.5840817020196312],[-76.909675109823795,5.584068871162474],[-76.909521646699318,5.5840473611129102],[-76.909407032667758,5.5840225113952693],[-76.909270661329472,5.5841145533553629],[-76.908796990122411,5.5844262675175402],[-76.908631583221847,5.5846174593356981],[-76.908347913664954,5.5849045074760904],[-76.908150815114524,5.5851411914610454],[-76.907992576342693,5.5852852912143431],[-76.907834639021317,5.5856056028402561],[-76.907745805603653,5.5860853539412343],[-76.907656751012482,5.5865194084364402],[-76.907340423535416,5.5870459600514195],[-76.906888568342595,5.5878470153366742],[-76.906596162894658,5.5886244489788472],[-76.906279636002665,5.5891280610998058],[-76.906053586633263,5.5894944028907787],[-76.905715657201483,5.5902720568010817],[-76.905490267905407,5.5907752292952173],[-76.905286935762135,5.5911413750171084],[-76.905015908587657,5.5916220068654505],[-76.904563046448573,5.5921948292052077],[-76.904133774132589,5.5929500748927206],[-76.903794762892687,5.5935223486142682],[-76.903522968248268,5.5938432114400616],[-76.903268619677434,5.5938686968649103],[-76.903410806515438,5.5939434034913038],[-76.903417074870177,5.5939466980599954],[-76.903509624249907,5.5939996884857788],[-76.9035989165247,5.5940566093914743],[-76.90367369695943,5.5941110698788705],[-76.903785845411605,5.5942082807930902],[-76.903851983711192,5.5942749279350492],[-76.903891608211509,5.594319137814618],[-76.90393781065616,5.5943767539372589],[-76.904014073717789,5.594487133935635],[-76.904069748674331,5.5945863482239062],[-76.904110650292566,5.5946857946067894],[-76.904142061006667,5.5947917575074024],[-76.904159901800014,5.5948722099998838],[-76.904173764151381,5.5949547756884206],[-76.904185050577482,5.5950523743219414],[-76.904190234814081,5.5951281391792724],[-76.904191830936952,5.595151482900107],[-76.904194738012336,5.5953063950806134],[-76.904190079269341,5.5954508683287765],[-76.90417888988938,5.5955867521767084],[-76.90416029420696,5.5957188479423641],[-76.904132918833426,5.5958451367976396],[-76.904094802420673,5.5959632760694378],[-76.904063224944352,5.5960356219359477],[-76.904028127835744,5.5961054829249592],[-76.903938438161617,5.5962662657956788],[-76.903815578257777,5.5964510630473407],[-76.903741645070383,5.5965558330702949],[-76.903661808831089,5.596651392809731],[-76.903602558021433,5.5967070898362747],[-76.903533990250637,5.5967617158031091],[-76.903469116489219,5.5968070900614775],[-76.903399922986111,5.5968463477531527],[-76.903271629106086,5.596893406243109],[-76.903130434180156,5.5969204261349281],[-76.902981686198459,5.5969303938780479],[-76.902830032970542,5.5969246798279499],[-76.902679748089128,5.596903130880575],[-76.902575831387864,5.5968787481958655],[-76.902408066629903,5.5968328714303786],[-76.902251245023436,5.5967844539379774],[-76.902126443114909,5.596741646906831],[-76.902005614015692,5.5966930219316344],[-76.901926692178094,5.5966555740700281],[-76.901840107679519,5.5966098025311846],[-76.90176957661842,5.5965725181276875],[-76.901699600811071,5.5965313094627822],[-76.901575516437262,5.596449015698397],[-76.901490592668324,5.5963813422245687],[-76.901391227645334,5.5962934795916297],[-76.901333339786873,5.5962375356457095],[-76.901251687172604,5.5961490267209184],[-76.901188094919519,5.5960726484767607],[-76.901127464200613,5.5959935588302665],[-76.901110466434886,5.5959682571297469],[-76.901062092768399,5.5958962451837158],[-76.900909001201285,5.5956550776653318],[-76.900731719964639,5.5953922462660852],[-76.900664361372364,5.5953033394183533],[-76.900592102877852,5.5952186629380085],[-76.900499835830033,5.5951241955184656],[-76.900441816287341,5.5950724138578929],[-76.900370769865049,5.595017323899933],[-76.900260213649389,5.5949460383107192],[-76.900188968072726,5.5949081993473397],[-76.900066730834112,5.5948570132139555],[-76.899937487528476,5.5948174033023834],[-76.899803157671528,5.5947888078446617],[-76.899685634708916,5.5947729248637046],[-76.899566688451344,5.5947640734793476],[-76.899447344942089,5.5947615037441247],[-76.899297478671329,5.5947666306836839],[-76.899150844837791,5.5947810887015024],[-76.899009939282521,5.594805602501391],[-76.898925875296129,5.5948266010595766],[-76.898845936981715,5.5948519161824137],[-76.898738126989443,5.5948945239196428],[-76.898640171656211,5.5949377468620751],[-76.898548463770695,5.5949845092658572],[-76.898466640201377,5.5950375806179462],[-76.898396432687875,5.5951011047206682],[-76.898353094063296,5.5951520011457738],[-76.898313683807373,5.5952081743850126],[-76.898283840968702,5.5952675787648651],[-76.89826326545554,5.595353863359354],[-76.898264312295154,5.5954444446760068],[-76.898286439496573,5.5955341055210672],[-76.89831642080226,5.5955984498353786],[-76.898391780207675,5.5957177428934237],[-76.89844467734504,5.5957879012458287],[-76.898642976418017,5.5960076890780135],[-76.898718532754899,5.5960914329029015],[-76.898778574243821,5.5961639138178292],[-76.898829789669065,5.5962404444757974],[-76.898881047088253,5.5963612052876499],[-76.898907546131099,5.5964902140572867],[-76.898910696648201,5.5966199101346259],[-76.898889910775594,5.5967425150179153],[-76.898842524631249,5.5968495046551263],[-76.898797437195881,5.5969056345147843],[-76.898742994858083,5.5969536225741567],[-76.898714034509354,5.5969744593225697],[-76.898660258782954,5.597006780567134],[-76.898603664158031,5.5970337002406021],[-76.898527382498074,5.5970593731276868],[-76.898454678290605,5.5970707078940647],[-76.898379124276872,5.5970704877564526],[-76.898308724272539,5.5970608598774847],[-76.898221590633412,5.597041020107536],[-76.898163621750044,5.5970238150354943],[-76.898131752136436,5.5970143558560999],[-76.898032421751893,5.5969791416449848],[-76.897958163047036,5.5969481153570708],[-76.897820934551063,5.5968796561640275],[-76.897685982691812,5.5968048205484751],[-76.897609953512315,5.5967589164953004],[-76.897536478761424,5.5967095218086031],[-76.897533409692528,5.5967071638956751],[-76.897467349664282,5.5966564313356439],[-76.897359255111141,5.5965637977199298],[-76.897292138201394,5.5965006007423748],[-76.897219986114109,5.5964250489206497],[-76.897141370208587,5.5963368447576194],[-76.897066752724527,5.5962469426121091],[-76.897017840694772,5.5961813733588643],[-76.896998323875238,5.5961530588197572],[-76.896683064828522,5.59569568822943],[-76.896595654616959,5.5955785065138288],[-76.896504408715799,5.5954626812182093],[-76.896409622495241,5.5953485841920232],[-76.896311435751116,5.5952366388850372],[-76.896208916921267,5.5951259431335201],[-76.895998006920408,5.5949106809021103],[-76.895688069836851,5.5946019888169323],[-76.895597253223741,5.5945072340594431],[-76.895593436186331,5.5945032512872412],[-76.895504816751924,5.5944045378289236],[-76.89542471081991,5.5943054598127064],[-76.895341159204648,5.5941800911347377],[-76.895283900027763,5.5940523209163944],[-76.89526464619567,5.5939639596911546],[-76.895261887332964,5.5938923819226458],[-76.895283115210489,5.5937782316328226],[-76.895322304350032,5.5936913373185702],[-76.89537820510688,5.5936087680373676],[-76.895447799077374,5.5935307777222523],[-76.895558164248371,5.5934332971648368],[-76.89568154047052,5.5933421816095983],[-76.895775529848606,5.5932791054990609],[-76.895894786806466,5.5931990702475707],[-76.895998990763445,5.5931255089658496],[-76.896095146333735,5.5930490549094136],[-76.896182031856341,5.5929675951959661],[-76.896242241259941,5.5928999852328465],[-76.896305264110467,5.5928157460525343],[-76.896347848949731,5.5927417710919611],[-76.896372516768494,5.5926859804375093],[-76.896404985971998,5.5925745871492252],[-76.89641906471843,5.5924601125323017],[-76.89641548202566,5.5923459422772446],[-76.896393902218108,5.5922355495152178],[-76.89634396073177,5.5921131113907441],[-76.896292418091448,5.5920303112840459],[-76.896250722502174,5.5919748653100081],[-76.896204258511773,5.5919226943994342],[-76.896160178851602,5.5918816246423555],[-76.896064636441551,5.5918104868764784],[-76.896008082628398,5.5917753935336147],[-76.895903623868449,5.5917235196676121],[-76.895790982113155,5.5916837986915446],[-76.89564883470544,5.5916541682746548],[-76.895502879671255,5.5916422490549236],[-76.895357657413314,5.5916465372544515],[-76.895217581789012,5.5916669692304133],[-76.895087268881667,5.5917048940073188],[-76.89500976188377,5.591739184671205],[-76.894861253589994,5.5918194203705696],[-76.894788695274428,5.5918632375890818],[-76.894648109778799,5.5919585882541476],[-76.894422563766113,5.5921037392935045],[-76.894338362912364,5.5921640015399072],[-76.894139600233544,5.5923161430311339],[-76.893994088772459,5.5924317171510225],[-76.893856661027584,5.5925281745966293],[-76.893787380803587,5.5925742409199417],[-76.893715764415575,5.5926168861626273],[-76.893612720193289,5.5926649087149674],[-76.893503457834129,5.5927042934820941],[-76.893391269638016,5.5927377698514595],[-76.893308488143049,5.5927585757121268],[-76.8932382131688,5.5927762392813349],[-76.893112382960865,5.5927979063607829],[-76.893029556741197,5.5928020242646381],[-76.892945789827536,5.5927971893882882],[-76.89286210665513,5.5927843114110578],[-76.892713503130523,5.5927508938656514],[-76.89262569617037,5.5927263564246301],[-76.892301302142926,5.5926357059583616],[-76.892188172638811,5.5926081465454516],[-76.892072818379745,5.5925856908850102],[-76.891918588806831,5.5925665092702959],[-76.89176436048011,5.5925593674841405],[-76.891612944746583,5.5925645926883121],[-76.891467471555146,5.5925835347757022],[-76.891331592987314,5.5926186796931479],[-76.891220757700552,5.5926662661108715],[-76.89112661967755,5.5927232279861583],[-76.891061709130071,5.5927701066731954],[-76.891001617741452,5.5928219177570542],[-76.890941760931113,5.5928871179890933],[-76.890893530568661,5.5929501895134157],[-76.890854222495747,5.5930080730452376],[-76.890818582332727,5.5930697444630022],[-76.890793747705445,5.5931227661217795],[-76.8907491212195,5.593257319923306],[-76.890718525277748,5.5934045220403661],[-76.890697635738121,5.5935604291235972],[-76.890682936546042,5.5937218653800169],[-76.89065606972288,5.5940960653872294],[-76.890647580323758,5.5942143419648556],[-76.890647181560851,5.5942179573059754],[-76.89062999355049,5.5943737260584134],[-76.890616486468701,5.5944557103987353],[-76.89060478064097,5.5945267462771788],[-76.890583703684612,5.5946101895041558],[-76.890568464341953,5.5946705110080801],[-76.890523075857885,5.5947960007623472],[-76.890469428604618,5.594927531027551],[-76.89043098223118,5.5950141732222631],[-76.890422356972934,5.5950336077744147],[-76.890401176843781,5.5950744975950002],[-76.890370071846547,5.5951345497869251],[-76.890292345972142,5.5952563067088885],[-76.89018680561739,5.595409393792564],[-76.889944020993184,5.5957307693663383],[-76.889723501061681,5.5960389775054109],[-76.88967017902128,5.5961032360819045],[-76.889507215352822,5.5962881273305589],[-76.889275980203891,5.5965156055080065],[-76.889090075667013,5.596674752620344],[-76.889026086660863,5.5967266845911157],[-76.888904825728176,5.5968117604982348],[-76.888818261623115,5.5968724926758142],[-76.888732896215174,5.5969369090505321],[-76.888549356312978,5.5970904801114365],[-76.888468504900473,5.5971677841033571],[-76.88836219600762,5.5972762039839203],[-76.88830699368485,5.597336240268203],[-76.888255566728503,5.5973995454399654],[-76.888159850370812,5.5975289562890786],[-76.888112268596529,5.597601588686441],[-76.888060544220949,5.5976990851468162],[-76.888014415775558,5.5978018953279864],[-76.887910715643287,5.5980468899179208],[-76.887865494601982,5.5981793686527981],[-76.887811519600589,5.598356926646046],[-76.887786741732398,5.5984384479557034],[-76.88774237964131,5.5985558173636996],[-76.887705858037691,5.598631166467869],[-76.887647356877011,5.5987244217081553],[-76.887602010062551,5.598779200636228],[-76.88750663187146,5.5988680912793631],[-76.887434518574509,5.598918397810789],[-76.887307196319057,5.5989777881414486],[-76.887279292109454,5.5989857930412406],[-76.887163826058639,5.5990189172252229],[-76.88700876949369,5.5990467620349555],[-76.886845335097973,5.5990651263865381],[-76.886676007017869,5.5990769103034443],[-76.886502633816903,5.5990843037996862],[-76.885791547679787,5.5990987170615059],[-76.885408972341764,5.5991116564574925],[-76.885160510298647,5.5991200609691179],[-76.885012027613371,5.5991220941104274],[-76.884822702080996,5.5991205607844003],[-76.884701913360544,5.599119583765547],[-76.884550505382933,5.5991231612966006],[-76.884403095073395,5.5991330961391936],[-76.884261425005761,5.5991506796963426],[-76.884127685438756,5.5991777114738497],[-76.884004623042799,5.5992165859455749],[-76.883895671394114,5.5992704000417284],[-76.883809009728793,5.5993352357482538],[-76.883654698203941,5.5994842080590885],[-76.883568610008396,5.5995623161073063],[-76.883563536206964,5.5995667291101983],[-76.883512582323192,5.5996110619309478],[-76.88341652732619,5.5996845904243289],[-76.883358217122918,5.5997205863229604],[-76.883298934894427,5.5997511980296588],[-76.883212340397947,5.5997835494840471],[-76.883141919195523,5.5997954590540173],[-76.883069435929613,5.5997951066240956],[-76.882980768457571,5.5997798770355063],[-76.882867395872168,5.599746996050591],[-76.882749268412098,5.5997013327415459],[-76.882649384819914,5.599653544688576],[-76.882511605880921,5.5995728063469254],[-76.882419929370073,5.5995134438626399],[-76.882250166251552,5.5993973898962652],[-76.882165405573843,5.599339445147157],[-76.882068901057963,5.599276816086455],[-76.881990808234065,5.5992261355853641],[-76.881915854144324,5.5991831689700202],[-76.881827756137724,5.5991387301154925],[-76.881740292824929,5.5990996397558828],[-76.881642808741631,5.5990615702644257],[-76.881519163155104,5.599028628785705],[-76.881405387167334,5.5990147536686816],[-76.881294459902435,5.5990176293536047],[-76.881189805298533,5.5990391690821149],[-76.881100291094484,5.5990785772425138],[-76.881022999152805,5.5991368348470383],[-76.880959377482085,5.5992151187866508],[-76.880919290095505,5.5992863588999482],[-76.880885330610653,5.5993641725432495],[-76.880839468925984,5.5994987311321003],[-76.880797820975673,5.5996209210640044],[-76.880760127672133,5.5997224937298844],[-76.880726398958458,5.5998012711264469],[-76.880688158114282,5.5998757650219737],[-76.880626397214456,5.5999702402477229],[-76.880575529698532,5.6000365738864089],[-76.88050646038343,5.600114001889378],[-76.880454345483216,5.6001613744653351],[-76.880381088825473,5.6002176585856835],[-76.88031993634948,5.6002582719584977],[-76.880255192242203,5.6002926028888673],[-76.880140184988605,5.6003303353930232],[-76.880015055779666,5.6003481913625777],[-76.879953714383774,5.6003482125712054],[-76.879884503113956,5.6003482408114387],[-76.879813391751597,5.6003390976499148],[-76.879752762079505,5.6003313017179321],[-76.879660284374012,5.6003096289896632],[-76.879648761790236,5.6003069296964929],[-76.879097676566062,5.6001563218983703],[-76.878987308366476,5.6001318899000969],[-76.878875713116997,5.6001136729537428],[-76.878723258344465,5.6001019662857949],[-76.878572700030858,5.6001059846930774],[-76.878427230696374,5.6001267165336852],[-76.87831978098491,5.6001552733246225],[-76.878218891922558,5.6001938383735794],[-76.878131290078713,5.6002371425737447],[-76.87802339362139,5.6002994667002248],[-76.877972931047481,5.6003334247027139],[-76.87786896890087,5.6004125819282011],[-76.877743720400446,5.6005135792852947],[-76.877383000612738,5.6008397663846807],[-76.877191056237038,5.6009919079547812],[-76.877124201129945,5.6010395199206018],[-76.877032312408346,5.6010939986647159],[-76.876747428376945,5.6012349923474058],[-76.876671149335863,5.6012693489684864],[-76.876554480054267,5.6013114335066891],[-76.876430269373316,5.601347181352895],[-76.876303620116175,5.6013781984679909],[-76.876244852639502,5.6013925919131449],[-76.875997196800242,5.6014532441724674],[-76.875862550287749,5.601489024967818],[-76.875732512473618,5.6015288403483048],[-76.875431552471838,5.6016339427192108],[-76.875336209543349,5.6016699705215958],[-76.875130389794265,5.6017610786628573],[-76.874763285837332,5.601911468343979],[-76.874623557551431,5.6019797541318939],[-76.874478547917207,5.6020602269847508],[-76.874345635113301,5.6021339901378475],[-76.874224021058907,5.6021919596380272],[-76.87418834054256,5.6022058045484524],[-76.874087364359497,5.6022449802868772],[-76.873802371579103,5.6023359308851584],[-76.87366129099874,5.6023830392714622],[-76.873578527408313,5.6024145031176253],[-76.873498618080376,5.6024485494985186],[-76.873275764416007,5.6025522798588892],[-76.873200083936084,5.6025852462634127],[-76.873185366814155,5.6025916572597163],[-76.873084274622272,5.6026300878331963],[-76.873060047046735,5.6026360733027314],[-76.872944442159991,5.6026646384473873],[-76.872797939922975,5.6026815296517176],[-76.872796796207695,5.6026815318072272],[-76.872648873307568,5.6026818602477988],[-76.872501220872834,5.6026652625611275],[-76.872359080942985,5.6026298493385696],[-76.872226924065615,5.602576737745534],[-76.872226132430796,5.6025764179186046],[-76.872072920472803,5.6025012787363],[-76.871919805389268,5.6024158170295228],[-76.871777650038254,5.6023296849393889],[-76.871661571507843,5.6022528351484038],[-76.87155069117496,5.6021701791391116],[-76.871389828094223,5.6020464826389977],[-76.871190509767715,5.6018822950293679],[-76.871040678248832,5.6017543165870212],[-76.870871610217236,5.6016015235668561],[-76.87081407509848,5.6015422153753276],[-76.870757355320009,5.6014739696133642],[-76.87070531696186,5.6014031464910579],[-76.870680120210736,5.6013657524341438],[-76.870656573627855,5.6013308062385141],[-76.870613015435765,5.6012547800630781],[-76.870571074195112,5.6011579749045532],[-76.870537527792933,5.6010543717282575],[-76.870509514759519,5.6009415252675492],[-76.870488234755385,5.6008255966690204],[-76.870485201199386,5.6008090752570672],[-76.870443153810498,5.6005476352018331],[-76.870418993677745,5.6004245027873587],[-76.87038898817238,5.6003120866347365],[-76.870360409108315,5.6002366863647053],[-76.870326105590394,5.6001731212388233],[-76.870290934980574,5.6001293774902861],[-76.870251466149696,5.6000990360364513],[-76.870198391455531,5.6000824934419251],[-76.870143812729395,5.6000886876126943],[-76.870096468561584,5.6001126576337752],[-76.87002794657775,5.6001732296126283],[-76.869889590392674,5.6003253008211775],[-76.869692993966538,5.6005509447104753],[-76.869650759226673,5.600599416424858],[-76.869543621359128,5.6007067304949958],[-76.869447734755852,5.6007825332713503],[-76.869405287954535,5.6008084014527286],[-76.869313298866345,5.6008517094661503],[-76.869214575238487,5.6008837830162053],[-76.869111053522431,5.6009051068264704],[-76.868997892539255,5.6009167179118755],[-76.868894922219695,5.6009195506344875],[-76.868816239969888,5.6009172211754041],[-76.868737948011059,5.600910656902256],[-76.868611751935603,5.600890156895443],[-76.868528064622424,5.6008689161663154],[-76.86845042713027,5.6008429462923264],[-76.868351008560651,5.600803612877634],[-76.868253695381583,5.6007594878977107],[-76.868201027136848,5.6007325627849207],[-76.868166047603935,5.6007146795511629],[-76.868096314212821,5.6006737664518917],[-76.86803612586543,5.6006330539017206],[-76.86793850820645,5.600560348195275],[-76.867827620067999,5.6004721837242348],[-76.867732788983233,5.6003864395812046],[-76.867588673394224,5.6002497188438678],[-76.86743818845548,5.6000890409394666],[-76.867374965952948,5.6000173158695086],[-76.867255810908304,5.5998661106327789],[-76.867167469256259,5.5997454587314008],[-76.867108935463278,5.5996517152278367],[-76.866960077265205,5.5993839165858628],[-76.866941812934769,5.5993490371642443],[-76.866921310477039,5.5993098770901071],[-76.866866542993378,5.5991941853524612],[-76.866821891251291,5.5990920011420311],[-76.866756994452828,5.5989255344257209],[-76.866721691758897,5.5988349828096746],[-76.866685276025876,5.5987201982386914],[-76.866593339017243,5.5983730997415009],[-76.86655997460349,5.5982654916607535],[-76.866523558642172,5.5981748922562353],[-76.866482967400984,5.5981081760595819],[-76.866454371943405,5.5980818148369611],[-76.866414712104032,5.5980702108400253],[-76.866377475866969,5.5980854587894884],[-76.866351067941181,5.5981195145718852],[-76.866329600222997,5.5981701840299092],[-76.866307967483408,5.5982548063634772],[-76.866291636374811,5.5983567271501551],[-76.866281210022379,5.598451866436335],[-76.866272977924581,5.5985717363021941],[-76.86626676755418,5.5986621820808775],[-76.866258230303259,5.5988901569923817],[-76.866253188232378,5.5991523576806683],[-76.866251458669524,5.5995427568479696],[-76.866253818588277,5.5997873602558847],[-76.866260102888972,5.6000296523068043],[-76.866272376446929,5.6002471831837894],[-76.86627614176362,5.6003139557295398],[-76.866286970490847,5.6004291956290082],[-76.866301181775555,5.6005418351852754],[-76.866319614279078,5.6006512602511105],[-76.866343277127228,5.600756738165841],[-76.866384118066932,5.6008882896669867],[-76.866424949161342,5.600988088178819],[-76.866484320000893,5.6011133805829614],[-76.866554024790688,5.6012321998783206],[-76.86657492787981,5.6012621009144077],[-76.866653624710068,5.601358585309951],[-76.866695976167833,5.6014034648434858],[-76.866816966891506,5.6015159592545576],[-76.866909912060891,5.6015901037550071],[-76.867185045662026,5.6017911240855796],[-76.867299060319553,5.6018684141805091],[-76.867396080093698,5.6019341790951831],[-76.867482693875928,5.602000942841646],[-76.86753345746682,5.6020477838575218],[-76.867617397806342,5.6021377688978227],[-76.867693122329868,5.6022365562219134],[-76.86774547390462,5.6023326293350983],[-76.867785964948695,5.6024418974248071],[-76.867804191225801,5.602529513203911],[-76.867811011068625,5.6026186744473154],[-76.867806553389755,5.6027073341734477],[-76.867790493343563,5.602793383386798],[-76.867759742297977,5.602880666599483],[-76.867715639913868,5.6029597984990334],[-76.867644498911446,5.603040585575628],[-76.867548876664742,5.603102300358624],[-76.867435047099605,5.6031446774083618],[-76.86730839120672,5.6031713173932198],[-76.867173293854677,5.6031846961478537],[-76.867033392406057,5.6031862804158887],[-76.867015966226788,5.603185091752394],[-76.866891802648567,5.6031766202646311],[-76.866751313727036,5.603155387526237],[-76.866613815800761,5.6031239720153287],[-76.866387942544193,5.6030635322540379],[-76.866198116387253,5.6030095171140601],[-76.866056247198202,5.6029646931809109],[-76.865639408613845,5.6028142545362627],[-76.86553747532146,5.6029198014335915],[-76.8654533494703,5.6031260467610275],[-76.865476891130285,5.6033940156741373],[-76.865621262184803,5.6036291582676894],[-76.865987225600719,5.6038632457067639],[-76.866689396804546,5.6043281305955919],[-76.867101145612907,5.6046730065906649],[-76.867283728059931,5.6049804969990049],[-76.867764776190526,5.6055085751852287],[-76.867971627982882,5.60585795031953],[-76.868154381646903,5.6060874906902276],[-76.868459430378294,5.6065735952130495],[-76.868794941927291,5.6069241612926577],[-76.868794790665802,5.6072904187495158],[-76.868840959742016,5.6075582762736333],[-76.868874844828383,5.6083132970379097],[-76.868681953068716,5.6087770313861105],[-76.868537430172537,5.6091932039695127],[-76.868411024802896,5.6096273531089613],[-76.868306731999667,5.6100478501711697],[-76.868203204543505,5.6104773773703362],[-76.868076595827802,5.6110018514079201],[-76.867967681608704,5.6114359175848394],[-76.867615008171256,5.6127471899037635],[-76.867507087051365,5.6131631859116302],[-76.867398472295037,5.6136604775147561],[-76.86729891472018,5.614166757888527],[-76.867235770194455,5.6145193180751294],[-76.867191313867821,5.6147634014715226],[-76.867072742017527,5.6154233213953013],[-76.867018073357841,5.6157758382063134],[-76.866981758654532,5.6160831101015063],[-76.866937299815007,5.6163271909322701],[-76.866864086477918,5.61657141179374],[-76.866747672857613,5.6168700341334876],[-76.866612144619893,5.6172635844798062],[-76.866350342871229,5.6180235412391699],[-76.866223399807083,5.6183447935095687],[-76.866060716493152,5.6187339578684359],[-76.865924563217433,5.6190146086571806],[-76.86582575398549,5.6192047570731525],[-76.865609261594514,5.6195399852836667],[-76.865301958507175,5.6199659684482146],[-76.865067434469239,5.6203012829752721],[-76.86486812823216,5.6205731126004324],[-76.864570542920944,5.6208996963693352],[-76.86436345695526,5.6210904526390193],[-76.864100917316193,5.621317421893318],[-76.863838870336366,5.6215535142709259],[-76.863532663219303,5.6217356233178029],[-76.863198559946255,5.621872701604465],[-76.862679401239717,5.6220558272011134],[-76.862439490220794,5.6220931008413837],[-76.86195258141835,5.6221947796405987],[-76.861528326193238,5.6223142263177861],[-76.861176453742914,5.6224875173474622],[-76.860851125538815,5.6226877814101703],[-76.860625968782671,5.6228514361140318],[-76.860453533545964,5.6230870999755087],[-76.860381599281027,5.6232409898672753],[-76.860237483138505,5.6236300683391098],[-76.860129016523842,5.6240460696345371],[-76.860047667798256,5.6243625898360623],[-76.859965364098102,5.6247062084959127],[-76.859884097697986,5.6250407905421858],[-76.859857371401773,5.6252215652838089],[-76.859830572764608,5.6255016944262852],[-76.859767383204272,5.6258452236108756],[-76.859757770063055,5.6260801098100464],[-76.859794036145814,5.6263689691658287],[-76.859802319269249,5.6268024798022136],[-76.859793622069034,5.6269831667204455],[-76.859784327891589,5.6273986972418859],[-76.859829412447084,5.6277597752423034],[-76.859892132537468,5.6282651930998462],[-76.859982252820018,5.6286171123852737],[-76.860163744422621,5.628977448308655],[-76.860379630219626,5.6293467392339052],[-76.860533124479375,5.629526651139976],[-76.860686524332664,5.6299143090873498],[-76.860838743384548,5.6301664837116228],[-76.860983658420679,5.6304186976280697],[-76.86112789830463,5.6306618779955189],[-76.86134062122774,5.6309544094113377],[-76.8615243307312,5.6311928876564901],[-76.861714822898463,5.6314358491606233],[-76.861912661178138,5.6316878068599205],[-76.862138675336993,5.6319305981582177],[-76.862364143097508,5.6321914560092585],[-76.862544317027016,5.6324073670871355],[-76.862688932659523,5.6325963543781459],[-76.862842189978778,5.6328394934546173],[-76.862951000100765,5.6330828426612776],[-76.863022035435549,5.6333263740059216],[-76.86310314282025,5.6336782460688779],[-76.86314940319032,5.6340393142356957],[-76.863238639479079,5.6343188877945227],[-76.863346840436506,5.6346796608888639],[-76.863428453352029,5.6348915283624255],[-76.8635178852889,5.6352117451182888],[-76.863635643367274,5.6354595707913013],[-76.863780043002848,5.6357162987617135],[-76.86388880938479,5.6359506167875715],[-76.863955383201954,5.6362032014803862],[-76.864050408307577,5.636410488034497],[-76.864438026108445,5.6377002441133008],[-76.864546343628334,5.6379526294612754],[-76.864924740841047,5.6381404911031368],[-76.865222647917477,5.6382203556204589],[-76.865538632186102,5.6383091655527711],[-76.866016899655961,5.6383971956068963],[-76.866395687549101,5.6384405369790143],[-76.866667291094203,5.638430203351886],[-76.866893421272252,5.6383568602877947],[-76.867109738169262,5.6382293707676299],[-76.867298376557969,5.6380839526894659],[-76.86743463304208,5.6379387820084199],[-76.867625096975004,5.6377030321284236],[-76.867840722080615,5.6374310285533964],[-76.868157081422197,5.6372398342993346],[-76.868373111441542,5.6371665402403632],[-76.868581339894092,5.6371203808304049],[-76.868807559061139,5.6370470378335735],[-76.869059979046028,5.636928408061884],[-76.869384093864525,5.636832016172086],[-76.86977311084172,5.6367714391447024],[-76.870224113778491,5.6368144359987262],[-76.870598913199132,5.6369481173936435],[-76.870837934680736,5.6371005180611586],[-76.870972648479338,5.6372172894535524],[-76.871012986402974,5.6372590359211259],[-76.871189835800706,5.6374420518325046],[-76.871388857820293,5.6376578692088346],[-76.871523790438545,5.6378198016400711],[-76.871595479455877,5.6379730036756479],[-76.871757478301987,5.6382522244022057],[-76.871884560843711,5.6384503221174267],[-76.871929314199917,5.6387210728138086],[-76.871911495906943,5.639010189530449],[-76.871866000655757,5.6393942777591919],[-76.871784550013288,5.6396882150413283],[-76.871757286718434,5.6398689900077095],[-76.871711767687771,5.6400227569979933],[-76.87172149961458,5.6402846427543754],[-76.871730250272449,5.6407000827000306],[-76.871721098868065,5.6411427038530233],[-76.871693918650905,5.641585413572952],[-76.871684510486034,5.6419738422092998],[-76.871621260963437,5.6428863982654676],[-76.871593342701956,5.6431755626102991],[-76.871601943174937,5.6434464891756662],[-76.871639067838515,5.643780502739145],[-76.871647300175326,5.6440875594282085],[-76.871665135800214,5.6444035970873108],[-76.871720246277462,5.6447284916657186],[-76.871773211863328,5.6449630749611597],[-76.871777021075161,5.6449841139576948],[-76.871818961739933,5.6452157575486215],[-76.871909052287862,5.6455585466273588],[-76.872098165586962,5.6459821514925412],[-76.872296666180674,5.6463695802583951],[-76.872459704702521,5.6466578261643932],[-76.87258566552066,5.6468288308717494],[-76.872720469998043,5.6469817307212447],[-76.872928157333902,5.6471613739109836],[-76.873171151524446,5.647313751031402],[-76.873405997349849,5.6474029432212136],[-76.873694895900741,5.6474828432192155],[-76.873992807679684,5.647562700001509],[-76.874318073389716,5.6477056464127475],[-76.874909392095304,5.6478653762931863],[-76.875184830268225,5.6479588861018666],[-76.87552764888035,5.648133363983546],[-76.876032603702754,5.6487270519403863],[-76.876393911273553,5.649222081238193],[-76.876546618312574,5.6495735985789093],[-76.876672473515114,5.6498529887922384],[-76.876799823576874,5.6500872100144246],[-76.876916530783006,5.6503394567538603],[-76.877124155797787,5.6506366075457093],[-76.877349143358288,5.6509064873039723],[-76.877521488121957,5.6511223389452514],[-76.877954103685056,5.651671213306277],[-76.878134141510373,5.6519684030748376],[-76.878243288768189,5.6521665832842469],[-76.878360952583122,5.65237375500823],[-76.878495416151722,5.6526802002780983],[-76.878630158602931,5.6529324488515948],[-76.878721142450203,5.6531036208505876],[-76.878847645533455,5.6532926838391671],[-76.879000706508677,5.6534725872973937],[-76.879190300843561,5.6537697346050866],[-76.879424695903765,5.6541208541677577],[-76.879569888509394,5.6544272465714487],[-76.8796681136714,5.6546977356045414],[-76.879749240454203,5.6550495962046075],[-76.879795255054546,5.6553564680723589],[-76.879848317168083,5.6556091107339288],[-76.879884251924167,5.6558257072953264],[-76.879911758562557,5.6560333153450877],[-76.879934522516891,5.656304170300948],[-76.879938514388201,5.656552534575277],[-76.879920237943054,5.6569139068519512],[-76.879946523912821,5.6572795821474644],[-76.881983378771565,5.6605547148721405],[-76.882169658293321,5.6608543106331242],[-76.882321955458622,5.6610071185719066],[-76.88257434170184,5.6611052512242113],[-76.882747663810193,5.6611676360034577],[-76.883057543765887,5.661166135403576],[-76.883422195010482,5.6611734033052334],[-76.883798482345497,5.661144482890121],[-76.884107340742474,5.6610436339422492],[-76.884517783711033,5.6611048704457652],[-76.884791278884578,5.6611306411574125],[-76.885159422733139,5.6611146768455125],[-76.885850270286895,5.6612880857267474],[-76.886181088464042,5.661421963151624],[-76.886703586715029,5.6615729761854121],[-76.886852306401963,5.6615632225870938],[-76.887138169559776,5.6614805476979919],[-76.887447528164216,5.6613525954473252],[-76.887655148661068,5.6611799802554232],[-76.888149121130198,5.6606717878495072],[-76.888585921881898,5.6602180661865669],[-76.889359241066188,5.6592117540384645],[-76.889496835875974,5.6591207653950351],[-76.889883069497643,5.6585951236967302],[-76.890596271089677,5.6583206997228679],[-76.8911261741614,5.6583632885643853],[-76.891858695731315,5.658486180422531],[-76.892655632914227,5.6586358565311246],[-76.893395648997043,5.6586683895246166],[-76.89386639938013,5.6590635100350717],[-76.894061823642872,5.6592775225256764],[-76.894296769499974,5.659293540925856],[-76.894438315848646,5.6596084328029557],[-76.894452279787416,5.659867223264758],[-76.894448192702583,5.6600095878611336],[-76.894445418722754,5.6601068741668961],[-76.894438053093282,5.6603363243152769],[-76.894431110385128,5.6604845736364169],[-76.894531918493342,5.6606170379651228],[-76.894613840562272,5.6606471661390909],[-76.894697790352552,5.6606303204484796],[-76.894821392827737,5.6605356940450653],[-76.895058104481535,5.6602457896020315],[-76.895176506471628,5.6601387267747478],[-76.895313505060656,5.6600553277350345],[-76.895518586314509,5.6599546154405509],[-76.895557335875594,5.6600248789506065],[-76.895559935739328,5.6600222456384532],[-76.895675608141431,5.6602257171397161],[-76.895759340018884,5.6604994319651807],[-76.895804138053563,5.6609056534311772],[-76.895802448347823,5.6613753258437711],[-76.89602658290228,5.6616903558246419],[-76.896408685001262,5.6619504256705362],[-76.896602438151248,5.6619314183040466],[-76.89692155526275,5.661956961257558]]]]},"properties":{"OBJECTID":1,"nombre_cap":"Zonificacion_Ley2da","area_ha":214932948.14049929,"version":1,"ano":"2024","conteo_cap":1,"obs":"Esta capa tiene un propósito informativo sobre las áreas de interés ambiental, por lo que los cálculos de área o distancia realizados en ella serán aproximados","aa":"Ministerio de Ambiente y Desarrollo Sostenible","descripcio":"Inclusion por Capas Base Fuente: SINA","creado_por":"BBSE","creado":1742947200000,"modificado":"BBSE","modifica_1":1742947200000,"Shape_Length":214756.41837116054,"Shape_Area":215573180.50042415}},{"type":"Feature","id":2,"geometry":{"type":"MultiPolygon","coordinates":[[[[-76.819616339126881,5.537763273107867],[-76.819621760627726,5.5377604143555956],[-76.819618181622261,5.5377596852428255],[-76.819616339126881,5.537763273107867]]],[[[-76.914351545905234,5.5809966950709455],[-76.914304946685405,5.581203122193509],[-76.914310775039027,5.5811958328653919],[-76.914364714725522,5.5810884733023771],[-76.914399231127263,5.580969374337406],[-76.914403217232518,5.5809411630390304],[-76.914351545905234,5.5809966950709455]]],[[[-76.914029857030172,5.5814563453439563],[-76.913568970165755,5.5816701865355203],[-76.913164299494667,5.5818953195137766],[-76.912737108797941,5.582142958943499],[-76.912467335246419,5.5823568712808704],[-76.912096304677263,5.5827170488549109],[-76.911646615053968,5.5831223110540282],[-76.911196867368659,5.5836290056866682],[-76.910668510894752,5.5839666386125568],[-76.910197206983455,5.5840819247816578],[-76.910197291664034,5.5840819197027152],[-76.910319329126366,5.5840736735502956],[-76.91047228675788,5.5840535401521061],[-76.910616489189664,5.58402175501912],[-76.91074816561482,5.5839750421960312],[-76.910824514000382,5.5839361093286248],[-76.91096860828975,5.5838466549809995],[-76.911037952155866,5.5837975070388843],[-76.911134357621833,5.5837184914311431],[-76.911274644112808,5.5835950998108501],[-76.911352223970255,5.5835197365131517],[-76.911498318967247,5.583375893754182],[-76.911866601610669,5.583000109222235],[-76.912108801969879,5.5827649858013197],[-76.912257946009547,5.5826278865930599],[-76.912347431790636,5.5825495798999807],[-76.912521073364459,5.5824092294071388],[-76.912607000625314,5.5823470022405868],[-76.912818109426169,5.5822082132575055],[-76.9129690447662,5.5821023315650953],[-76.91319106773696,5.5819597199688502],[-76.913345133812101,5.5818690515232596],[-76.913534744570029,5.5817651114974121],[-76.913873878104525,5.5815680628744442],[-76.913967563913985,5.581509015523892],[-76.914064883278542,5.5814373364350702],[-76.914108436629647,5.5814016207776964],[-76.914029857030172,5.5814563453439563]]],[[[-76.909407032667758,5.5840225113952693],[-76.909521646699318,5.5840473611129102],[-76.909675109823795,5.584068871162474],[-76.909832127394012,5.5840817020196312],[-76.909990609334443,5.5840869177176096],[-76.910119713814737,5.5840849991764099],[-76.90944337775386,5.5840000960524705],[-76.909441301124531,5.5839993830313785],[-76.909407032667758,5.5840225113952693]]],[[[-76.865639408613845,5.6028142545362627],[-76.866056247198202,5.6029646931809109],[-76.866198116387253,5.6030095171140601],[-76.866387942544193,5.6030635322540379],[-76.866613815800761,5.6031239720153287],[-76.866751313727036,5.603155387526237],[-76.866891802648567,5.6031766202646311],[-76.867015966226788,5.603185091752394],[-76.867033392406057,5.6031862804158887],[-76.867173293854677,5.6031846961478537],[-76.86730839120672,5.6031713173932198],[-76.867435047099605,5.6031446774083618],[-76.867548876664742,5.603102300358624],[-76.867644498911446,5.603040585575628],[-76.867715639913868,5.6029597984990334],[-76.867759742297977,5.602880666599483],[-76.867790493343563,5.602793383386798],[-76.867806553389755,5.6027073341734477],[-76.867811011068625,5.6026186744473154],[-76.867804191225801,5.602529513203911],[-76.867785964948695,5.6024418974248071],[-76.86774547390462,5.6023326293350983],[-76.867693122329868,5.6022365562219134],[-76.867617397806342,5.6021377688978227],[-76.86753345746682,5.6020477838575218],[-76.867482693875928,5.602000942841646],[-76.867396080093698,5.6019341790951831],[-76.867299060319553,5.6018684141805091],[-76.867185045662026,5.6017911240855796],[-76.866909912060891,5.6015901037550071],[-76.866816966891506,5.6015159592545576],[-76.866695976167833,5.6014034648434858],[-76.866653624710068,5.601358585309951],[-76.86657492787981,5.6012621009144077],[-76.866554024790688,5.6012321998783206],[-76.866484320000893,5.6011133805829614],[-76.866424949161342,5.600988088178819],[-76.866384118066932,5.6008882896669867],[-76.866343277127228,5.600756738165841],[-76.866319614279078,5.6006512602511105],[-76.866301181775555,5.6005418351852754],[-76.866286970490847,5.6004291956290082],[-76.86627614176362,5.6003139557295398],[-76.866272376446929,5.6002471831837894],[-76.866260102888972,5.6000296523068043],[-76.866253818588277,5.5997873602558847],[-76.866251458669524,5.5995427568479696],[-76.866253188232378,5.5991523576806683],[-76.866258230303259,5.5988901569923817],[-76.86626676755418,5.5986621820808775],[-76.866272977924581,5.5985717363021941],[-76.866281210022379,5.598451866436335],[-76.866291636374811,5.5983567271501551],[-76.866307967483408,5.5982548063634772],[-76.866329600222997,5.5981701840299092],[-76.866351067941181,5.5981195145718852],[-76.866377475866969,5.5980854587894884],[-76.866414712104032,5.5980702108400253],[-76.866454371943405,5.5980818148369611],[-76.866482967400984,5.5981081760595819],[-76.866523558642172,5.5981748922562353],[-76.86655997460349,5.5982654916607535],[-76.866593339017243,5.5983730997415009],[-76.866685276025876,5.5987201982386914],[-76.866721691758897,5.5988349828096746],[-76.866756994452828,5.5989255344257209],[-76.866821891251291,5.5990920011420311],[-76.866866542993378,5.5991941853524612],[-76.866921310477039,5.5993098770901071],[-76.866941812934769,5.5993490371642443],[-76.866960077265205,5.5993839165858628],[-76.867108935463278,5.5996517152278367],[-76.867167469256259,5.5997454587314008],[-76.867255810908304,5.5998661106327789],[-76.867374965952948,5.6000173158695086],[-76.86743818845548,5.6000890409394666],[-76.867588673394224,5.6002497188438678],[-76.867732788983233,5.6003864395812046],[-76.867827620067999,5.6004721837242348],[-76.86793850820645,5.600560348195275],[-76.86803612586543,5.6006330539017206],[-76.868096314212821,5.6006737664518917],[-76.868166047603935,5.6007146795511629],[-76.868201027136848,5.6007325627849207],[-76.868253695381583,5.6007594878977107],[-76.868351008560651,5.600803612877634],[-76.86845042713027,5.6008429462923264],[-76.868528064622424,5.6008689161663154],[-76.868611751935603,5.600890156895443],[-76.868737948011059,5.600910656902256],[-76.868816239969888,5.6009172211754041],[-76.868894922219695,5.6009195506344875],[-76.868997892539255,5.6009167179118755],[-76.869111053522431,5.6009051068264704],[-76.869214575238487,5.6008837830162053],[-76.869313298866345,5.6008517094661503],[-76.869405287954535,5.6008084014527286],[-76.869447734755852,5.6007825332713503],[-76.869543621359128,5.6007067304949958],[-76.869650759226673,5.600599416424858],[-76.869692993966538,5.6005509447104753],[-76.869889590392674,5.6003253008211775],[-76.87002794657775,5.6001732296126283],[-76.870096468561584,5.6001126576337752],[-76.870143812729395,5.6000886876126943],[-76.870198391455531,5.6000824934419251],[-76.870251466149696,5.6000990360364513],[-76.870290934980574,5.6001293774902861],[-76.870326105590394,5.6001731212388233],[-76.870360409108315,5.6002366863647053],[-76.87038898817238,5.6003120866347365],[-76.870418993677745,5.6004245027873587],[-76.870443153810498,5.6005476352018331],[-76.870485201199386,5.6008090752570672],[-76.870488234755385,5.6008255966690204],[-76.870509514759519,5.6009415252675492],[-76.870537527792933,5.6010543717282575],[-76.870571074195112,5.6011579749045532],[-76.870613015435765,5.6012547800630781],[-76.870656573627855,5.6013308062385141],[-76.870680120210736,5.6013657524341438],[-76.87070531696186,5.6014031464910579],[-76.870757355320009,5.6014739696133642],[-76.87081407509848,5.6015422153753276],[-76.870871610217236,5.6016015235668561],[-76.871040678248832,5.6017543165870212],[-76.871190509767715,5.6018822950293679],[-76.871389828094223,5.6020464826389977],[-76.87155069117496,5.6021701791391116],[-76.871661571507843,5.6022528351484038],[-76.871777650038254,5.6023296849393889],[-76.871919805389268,5.6024158170295228],[-76.872072920472803,5.6025012787363],[-76.872226132430796,5.6025764179186046],[-76.872226924065615,5.602576737745534],[-76.872359080942985,5.6026298493385696],[-76.872501220872834,5.6026652625611275],[-76.872648873307568,5.6026818602477988],[-76.872796796207695,5.6026815318072272],[-76.872797939922975,5.6026815296517176],[-76.872944442159991,5.6026646384473873],[-76.873060047046735,5.6026360733027314],[-76.873084274622272,5.6026300878331963],[-76.873185366814155,5.6025916572597163],[-76.873200083936084,5.6025852462634127],[-76.873275764416007,5.6025522798588892],[-76.873498618080376,5.6024485494985186],[-76.873578527408313,5.6024145031176253],[-76.87366129099874,5.6023830392714622],[-76.873802371579103,5.6023359308851584],[-76.874087364359497,5.6022449802868772],[-76.87418834054256,5.6022058045484524],[-76.874224021058907,5.6021919596380272],[-76.874345635113301,5.6021339901378475],[-76.874478547917207,5.6020602269847508],[-76.874623557551431,5.6019797541318939],[-76.874763285837332,5.601911468343979],[-76.875130389794265,5.6017610786628573],[-76.875336209543349,5.6016699705215958],[-76.875431552471838,5.6016339427192108],[-76.875732512473618,5.6015288403483048],[-76.875862550287749,5.601489024967818],[-76.875997196800242,5.6014532441724674],[-76.876244852639502,5.6013925919131449],[-76.876303620116175,5.6013781984679909],[-76.876430269373316,5.601347181352895],[-76.876554480054267,5.6013114335066891],[-76.876671149335863,5.6012693489684864],[-76.876747428376945,5.6012349923474058],[-76.877032312408346,5.6010939986647159],[-76.877124201129945,5.6010395199206018],[-76.877191056237038,5.6009919079547812],[-76.877383000612738,5.6008397663846807],[-76.877743720400446,5.6005135792852947],[-76.87786896890087,5.6004125819282011],[-76.877972931047481,5.6003334247027139],[-76.87802339362139,5.6002994667002248],[-76.878131290078713,5.6002371425737447],[-76.878218891922558,5.6001938383735794],[-76.87831978098491,5.6001552733246225],[-76.878427230696374,5.6001267165336852],[-76.878572700030858,5.6001059846930774],[-76.878723258344465,5.6001019662857949],[-76.878875713116997,5.6001136729537428],[-76.878987308366476,5.6001318899000969],[-76.879097676566062,5.6001563218983703],[-76.879648761790236,5.6003069296964929],[-76.879660284374012,5.6003096289896632],[-76.879752762079505,5.6003313017179321],[-76.879813391751597,5.6003390976499148],[-76.879884503113956,5.6003482408114387],[-76.879953714383774,5.6003482125712054],[-76.880015055779666,5.6003481913625777],[-76.880140184988605,5.6003303353930232],[-76.880255192242203,5.6002926028888673],[-76.88031993634948,5.6002582719584977],[-76.880381088825473,5.6002176585856835],[-76.880454345483216,5.6001613744653351],[-76.88050646038343,5.600114001889378],[-76.880575529698532,5.6000365738864089],[-76.880626397214456,5.5999702402477229],[-76.880688158114282,5.5998757650219737],[-76.880726398958458,5.5998012711264469],[-76.880760127672133,5.5997224937298844],[-76.880797820975673,5.5996209210640044],[-76.880839468925984,5.5994987311321003],[-76.880885330610653,5.5993641725432495],[-76.880919290095505,5.5992863588999482],[-76.880959377482085,5.5992151187866508],[-76.881022999152805,5.5991368348470383],[-76.881100291094484,5.5990785772425138],[-76.881189805298533,5.5990391690821149],[-76.881294459902435,5.5990176293536047],[-76.881405387167334,5.5990147536686816],[-76.881519163155104,5.599028628785705],[-76.881642808741631,5.5990615702644257],[-76.881740292824929,5.5990996397558828],[-76.881827756137724,5.5991387301154925],[-76.881915854144324,5.5991831689700202],[-76.881990808234065,5.5992261355853641],[-76.882068901057963,5.599276816086455],[-76.882165405573843,5.599339445147157],[-76.882250166251552,5.5993973898962652],[-76.882419929370073,5.5995134438626399],[-76.882511605880921,5.5995728063469254],[-76.882649384819914,5.599653544688576],[-76.882749268412098,5.5997013327415459],[-76.882867395872168,5.599746996050591],[-76.882980768457571,5.5997798770355063],[-76.883069435929613,5.5997951066240956],[-76.883141919195523,5.5997954590540173],[-76.883212340397947,5.5997835494840471],[-76.883298934894427,5.5997511980296588],[-76.883358217122918,5.5997205863229604],[-76.88341652732619,5.5996845904243289],[-76.883512582323192,5.5996110619309478],[-76.883563536206964,5.5995667291101983],[-76.883568610008396,5.5995623161073063],[-76.883654698203941,5.5994842080590885],[-76.883809009728793,5.5993352357482538],[-76.883895671394114,5.5992704000417284],[-76.884004623042799,5.5992165859455749],[-76.884127685438756,5.5991777114738497],[-76.884261425005761,5.5991506796963426],[-76.884403095073395,5.5991330961391936],[-76.884550505382933,5.5991231612966006],[-76.884701913360544,5.599119583765547],[-76.884822702080996,5.5991205607844003],[-76.885012027613371,5.5991220941104274],[-76.885160510298647,5.5991200609691179],[-76.885408972341764,5.5991116564574925],[-76.885791547679787,5.5990987170615059],[-76.886502633816903,5.5990843037996862],[-76.886676007017869,5.5990769103034443],[-76.886845335097973,5.5990651263865381],[-76.88700876949369,5.5990467620349555],[-76.887163826058639,5.5990189172252229],[-76.887279292109454,5.5989857930412406],[-76.887307196319057,5.5989777881414486],[-76.887434518574509,5.598918397810789],[-76.88750663187146,5.5988680912793631],[-76.887602010062551,5.598779200636228],[-76.887647356877011,5.5987244217081553],[-76.887705858037691,5.598631166467869],[-76.88774237964131,5.5985558173636996],[-76.887786741732398,5.5984384479557034],[-76.887811519600589,5.598356926646046],[-76.887865494601982,5.5981793686527981],[-76.887910715643287,5.5980468899179208],[-76.888014415775558,5.5978018953279864],[-76.888060544220949,5.5976990851468162],[-76.888112268596529,5.597601588686441],[-76.888159850370812,5.5975289562890786],[-76.888255566728503,5.5973995454399654],[-76.88830699368485,5.597336240268203],[-76.88836219600762,5.5972762039839203],[-76.888468504900473,5.5971677841033571],[-76.888549356312978,5.5970904801114365],[-76.888732896215174,5.5969369090505321],[-76.888818261623115,5.5968724926758142],[-76.888904825728176,5.5968117604982348],[-76.889026086660863,5.5967266845911157],[-76.889090075667013,5.596674752620344],[-76.889275980203891,5.5965156055080065],[-76.889507215352822,5.5962881273305589],[-76.88967017902128,5.5961032360819045],[-76.889723501061681,5.5960389775054109],[-76.889944020993184,5.5957307693663383],[-76.89018680561739,5.595409393792564],[-76.890292345972142,5.5952563067088885],[-76.890370071846547,5.5951345497869251],[-76.890401176843781,5.5950744975950002],[-76.890422356972934,5.5950336077744147],[-76.89043098223118,5.5950141732222631],[-76.890469428604618,5.594927531027551],[-76.890523075857885,5.5947960007623472],[-76.890568464341953,5.5946705110080801],[-76.890583703684612,5.5946101895041558],[-76.89060478064097,5.5945267462771788],[-76.890616486468701,5.5944557103987353],[-76.89062999355049,5.5943737260584134],[-76.890647181560851,5.5942179573059754],[-76.890647580323758,5.5942143419648556],[-76.89065606972288,5.5940960653872294],[-76.890682936546042,5.5937218653800169],[-76.890697635738121,5.5935604291235972],[-76.890718525277748,5.5934045220403661],[-76.8907491212195,5.593257319923306],[-76.890793747705445,5.5931227661217795],[-76.890818582332727,5.5930697444630022],[-76.890854222495747,5.5930080730452376],[-76.890893530568661,5.5929501895134157],[-76.890941760931113,5.5928871179890933],[-76.891001617741452,5.5928219177570542],[-76.891061709130071,5.5927701066731954],[-76.89112661967755,5.5927232279861583],[-76.891220757700552,5.5926662661108715],[-76.891331592987314,5.5926186796931479],[-76.891467471555146,5.5925835347757022],[-76.891612944746583,5.5925645926883121],[-76.89176436048011,5.5925593674841405],[-76.891918588806831,5.5925665092702959],[-76.892072818379745,5.5925856908850102],[-76.892188172638811,5.5926081465454516],[-76.892301302142926,5.5926357059583616],[-76.89262569617037,5.5927263564246301],[-76.892713503130523,5.5927508938656514],[-76.89286210665513,5.5927843114110578],[-76.892945789827536,5.5927971893882882],[-76.893029556741197,5.5928020242646381],[-76.893112382960865,5.5927979063607829],[-76.8932382131688,5.5927762392813349],[-76.893308488143049,5.5927585757121268],[-76.893391269638016,5.5927377698514595],[-76.893503457834129,5.5927042934820941],[-76.893612720193289,5.5926649087149674],[-76.893715764415575,5.5926168861626273],[-76.893787380803587,5.5925742409199417],[-76.893856661027584,5.5925281745966293],[-76.893994088772459,5.5924317171510225],[-76.894139600233544,5.5923161430311339],[-76.894338362912364,5.5921640015399072],[-76.894422563766113,5.5921037392935045],[-76.894648109778799,5.5919585882541476],[-76.894788695274428,5.5918632375890818],[-76.894861253589994,5.5918194203705696],[-76.89500976188377,5.591739184671205],[-76.895087268881667,5.5917048940073188],[-76.895217581789012,5.5916669692304133],[-76.895357657413314,5.5916465372544515],[-76.895502879671255,5.5916422490549236],[-76.89564883470544,5.5916541682746548],[-76.895790982113155,5.5916837986915446],[-76.895903623868449,5.5917235196676121],[-76.896008082628398,5.5917753935336147],[-76.896064636441551,5.5918104868764784],[-76.896160178851602,5.5918816246423555],[-76.896204258511773,5.5919226943994342],[-76.896250722502174,5.5919748653100081],[-76.896292418091448,5.5920303112840459],[-76.89634396073177,5.5921131113907441],[-76.896393902218108,5.5922355495152178],[-76.89641548202566,5.5923459422772446],[-76.89641906471843,5.5924601125323017],[-76.896404985971998,5.5925745871492252],[-76.896372516768494,5.5926859804375093],[-76.896347848949731,5.5927417710919611],[-76.896305264110467,5.5928157460525343],[-76.896242241259941,5.5928999852328465],[-76.896182031856341,5.5929675951959661],[-76.896095146333735,5.5930490549094136],[-76.895998990763445,5.5931255089658496],[-76.895894786806466,5.5931990702475707],[-76.895775529848606,5.5932791054990609],[-76.89568154047052,5.5933421816095983],[-76.895558164248371,5.5934332971648368],[-76.895447799077374,5.5935307777222523],[-76.89537820510688,5.5936087680373676],[-76.895322304350032,5.5936913373185702],[-76.895283115210489,5.5937782316328226],[-76.895261887332964,5.5938923819226458],[-76.89526464619567,5.5939639596911546],[-76.895283900027763,5.5940523209163944],[-76.895341159204648,5.5941800911347377],[-76.89542471081991,5.5943054598127064],[-76.895504816751924,5.5944045378289236],[-76.895593436186331,5.5945032512872412],[-76.895597253223741,5.5945072340594431],[-76.895688069836851,5.5946019888169323],[-76.895998006920408,5.5949106809021103],[-76.896208916921267,5.5951259431335201],[-76.896311435751116,5.5952366388850372],[-76.896409622495241,5.5953485841920232],[-76.896504408715799,5.5954626812182093],[-76.896595654616959,5.5955785065138288],[-76.896683064828522,5.59569568822943],[-76.896998323875238,5.5961530588197572],[-76.897017840694772,5.5961813733588643],[-76.897066752724527,5.5962469426121091],[-76.897141370208587,5.5963368447576194],[-76.897219986114109,5.5964250489206497],[-76.897292138201394,5.5965006007423748],[-76.897359255111141,5.5965637977199298],[-76.897467349664282,5.5966564313356439],[-76.897533409692528,5.5967071638956751],[-76.897536478761424,5.5967095218086031],[-76.897609953512315,5.5967589164953004],[-76.897685982691812,5.5968048205484751],[-76.897820934551063,5.5968796561640275],[-76.897958163047036,5.5969481153570708],[-76.898032421751893,5.5969791416449848],[-76.898131752136436,5.5970143558560999],[-76.898163621750044,5.5970238150354943],[-76.898221590633412,5.597041020107536],[-76.898308724272539,5.5970608598774847],[-76.898379124276872,5.5970704877564526],[-76.898454678290605,5.5970707078940647],[-76.898527382498074,5.5970593731276868],[-76.898603664158031,5.5970337002406021],[-76.898660258782954,5.597006780567134],[-76.898714034509354,5.5969744593225697],[-76.898742994858083,5.5969536225741567],[-76.898797437195881,5.5969056345147843],[-76.898842524631249,5.5968495046551263],[-76.898889910775594,5.5967425150179153],[-76.898910696648201,5.5966199101346259],[-76.898907546131099,5.5964902140572867],[-76.898881047088253,5.5963612052876499],[-76.898829789669065,5.5962404444757974],[-76.898778574243821,5.5961639138178292],[-76.898718532754899,5.5960914329029015],[-76.898642976418017,5.5960076890780135],[-76.89844467734504,5.5957879012458287],[-76.898391780207675,5.5957177428934237],[-76.89831642080226,5.5955984498353786],[-76.898286439496573,5.5955341055210672],[-76.898264312295154,5.5954444446760068],[-76.89826326545554,5.595353863359354],[-76.898283840968702,5.5952675787648651],[-76.898313683807373,5.5952081743850126],[-76.898353094063296,5.5951520011457738],[-76.898396432687875,5.5951011047206682],[-76.898466640201377,5.5950375806179462],[-76.898548463770695,5.5949845092658572],[-76.898640171656211,5.5949377468620751],[-76.898738126989443,5.5948945239196428],[-76.898845936981715,5.5948519161824137],[-76.898925875296129,5.5948266010595766],[-76.899009939282521,5.594805602501391],[-76.899150844837791,5.5947810887015024],[-76.899297478671329,5.5947666306836839],[-76.899447344942089,5.5947615037441247],[-76.899566688451344,5.5947640734793476],[-76.899685634708916,5.5947729248637046],[-76.899803157671528,5.5947888078446617],[-76.899937487528476,5.5948174033023834],[-76.900066730834112,5.5948570132139555],[-76.900188968072726,5.5949081993473397],[-76.900260213649389,5.5949460383107192],[-76.900370769865049,5.595017323899933],[-76.900441816287341,5.5950724138578929],[-76.900499835830033,5.5951241955184656],[-76.900592102877852,5.5952186629380085],[-76.900664361372364,5.5953033394183533],[-76.900731719964639,5.5953922462660852],[-76.900909001201285,5.5956550776653318],[-76.901062092768399,5.5958962451837158],[-76.901110466434886,5.5959682571297469],[-76.901127464200613,5.5959935588302665],[-76.901188094919519,5.5960726484767607],[-76.901251687172604,5.5961490267209184],[-76.901333339786873,5.5962375356457095],[-76.901391227645334,5.5962934795916297],[-76.901490592668324,5.5963813422245687],[-76.901575516437262,5.596449015698397],[-76.901699600811071,5.5965313094627822],[-76.90176957661842,5.5965725181276875],[-76.901840107679519,5.5966098025311846],[-76.901926692178094,5.5966555740700281],[-76.902005614015692,5.5966930219316344],[-76.902126443114909,5.596741646906831],[-76.902251245023436,5.5967844539379774],[-76.902408066629903,5.5968328714303786],[-76.902575831387864,5.5968787481958655],[-76.902679748089128,5.596903130880575],[-76.902830032970542,5.5969246798279499],[-76.902981686198459,5.5969303938780479],[-76.903130434180156,5.5969204261349281],[-76.903271629106086,5.596893406243109],[-76.903399922986111,5.5968463477531527],[-76.903469116489219,5.5968070900614775],[-76.903533990250637,5.5967617158031091],[-76.903602558021433,5.5967070898362747],[-76.903661808831089,5.596651392809731],[-76.903741645070383,5.5965558330702949],[-76.903815578257777,5.5964510630473407],[-76.903938438161617,5.5962662657956788],[-76.904028127835744,5.5961054829249592],[-76.904063224944352,5.5960356219359477],[-76.904094802420673,5.5959632760694378],[-76.904132918833426,5.5958451367976396],[-76.90416029420696,5.5957188479423641],[-76.90417888988938,5.5955867521767084],[-76.904190079269341,5.5954508683287765],[-76.904194738012336,5.5953063950806134],[-76.904191830936952,5.595151482900107],[-76.904190234814081,5.5951281391792724],[-76.904185050577482,5.5950523743219414],[-76.904173764151381,5.5949547756884206],[-76.904159901800014,5.5948722099998838],[-76.904142061006667,5.5947917575074024],[-76.904110650292566,5.5946857946067894],[-76.904069748674331,5.5945863482239062],[-76.904014073717789,5.594487133935635],[-76.90393781065616,5.5943767539372589],[-76.903891608211509,5.594319137814618],[-76.903851983711192,5.5942749279350492],[-76.903785845411605,5.5942082807930902],[-76.90367369695943,5.5941110698788705],[-76.9035989165247,5.5940566093914743],[-76.903509624249907,5.5939996884857788],[-76.903417074870177,5.5939466980599954],[-76.903410806515438,5.5939434034913038],[-76.903268619677434,5.5938686968649103],[-76.903044773867165,5.5938911256755395],[-76.902648754636715,5.5940026609330857],[-76.902833884635371,5.5940865922192735],[-76.902928792704273,5.594135118284723],[-76.90302045092983,5.5941871765875701],[-76.903165979533085,5.5942789661570478],[-76.903230899040878,5.5943230328343683],[-76.903344138664309,5.5944111070197486],[-76.903447556969525,5.5945099581184623],[-76.903509649371571,5.5945802277488603],[-76.903618628785068,5.5947157856923866],[-76.903665847806721,5.5947815350033911],[-76.903713018773118,5.5948608105672593],[-76.903748409869536,5.5949318395926673],[-76.903793023123711,5.595043817469298],[-76.90381718299551,5.5951479578691368],[-76.903826805027848,5.595257532412802],[-76.903822762380855,5.595363292859683],[-76.903806764960478,5.5954693497065708],[-76.903779265561539,5.5955735888801277],[-76.903746620918426,5.5956619418373181],[-76.903713017824288,5.5957396456708661],[-76.903674547608659,5.5958166081414786],[-76.903636122154211,5.5958825346640246],[-76.90358066795126,5.5959642333881607],[-76.903519271893458,5.5960421387758741],[-76.903468739464842,5.596099022779609],[-76.903402224603582,5.5961655708870612],[-76.903331629964555,5.5962267150476643],[-76.903232337268079,5.5962982040148077],[-76.903174335038685,5.5963323874978412],[-76.903148776995664,5.5963455935344717],[-76.903024141439488,5.5963957968199392],[-76.902949282491946,5.5964160258518829],[-76.902872749960096,5.5964301531680656],[-76.902764620360713,5.5964400152493932],[-76.902656000488463,5.5964388873523703],[-76.902510753501957,5.5964205706055736],[-76.902370798552511,5.5963851449487105],[-76.902260553036768,5.5963438760909439],[-76.902201604169619,5.5963166761752454],[-76.90208290042861,5.5962525931913323],[-76.901980586435755,5.5961820885217106],[-76.901855618225582,5.596082444457565],[-76.901791436775397,5.5960261939786911],[-76.901730905602903,5.5959663128361479],[-76.901562768778405,5.5957860144207334],[-76.901501373454678,5.5957103971952513],[-76.901384758569804,5.5955574565328927],[-76.901171090705034,5.5952422374570601],[-76.901026413371554,5.5950614897976223],[-76.90101680418158,5.5950503321127014],[-76.900955806752918,5.5949795093777803],[-76.900845839410707,5.5948669874245356],[-76.900743841794863,5.5947760611496067],[-76.900643437969762,5.5946994520205537],[-76.900567124264782,5.5946482274062728],[-76.900485408865038,5.5946000428174063],[-76.900415215984438,5.5945655973127701],[-76.900296551385821,5.5945183521968893],[-76.900185413637558,5.5944832835955216],[-76.900073172654572,5.5944544471601345],[-76.900071050219239,5.5944539023747701],[-76.899954813509325,5.5944289281937936],[-76.899804874096418,5.5944019427120466],[-76.89965639627539,5.5943802242193863],[-76.89951188726792,5.594364039549955],[-76.899426863203487,5.5943578055844663],[-76.899333414002257,5.5943569604476702],[-76.89924037354983,5.5943631202782953],[-76.899146832495703,5.5943758784896458],[-76.899020027596052,5.5943984464280607],[-76.898895556452914,5.5944257049263815],[-76.898770839534038,5.5944583077306005],[-76.898684960375135,5.5944848668677025],[-76.898647795383738,5.5944963603573221],[-76.898530888046338,5.5945405698941544],[-76.898499101562862,5.5945525910119072],[-76.898488355618582,5.5945578300592986],[-76.898390659385782,5.5946054701934163],[-76.898309761126413,5.5946551032661525],[-76.89823929097777,5.5947045739253705],[-76.89816589305164,5.5947630726973783],[-76.898115509449966,5.5948082732978204],[-76.898018571053598,5.5949100070942208],[-76.897972521951544,5.5949675057800317],[-76.897928655681568,5.5950307163830244],[-76.897866620527495,5.595142621558268],[-76.89782672597417,5.5952472777569753],[-76.897808537217173,5.5953529127468782],[-76.897810887628665,5.5954602774065538],[-76.897833293478925,5.595565328874919],[-76.897869559978801,5.5956554843780282],[-76.897922237622126,5.5957552011117819],[-76.897963801697585,5.5958227984016089],[-76.898031196201643,5.5959156378650246],[-76.898081547448029,5.5959849987644832],[-76.898239188274417,5.5961884289300841],[-76.898305992449934,5.5962902185540155],[-76.898334251335072,5.5963382229806742],[-76.898357255019846,5.5963845919551058],[-76.898367782465414,5.5964125770841147],[-76.898379949253524,5.5964733018022752],[-76.898376137272606,5.5965278285895383],[-76.898355872457316,5.5965715375565974],[-76.898347123067992,5.5965811723857062],[-76.898290251002337,5.5966092017641937],[-76.898215689117706,5.596609632298267],[-76.898164620415173,5.5965963939168937],[-76.898078279324437,5.5965582534385128],[-76.898016207990679,5.5965258267867402],[-76.897951928505748,5.5964879502341169],[-76.897661593561182,5.5962879658572442],[-76.897574675759813,5.5962234677561158],[-76.897487984200893,5.5961539432612248],[-76.897383711516696,5.5960639568512969],[-76.897317790700257,5.5960030769485352],[-76.897253787897512,5.5959403160795018],[-76.897129264930854,5.595810471311089],[-76.896955589142138,5.5956112041300772],[-76.896898468983679,5.5955405183023696],[-76.896541513648955,5.5950988009835987],[-76.896277426568929,5.5947796707195083],[-76.896097106165797,5.5945740894599627],[-76.895811317602437,5.5942691040213361],[-76.895806803722763,5.5942638698931688],[-76.89574617764157,5.5941935348512581],[-76.895705046990528,5.594138652200753],[-76.89566818034811,5.5940789032193825],[-76.895640145287445,5.5940183767524925],[-76.895620672821465,5.5939492569193874],[-76.895616190509827,5.593873292413222],[-76.89564431864612,5.593767227262326],[-76.895707946390161,5.5936731970136506],[-76.895798559560276,5.5935860194189919],[-76.89590750089782,5.5935027208718022],[-76.896004372954508,5.5934363243974481],[-76.89607967017578,5.5933877618419787],[-76.896309726596769,5.593239384597636],[-76.896414970968763,5.5931687518147415],[-76.896507697168289,5.5931009968927912],[-76.896590921687107,5.5930280979067941],[-76.896598717946858,5.5930191963271261],[-76.896659752498564,5.59294949868017],[-76.896675850595685,5.5929265246278499],[-76.896698374177134,5.5928943800085769],[-76.896719076471328,5.5928648389443376],[-76.896771849994892,5.5927770209539203],[-76.896829768450061,5.5926691704160678],[-76.896860695573636,5.5925987249493456],[-76.896898037125482,5.5924656196867959],[-76.896914462169519,5.5923253704269618],[-76.896911238884584,5.5921837069158951],[-76.896887777981448,5.5920463586099993],[-76.896841566807865,5.5919194469902678],[-76.896812477972858,5.5918717836697338],[-76.896780300420929,5.5918190618420418],[-76.896742053886356,5.5917686485545532],[-76.89671636394948,5.5917404832969311],[-76.896654414129898,5.5916725606736275],[-76.896590008024788,5.5916179077363912],[-76.896504883842724,5.5915568092003047],[-76.896342815710355,5.5914559158399344],[-76.896262149592118,5.591411082074913],[-76.89615536375166,5.5913602711087256],[-76.895912735287638,5.591261935725778],[-76.89577820964017,5.5912136350390114],[-76.895634650214134,5.5911783037200493],[-76.895551093049392,5.5911661475272583],[-76.895485404911824,5.5911565922059268],[-76.895386947455037,5.5911490569636602],[-76.89528850303212,5.5911478467284983],[-76.895150169596874,5.5911592944871789],[-76.895016382718751,5.5911863672209217],[-76.894963235000816,5.5912020777060105],[-76.894831703828245,5.5912544593566373],[-76.894724175327241,5.5913152648507696],[-76.894661780497387,5.5913555652284952],[-76.894657550132493,5.5913582985607295],[-76.89455797552128,5.5914282946184519],[-76.894306141415115,5.5916332406566056],[-76.894132549293587,5.5917791993390997],[-76.893936391848413,5.5919298091584446],[-76.893839694610492,5.59199652556629],[-76.893604758799498,5.5921442336700045],[-76.893490752326045,5.5922107066220379],[-76.893377718316259,5.5922645264669342],[-76.893301599349726,5.5922954768367097],[-76.893183307392448,5.5923309133384471],[-76.893061357795546,5.5923505030671592],[-76.892959532497585,5.5923538117026395],[-76.892856595386135,5.5923468232990228],[-76.892724847907701,5.5923253723870268],[-76.89263876962373,5.5923064189714129],[-76.892186593230051,5.5921993980070122],[-76.891968853253786,5.5921478603679313],[-76.891809190653532,5.5921238487528102],[-76.891647699691049,5.5921129563971377],[-76.891487294993638,5.5921151838145198],[-76.891331088157386,5.5921316959178222],[-76.891182618289747,5.5921649315512409],[-76.891083948525946,5.5921992342119529],[-76.89106435595302,5.5922073581104801],[-76.891000926096325,5.5922336541775319],[-76.890919598354742,5.5922715338129247],[-76.890916263627275,5.5922732887128657],[-76.890827106191551,5.5923202163996235],[-76.890755420268178,5.5923653603214518],[-76.890745089933603,5.592371866932953],[-76.89065144204892,5.5924457114951833],[-76.890559730635871,5.5925335452063916],[-76.890486836020671,5.5926194155731137],[-76.890407797474722,5.5927371520345774],[-76.890357564398911,5.5928323682377474],[-76.890316664122921,5.5929408535954392],[-76.890286147684847,5.5930574570351688],[-76.890263496901795,5.5931802566482665],[-76.890246597750675,5.5933076637387824],[-76.890222540743835,5.5935918466319974],[-76.890216360475961,5.5936930015779085],[-76.890197448977929,5.5940025448208743],[-76.890184542489806,5.5941367670524178],[-76.890166685409596,5.5942685336430049],[-76.890142069193203,5.5943967965454062],[-76.890104130986515,5.5945362776722343],[-76.890055624494451,5.5946683751666617],[-76.890008235499081,5.594771453529277],[-76.889958883095787,5.5948675145864684],[-76.889905216863283,5.5949602435298065],[-76.889748396729956,5.5952063488835408],[-76.889638730833056,5.5953632060829461],[-76.889479172062948,5.5955667457462779],[-76.889370033595782,5.59569409292929],[-76.889268377497288,5.5958073026199813],[-76.88908698477492,5.5959947857550132],[-76.888976788732236,5.5961012556911509],[-76.88886044768401,5.596208105052618],[-76.888649488058576,5.5963901411692056],[-76.888389738450655,5.5965970705894907],[-76.88831576597606,5.596657430137614],[-76.888257281260223,5.596709972025967],[-76.888069385118868,5.5968908843369833],[-76.887898393097728,5.597087086028008],[-76.887852734978551,5.5971447970152388],[-76.887812334794177,5.5972019620170999],[-76.887803051296444,5.5972150965836027],[-76.887707485935465,5.5973638105807257],[-76.887605117359442,5.5975317972038114],[-76.887504999191762,5.5977106810618382],[-76.887451995612366,5.597812645712656],[-76.887408976110393,5.5979117367915672],[-76.887394660520329,5.5979447082998561],[-76.887288447115921,5.5982077840996709],[-76.887224759746772,5.5983259292881646],[-76.887134267372531,5.5984332310879577],[-76.887079141987883,5.5984744187039661],[-76.887021635760675,5.5985062531108269],[-76.887017291367101,5.5985086585301058],[-76.886895428353782,5.5985550226258542],[-76.886760383674414,5.5985878008538217],[-76.886615745257856,5.5986106714752424],[-76.886464343977707,5.5986264960966281],[-76.886149891506207,5.5986454638794578],[-76.885518602776202,5.598670933286483],[-76.885266521490593,5.5986876535589341],[-76.885155617915146,5.5986923880460981],[-76.885038473161529,5.5986925038007991],[-76.884921276440465,5.5986876256419249],[-76.884805012173729,5.5986776531260274],[-76.88466417539567,5.5986584881782893],[-76.884208863075628,5.5985837666125953],[-76.88415354373754,5.5985746870280364],[-76.884019257080368,5.5985572608552765],[-76.883929253006244,5.5985503003962576],[-76.88382002834382,5.598554082598203],[-76.883715221555292,5.5985736615510477],[-76.883618376439287,5.5986105406443016],[-76.883554163365787,5.5986490416196144],[-76.883504322465512,5.598686677008609],[-76.883457489939317,5.5987285318093267],[-76.883416786563828,5.5987712868210204],[-76.883374465310396,5.598824934079393],[-76.883336004296012,5.5988818713769071],[-76.883282818491367,5.598967321473352],[-76.883217127931502,5.5990728649372157],[-76.883143723873488,5.5991603463097617],[-76.88308342618474,5.5992057216995823],[-76.883019206363457,5.5992336753075875],[-76.88295003087066,5.5992471025409198],[-76.882855328831056,5.59924404412107],[-76.882807040640898,5.5992350387817744],[-76.882695539328637,5.599201358794156],[-76.882654771368152,5.5991844523444643],[-76.882355598333504,5.5990336795414715],[-76.882279163223572,5.5989913530624316],[-76.882038985814873,5.5988488082360091],[-76.882033771172402,5.5988459587822428],[-76.881880087490046,5.5987620361256134],[-76.881793074862273,5.5987225328059935],[-76.881681480897981,5.5986819166172452],[-76.881565648508428,5.5986499300729706],[-76.88143498235668,5.5986252068347735],[-76.881302893733576,5.5986112210268235],[-76.881228358721046,5.5986080718691866],[-76.881113699375533,5.5986102688125126],[-76.881001876523513,5.5986216390322125],[-76.880894517217428,5.5986431776394125],[-76.880789565810232,5.5986773633450264],[-76.880677190373149,5.5987322498138994],[-76.880615732813325,5.59877359380864],[-76.880561320530418,5.5988217689199384],[-76.880504480038198,5.5988922929926641],[-76.880465063154901,5.5989586273957013],[-76.880421117130027,5.5990568499998128],[-76.880390505766101,5.5991433947266431],[-76.880381442655747,5.5991713742854836],[-76.880307342069926,5.5994000539848985],[-76.880257535565278,5.5995207278033101],[-76.880193892422355,5.5996277115267397],[-76.880178229272843,5.5996476380300164],[-76.880120077380894,5.5997064341930063],[-76.880052874282924,5.5997532665792029],[-76.880035019962804,5.5997627983078031],[-76.879912731663111,5.5998060328543628],[-76.879777860974599,5.5998254368534912],[-76.879680160980556,5.5998278526204404],[-76.879580640397904,5.5998222170184251],[-76.879425694244489,5.5997997980499283],[-76.879200585450178,5.5997580865092926],[-76.878897806220635,5.5996944629071983],[-76.878837895669335,5.5996818727602884],[-76.878756012381132,5.5996668719701788],[-76.878614466452078,5.5996511659114576],[-76.878472590029261,5.5996490163380761],[-76.878333427998214,5.5996610288276445],[-76.878200206489424,5.5996887775389039],[-76.878090111185131,5.5997260129712583],[-76.877953793468919,5.5997819780137847],[-76.877946226153014,5.5997850846853057],[-76.877930947017774,5.5997922082672691],[-76.877846274277672,5.5998316861038804],[-76.877749946361561,5.5998844244026662],[-76.877663014281907,5.5999415420979544],[-76.87758111908235,5.600001750658933],[-76.87748975686219,5.6000689205780017],[-76.877040895403056,5.6004346488671173],[-76.876866927450209,5.6005640763664246],[-76.876763833647743,5.6006337854972861],[-76.876492251593717,5.6008009986084097],[-76.876413710553919,5.6008438516799757],[-76.876323422327388,5.6008869902627376],[-76.876138905811715,5.6009651334450989],[-76.876021011175524,5.6010126112491072],[-76.875933845095105,5.6010425359342086],[-76.875815989986421,5.6010753917782248],[-76.875693991496888,5.6011033051478609],[-76.875521456391283,5.6011368049180499],[-76.875150441843957,5.6011993051698807],[-76.874722069950323,5.6012871250052125],[-76.87456951668544,5.6013155493933384],[-76.874423763970128,5.6013384386886846],[-76.874273869614598,5.6013619775265324],[-76.874242019081521,5.6013687801026446],[-76.873933135679962,5.6014347501368853],[-76.873808485877674,5.6014675477616791],[-76.873746352284698,5.601487877713752],[-76.873687783677184,5.6015070427074116],[-76.873510266183629,5.6015806513426734],[-76.873318003740138,5.6016705333106671],[-76.873282722610142,5.6016893201534828],[-76.873080184076272,5.6017971678182876],[-76.87297467646188,5.6018462373687896],[-76.872888909531341,5.6018809472730213],[-76.872795384007745,5.6019074084752845],[-76.872710764419267,5.6019182128675036],[-76.872625796263549,5.6019170290682085],[-76.872543658429279,5.6019046857197106],[-76.872435245278439,5.6018742736725962],[-76.872315513251422,5.601831750993048],[-76.872197431807251,5.6017780720325181],[-76.872120955955921,5.6017329486457026],[-76.872027510925747,5.6016659846321781],[-76.871969516156895,5.6016207623546777],[-76.871893471238039,5.6015544678031022],[-76.871841143186188,5.6015015047790913],[-76.871742203873282,5.6013916030216144],[-76.87167308170342,5.601304658678897],[-76.871593975321261,5.6011826098097748],[-76.871534919501897,5.6010771900046672],[-76.871478012603546,5.6009444637662211],[-76.871436831236593,5.6008117237427752],[-76.871403131855146,5.6006728924394116],[-76.871342835786493,5.6003895600184617],[-76.871308883762381,5.6002510788938462],[-76.871267289086319,5.6001189149161847],[-76.871219364702341,5.6000017856756754],[-76.871194197299673,5.5999469497011241],[-76.871158507705601,5.5998691802273299],[-76.871118820409123,5.5997910561388116],[-76.871044925514724,5.599667881712131],[-76.870977191095591,5.5995798813541393],[-76.870908349850865,5.5995025369984814],[-76.870840903917028,5.5994365607919274],[-76.870751992954879,5.599366050974103],[-76.870694993656329,5.5993271344118964],[-76.870579508767008,5.5992626912719254],[-76.870498330563009,5.5992345426651857],[-76.870462678242632,5.5992221802407709],[-76.870395422260799,5.599209508521211],[-76.870337212852633,5.5991985413642107],[-76.870207115813045,5.5991896830796835],[-76.870076126577189,5.5991946551186116],[-76.869947929524798,5.5992135866276609],[-76.869826374861262,5.5992476991554767],[-76.869715678012682,5.5992993387440926],[-76.869608111075408,5.5993784458258622],[-76.869571039390152,5.599411807363154],[-76.869478366995679,5.5995110253218883],[-76.869423803965958,5.5995881475579319],[-76.869378738833873,5.5996639301964866],[-76.869374319218409,5.5996713601601495],[-76.869257380197297,5.5998855773962379],[-76.869208830248851,5.5999685463547912],[-76.869156520418912,5.600046222590275],[-76.869073335700094,5.6001410625687766],[-76.86899532416966,5.600205368725387],[-76.86891356191181,5.6002575646672277],[-76.868821114795011,5.6003023555657903],[-76.868738239426932,5.6003245901787428],[-76.868695613494154,5.600329292058869],[-76.868619487686544,5.6003267397382102],[-76.868545227506445,5.6003099532855591],[-76.86852727011285,5.6003034929689788],[-76.868426507734682,5.6002508694398401],[-76.868354034072496,5.600200036366159],[-76.86828396156298,5.6001395057472081],[-76.868254607636217,5.600110361377272],[-76.868215413140092,5.6000714487043854],[-76.868152609706556,5.6000034195816246],[-76.868143013789364,5.5999930284178498],[-76.868073947058079,5.5999096278649256],[-76.868003022228152,5.599811633110944],[-76.867826359376778,5.5995541483137545],[-76.867747609760215,5.5994216692387235],[-76.867698860930417,5.5993339038505665],[-76.867657495448213,5.5992509304831382],[-76.867614474631864,5.5991528089572924],[-76.867577281544399,5.5990550985856062],[-76.867515928535596,5.5988723542858123],[-76.867483827739406,5.5987569797110108],[-76.867458952330821,5.598650332461105],[-76.867419305267987,5.5984536508734548],[-76.867392562446241,5.598320986876046],[-76.867341368985407,5.5980981249229815],[-76.867304200405201,5.5979631621862191],[-76.867254424467987,5.5978100851315125],[-76.867193470366274,5.5976684331614734],[-76.867146017585668,5.5975849932720667],[-76.867096775281468,5.5975105163537631],[-76.867084043201558,5.5974912569904038],[-76.867015019309591,5.5973992088582687],[-76.866947493822281,5.5973225681547651],[-76.866868141488851,5.5972417814449207],[-76.86679224585356,5.5971728134589833],[-76.866734898251366,5.5971277600745006],[-76.866637364320383,5.5970601088266179],[-76.866577857047616,5.5970257066929605],[-76.866516693246865,5.5969903493077391],[-76.866433168204367,5.5969558836368218],[-76.8663449939298,5.5969292990971651],[-76.866237488260708,5.5969075403665665],[-76.866192690854632,5.5969020481359744],[-76.866076709032015,5.5968973402007061],[-76.86596108460401,5.596906134750645],[-76.865945731149765,5.5969092692204017],[-76.865932556652808,5.5969956497691289],[-76.865641615437667,5.5970869056639314],[-76.865575587496267,5.5973454512672713],[-76.865590633681407,5.5981426587625638],[-76.865595071142579,5.5990971674884786],[-76.865554150433951,5.5999170381479537],[-76.865703302879339,5.6006462252475977],[-76.866008711308723,5.6012287054833054],[-76.866525798126915,5.6015631444297114],[-76.867009565794646,5.6019426335416336],[-76.867235480182188,5.6023008596403603],[-76.867202722373676,5.6025031568346044],[-76.867024102942253,5.6026499700679704],[-76.866643616246975,5.6027753467774204],[-76.866307381739603,5.6027656557816563],[-76.865835953344757,5.602610740858478],[-76.865639408613845,5.6028142545362627]]],[[[-76.771008195685297,5.6062092026241892],[-76.771089485510288,5.6061504725237006],[-76.771202901444568,5.6060801673016112],[-76.771298531200443,5.6060361144210686],[-76.771381916720273,5.6060079596311239],[-76.771469328745511,5.6059849922878904],[-76.771594495940619,5.6059594053660664],[-76.771610579119937,5.6059561182735305],[-76.771757003856678,5.6059322138623386],[-76.772246097582638,5.6058618586900479],[-76.772469988978258,5.6058260656275882],[-76.772593403446692,5.605806335426105],[-76.772710781249117,5.6057920707101969],[-76.772827437778332,5.605784233262959],[-76.772973340342773,5.6057865471904984],[-76.773113774129129,5.6058034385086719],[-76.773245396429033,5.6058359727388449],[-76.773334216162951,5.60586949573183],[-76.77342274441294,5.6059070311169918],[-76.773592991248819,5.6059792117107756],[-76.773673724902096,5.6060082958596817],[-76.77378347416105,5.606036787198863],[-76.773817916665664,5.6060432827775868],[-76.773942232079435,5.606057707760546],[-76.77403170576406,5.6060593462432129],[-76.774072690523624,5.6060574272163901],[-76.774174085249612,5.6060446552073104],[-76.774274426673344,5.6060201807980956],[-76.774325670273072,5.6060010444435688],[-76.774354271227679,5.6059903643174103],[-76.774444093044934,5.6059427173476504],[-76.774620724965217,5.6058354970565727],[-76.774755518333535,5.6057748706841499],[-76.774887962257054,5.6057284773703069],[-76.775161537381749,5.6056404226591185],[-76.7752929164986,5.6055891027129592],[-76.775659706320667,5.6054090789849402],[-76.775742075386816,5.6053630089671849],[-76.775813759413296,5.6053170856180081],[-76.776333175504945,5.6049712293381049],[-76.776407152743218,5.60491973459966],[-76.776778868634111,5.6046353873803438],[-76.776834143477657,5.6046006506261348],[-76.77689161220556,5.6045719240520588],[-76.776960229616449,5.6045477329033329],[-76.777052707041832,5.6045265339058243],[-76.777288482718689,5.6044804671437038],[-76.777411372696463,5.6044505611535111],[-76.777531248374942,5.6044116864112432],[-76.777926712064229,5.6042437414832182],[-76.778049265409678,5.6041979725479329],[-76.778177214415152,5.6041578056663779],[-76.778379922926007,5.6041072174997222],[-76.778558737642967,5.6040678579542984],[-76.778654704213395,5.6040503270675952],[-76.778750791610889,5.6040370054720832],[-76.778836756506905,5.6040285924073441],[-76.779014412220619,5.6040168631585647],[-76.779126959537535,5.6040037918499479],[-76.779213609493908,5.6039858677601107],[-76.779237383372177,5.6039809513602732],[-76.779342322087359,5.6039459034755241],[-76.77943910926902,5.6038979294387978],[-76.779516120287937,5.6038515263058324],[-76.779589689102721,5.6037994136768248],[-76.779650122222534,5.6037477471705355],[-76.779704208784281,5.6036890949512177],[-76.779756177305856,5.6036125586197576],[-76.7798002550972,5.6035269198467059],[-76.779839087398599,5.6034345085965898],[-76.779869585501558,5.6033521734072433],[-76.779904290199553,5.6032488166316385],[-76.779960230726289,5.6030822138847043],[-76.780011876699874,5.6029485916640454],[-76.780049313616644,5.6028680755747953],[-76.780118815675749,5.6027426741420294],[-76.780159533842948,5.6026780145029829],[-76.780235205186358,5.6025730935040192],[-76.780308691163384,5.6024860293425993],[-76.78036670919245,5.6024227244824543],[-76.780420529047575,5.6023691510639608],[-76.78052793496893,5.6022756762970047],[-76.780593472949988,5.6022252176659997],[-76.780668509423634,5.6021743039103535],[-76.780745430908226,5.6021295874241579],[-76.780825405827642,5.6020906849798031],[-76.780904577983137,5.6020577208356901],[-76.781021542739651,5.602019098559424],[-76.781101717167402,5.6020058670432276],[-76.781196088876754,5.6020040641049489],[-76.781429779982034,5.6020262895821693],[-76.781696103096749,5.6020596292845353],[-76.78183082702094,5.6020804037781353],[-76.782108135848802,5.6021354016786571],[-76.782159637851606,5.6021456164346235],[-76.78226637248153,5.6021577633208608],[-76.782358129242638,5.602159466512397],[-76.782396986481615,5.6021573314770716],[-76.782481462919392,5.6021460397295746],[-76.782519998653441,5.6021375140035179],[-76.782588473823992,5.6021161473221621],[-76.782656579770475,5.6020854607358608],[-76.782715667517365,5.6020490510730276],[-76.782772895813451,5.602005940989617],[-76.782794177732427,5.6019880970756795],[-76.782909187858806,5.6018916832038919],[-76.783078887138714,5.6017622529132414],[-76.783146132980946,5.6017165810892253],[-76.783217780124474,5.6016760697807513],[-76.783292781978957,5.601640005112535],[-76.783397562104838,5.6015979944712742],[-76.783494305428093,5.6015698155758145],[-76.783593378012171,5.6015486510173096],[-76.783692036716886,5.6015329219257213],[-76.783892757060187,5.6015094825276188],[-76.78390786624874,5.6015077177567507],[-76.783996792569241,5.6014908396668464],[-76.784071745582338,5.6014645608035263],[-76.784125987699881,5.601426391674404],[-76.784145749699761,5.6013927233570522],[-76.784150950308756,5.6013838614194853],[-76.784157149594449,5.6013454783643928],[-76.784150948765799,5.6012996954820604],[-76.784134714977867,5.6012498920559031],[-76.784112021835853,5.6011948953760236],[-76.784083037254689,5.6011365637514237],[-76.783950785972877,5.600916250117133],[-76.783898335086135,5.6008313396876641],[-76.783839478866426,5.6007482180846466],[-76.783765041308627,5.6006617050958774],[-76.783739944565056,5.6006352930754817],[-76.783721351145189,5.6006157230161513],[-76.783630209588736,5.6005306427901429],[-76.783552228860216,5.6004705851838761],[-76.783486484818027,5.6004275406348523],[-76.783402849266622,5.6003826530189063],[-76.783334183810638,5.6003547093205972],[-76.78324548004943,5.6003283247091593],[-76.783128493118468,5.6003061587084879],[-76.783011977501801,5.6002954530699487],[-76.782928879370417,5.6002949580949926],[-76.782899456502761,5.60029478347231],[-76.78270324297003,5.6003055990684958],[-76.782630174875948,5.6003050383096085],[-76.782472512615939,5.6002947908924856],[-76.782398387642687,5.6002930403803068],[-76.782397240921242,5.6002930134763309],[-76.782318933210007,5.6002948471452063],[-76.782235654565213,5.6003009040376304],[-76.782114023996357,5.6003170043041663],[-76.782085372364364,5.6003223802845268],[-76.781764385833412,5.6003826192154431],[-76.781613565578297,5.6004048240012292],[-76.780990952091329,5.6004725963727413],[-76.780923879024726,5.6004815781589974],[-76.780838575113492,5.6004930022186006],[-76.780690965377872,5.6005188533971078],[-76.780550259789308,5.6005527703398368],[-76.780419026027687,5.6005979206629366],[-76.780334425966046,5.6006369241584739],[-76.780230305147128,5.6006920921556338],[-76.780206371883367,5.6007062523761073],[-76.779979828799284,5.6008402909717461],[-76.779910905437816,5.6008777591057983],[-76.779759555682276,5.6009526408179191],[-76.779642949985558,5.6010007082805098],[-76.779519479205888,5.6010416091203421],[-76.779377256466915,5.6010782232246896],[-76.779051405284903,5.6011422321285851],[-76.778820026158868,5.601187682330151],[-76.778690665520344,5.6012180706029087],[-76.77856476084861,5.6012547796583023],[-76.778396818125131,5.6013169294949954],[-76.778292590407673,5.6013607429044923],[-76.778105027699823,5.6014497248325945],[-76.777967253339924,5.601525500291058],[-76.777957533006671,5.6015308487005244],[-76.777690000637492,5.6016844429349959],[-76.777366191241299,5.6018590617592876],[-76.777305486085666,5.601894965880267],[-76.777263805223285,5.601919618684378],[-76.77725994217279,5.6019219030978684],[-76.777040692342595,5.6020765536479065],[-76.776798451523632,5.6022610255758494],[-76.776590756120129,5.6024135578779219],[-76.776469101370523,5.6025029016088901],[-76.776405316976351,5.6025497436692868],[-76.776121280078257,5.6027794491175555],[-76.776043344020223,5.6028354231412836],[-76.77596287076706,5.6028876477555887],[-76.775834188443937,5.6029618337198679],[-76.775725897522648,5.6030191090527968],[-76.775600652890162,5.6030751979221742],[-76.775514725386728,5.6031104845830342],[-76.775343118478446,5.6031809596574806],[-76.775245683762009,5.6032266083253282],[-76.775151927109263,5.6032766691136446],[-76.77504823893247,5.6033425651783713],[-76.774979166304391,5.6033963480153357],[-76.774902648797223,5.6034660620648271],[-76.774805086559212,5.6035647875508872],[-76.774757352332088,5.6036130901097678],[-76.774611901015788,5.6037507669919338],[-76.774542179344309,5.6038073616637423],[-76.774453312716318,5.6038702081268426],[-76.774387927429174,5.6039120593109937],[-76.774301849204562,5.6039598363323302],[-76.774187797328352,5.6040111271213373],[-76.77406768290659,5.604054182209663],[-76.773921344383041,5.6040959814859113],[-76.773622252855915,5.6041658305943907],[-76.773423297333821,5.6042073408014037],[-76.77331265986669,5.6042247272033441],[-76.773158734882188,5.6042425265607152],[-76.773001327792599,5.604254997662502],[-76.772899012839531,5.6042604729919026],[-76.772841339180445,5.6042635570277586],[-76.772516249471352,5.6042730099441833],[-76.77218718789797,5.6042766806604698],[-76.771690885492276,5.6042772423974059],[-76.771196359350455,5.6042728786421288],[-76.770871682851848,5.6042639694429122],[-76.770780343072957,5.6042593567618271],[-76.770712498471212,5.6042559273002537],[-76.770556635966614,5.6042441385177604],[-76.770405372283776,5.6042271481406365],[-76.770260434782386,5.6042030359372053],[-76.770124097718949,5.6041692812193968],[-76.770009223394666,5.6041273362899968],[-76.769891189927833,5.6040621313738832],[-76.769792166122258,5.6039799705871385],[-76.769703856195946,5.6038917587435115],[-76.769702265848537,5.6038901696526198],[-76.769610552862574,5.6038038716518805],[-76.769535932891515,5.6037477326550071],[-76.769490424751424,5.6037183311291443],[-76.769398256984985,5.6036691486971701],[-76.76930296289332,5.6036305875715957],[-76.76924595688628,5.6036133035098121],[-76.769169742265063,5.6035991188682246],[-76.76909250248876,5.603594719304767],[-76.768983755460027,5.6036026817731237],[-76.768911769130455,5.6036136069082305],[-76.768770134186525,5.6036351025360611],[-76.769031553818436,5.6038108989092263],[-76.769222826496119,5.6043151932376443],[-76.76922270791033,5.6045409515901365],[-76.769218861638777,5.6047177936990007],[-76.769271348437158,5.6048909023808253],[-76.769383918214146,5.6050790933318773],[-76.769657927441898,5.6053727228742876],[-76.769959829248407,5.6057409150628112],[-76.770495305482925,5.6054936898959555],[-76.771008195685297,5.6062092026241892]]],[[[-76.740512519245314,5.6124142159718087],[-76.74080361114973,5.6133940399858213],[-76.741569302617762,5.6140117073816533],[-76.742373805989217,5.6146305064992887],[-76.742988230093957,5.6150492647142345],[-76.743626223478188,5.6153665517561713],[-76.744396470377808,5.615683513793746],[-76.74503017892944,5.6160003652393478],[-76.746635564150324,5.6166593740889885],[-76.746497595879958,5.6159780616198391],[-76.746514589080221,5.6159606248049769],[-76.746512470916457,5.6159572752716622],[-76.746321923409738,5.6142604153639306],[-76.74622486187927,5.6140881755757048],[-76.753097899243144,5.6119135016834889],[-76.756712954984351,5.6120669414343709],[-76.757203280227486,5.6096431834237306],[-76.759305127937992,5.60764744274306],[-76.759454461125728,5.6076244261000001],[-76.759526226030502,5.6075010990151792],[-76.758896981654374,5.6067645921852218],[-76.759304961037685,5.6066781124894298],[-76.75951438474587,5.6068821610548998],[-76.759862887083713,5.6071593820461958],[-76.760281895413371,5.6072954622136573],[-76.760536940633543,5.6070387003889621],[-76.760728523619733,5.6068810294460762],[-76.761065066922853,5.6068830695980942],[-76.761337791640557,5.6068892165622559],[-76.761569722102436,5.6071105701685218],[-76.762011202670124,5.6069244393247253],[-76.762190000333334,5.6071533130946714],[-76.763048402430258,5.6076971412577468],[-76.763430442651398,5.6080520595053907],[-76.763481700376005,5.6084267458044224],[-76.763461008236433,5.6090798606630745],[-76.763418572434631,5.6099029993318084],[-76.765420055513374,5.6108808744074947],[-76.765449403120044,5.6108514751672178],[-76.765469872247792,5.6108297154038826],[-76.765614456998819,5.6106760196166254],[-76.765665424335012,5.610620718913494],[-76.765668327380169,5.6106175710350348],[-76.765777156703408,5.6104828030914655],[-76.765865538908088,5.6103631192298016],[-76.765916000214048,5.6102768986382907],[-76.765961301750764,5.6101856089323956],[-76.766023651577399,5.6100498321244689],[-76.766085040879943,5.6099068179419396],[-76.766124297873148,5.6097730530812315],[-76.766151855072252,5.6096277094489322],[-76.76617051261195,5.6094707021630699],[-76.766182205989011,5.6092835309566142],[-76.76618824301238,5.6090712247582051],[-76.766188312729966,5.6086142539356105],[-76.766168239925818,5.6077769800996826],[-76.766169489796454,5.6077467379375374],[-76.766194894736387,5.6077381448947445],[-76.76624026309149,5.6077507592841016],[-76.766300339545523,5.6077849798094519],[-76.766333452304494,5.6078103487561677],[-76.766401797192671,5.6078744484451448],[-76.766661925783566,5.6081658616177448],[-76.767108373153135,5.6086765321983503],[-76.767237062008547,5.6088175693614906],[-76.767344013676563,5.608927890330146],[-76.767437300009121,5.6090182709618484],[-76.767564585328273,5.6091323367211423],[-76.767678653388572,5.6092235296780135],[-76.767681519144332,5.6092255241518307],[-76.767696538775439,5.6092359761135979],[-76.767714882092918,5.6091942712082137],[-76.767771440797475,5.6091098392044785],[-76.767838536795281,5.6090197808253661],[-76.767900712336285,5.6089459056794899],[-76.76797588627575,5.6088583111835053],[-76.768040521100446,5.6087763439875049],[-76.768116042309842,5.608702119089938],[-76.768191912616857,5.6086412646736967],[-76.76827305064667,5.6085775966221654],[-76.768356997079366,5.6085192060879576],[-76.768432867329309,5.6084583516727458],[-76.768505928230923,5.6083922188452799],[-76.768568103626279,5.608318343728171],[-76.76862466305343,5.6082339117731683],[-76.768705840945202,5.6079668765884474],[-76.768703031624327,5.6079615990792906],[-76.768743437809221,5.6078722375858545],[-76.768749074666488,5.6077811108550861],[-76.768746284455375,5.607674147978468],[-76.768738227447088,5.6075700014367742],[-76.768746325445662,5.6074707826437971],[-76.768778651878947,5.6073789555062241],[-76.768810980124854,5.6072871301678724],[-76.768829961805181,5.6071956555005951],[-76.768829981873139,5.6070939710386991],[-76.768824733337382,5.6069951020181366],[-76.768782258027528,5.6069025579522185],[-76.768710979394356,5.6068321750020118],[-76.768624592187848,5.6067969738822336],[-76.768535396573299,5.6067564943187991],[-76.768441630513294,5.6067455684138228],[-76.768337327185066,5.6067402697537423],[-76.768243910204149,5.606742715194752],[-76.768150143219273,5.6067317892435486],[-76.768056028045805,5.6067074927870371],[-76.767982289252714,5.6066452017319133],[-76.76795596727564,5.6065575871094806],[-76.76798021778248,5.606463296961004],[-76.768004427193716,5.6064330657974386],[-76.767990662994748,5.6064243883761211],[-76.767898142770107,5.6063740359885523],[-76.767893237454828,5.6063424699158872],[-76.767940531324129,5.6062714777696785],[-76.767926778973305,5.6062122894765523],[-76.767869832253737,5.6061468828778613],[-76.767990033152017,5.6061093195263556],[-76.768215430085178,5.6059965608478972],[-76.768519741055485,5.6058010648902155],[-76.768512338341296,5.6055941153140525],[-76.768392286824394,5.6053494804732162],[-76.768230889764595,5.6051687878151464],[-76.76822356961344,5.6048038085828678],[-76.768216156265311,5.6046194358577379],[-76.768216342841015,5.6042619859366329],[-76.768194043893615,5.6038179830166639],[-76.7682276480122,5.6036913522775844],[-76.767500169003,5.6036852412624736],[-76.767489385157575,5.6036041341817731],[-76.767470221340758,5.6035178748523506],[-76.767424590893967,5.6033486244932416],[-76.767371221880765,5.6031141767465353],[-76.767295956713255,5.6027245707790998],[-76.767254944654653,5.6025340132165065],[-76.767207902970512,5.6023636429889407],[-76.767156663234275,5.6022380390551216],[-76.767151964268038,5.6022265180731781],[-76.767102485915544,5.6021446116494555],[-76.767063948748103,5.6020891282941108],[-76.766973123421721,5.6019706723982035],[-76.766966173219885,5.6019616078250811],[-76.766789485828426,5.6017789442537405],[-76.766683934617916,5.60168340108899],[-76.766497113509132,5.6015301814441125],[-76.766285761751718,5.601382687059596],[-76.766234735421747,5.6013424439128832],[-76.766120120984979,5.6012317402226532],[-76.76607645043606,5.6011852338171852],[-76.766014666189619,5.6011117047270718],[-76.765969117390142,5.6010454149418054],[-76.765906891578695,5.6009377406068372],[-76.765797565817365,5.6007344047875689],[-76.765769912257383,5.6006786326102747],[-76.765735352034298,5.6005966795116739],[-76.765704586184313,5.6005108521666971],[-76.76559678179467,5.6001720565344817],[-76.765537997867881,5.6000040821855404],[-76.765517184317162,5.599931742332644],[-76.765498942978454,5.5998568139596685],[-76.765472433777035,5.5997253085894991],[-76.765382654006416,5.599185810552628],[-76.765354782624016,5.5990581908140982],[-76.765310210950489,5.598882147099383],[-76.765287328244312,5.5987572487294184],[-76.765272340058274,5.5986273064513696],[-76.765264318687699,5.5984942624354623],[-76.765262924574003,5.5983471871116537],[-76.765269137299072,5.5982008142190844],[-76.765283083340009,5.5980598308249103],[-76.765305755472724,5.5979240110986934],[-76.765347206949869,5.5977452583836511],[-76.765373146879455,5.597606945027656],[-76.765393346107459,5.5974619144816122],[-76.765409531508183,5.5973122471654948],[-76.765449603138521,5.5968531275418538],[-76.765465292442883,5.5967022713708889],[-76.765485003432147,5.5965554459671036],[-76.765503537713059,5.5964497804811799],[-76.765526438415961,5.5963484930362384],[-76.765576646377397,5.5961730227888662],[-76.765607776236521,5.5960499896138254],[-76.765690722781031,5.5956709602109926],[-76.765722937541383,5.5955492747026101],[-76.765755484418634,5.5954508702073493],[-76.765774244534256,5.5954032486134793],[-76.765912482670259,5.5950697780628911],[-76.765954938753126,5.5949752220122546],[-76.766031209408808,5.5948265059460311],[-76.76617427524954,5.594519773486776],[-76.766252718157332,5.5943733057079958],[-76.766397795859149,5.5940686970867324],[-76.766476992795447,5.5939230165041538],[-76.766625143250792,5.5936215128650986],[-76.766707676727549,5.5934791621932174],[-76.766809146672955,5.5932923902795428],[-76.766869964183584,5.5931917135436384],[-76.766903827906802,5.5931436950938949],[-76.767058411122974,5.5929433507773485],[-76.767273231154121,5.5926949566635278],[-76.767379530845048,5.5925762141138096],[-76.767580427006152,5.5923271085552315],[-76.767711697413318,5.5921291376145934],[-76.767761184410048,5.5920580120023713],[-76.767806315915891,5.5920003909911697],[-76.76796360793287,5.5918104247186102],[-76.768178350323538,5.5915750671833431],[-76.768288609352027,5.5914602556364725],[-76.768502894291373,5.5912244432343572],[-76.768654571629639,5.5910386158286105],[-76.76870334242156,5.5909748946693929],[-76.768768900718626,5.5908752017773482],[-76.768877858847631,5.5906996036850307],[-76.768971365400716,5.590568159634933],[-76.769152786813081,5.5902997238197694],[-76.769205194527316,5.5902078557804353],[-76.769304001965011,5.5900181601336474],[-76.769391545919959,5.5898639392318401],[-76.769539282252779,5.5895620652975158],[-76.769618716120604,5.5894166500826863],[-76.769764629883426,5.5891129646542108],[-76.769843489483719,5.588966981531966],[-76.769886821680913,5.5888777249189268],[-76.769969832065215,5.5886955777559253],[-76.770062375360936,5.5885114692580666],[-76.770107699131984,5.588406948769979],[-76.770221831695494,5.5881090913134024],[-76.770250934606921,5.5880258485862742],[-76.770285655678251,5.5878882733883293],[-76.770309807714597,5.5877402047096076],[-76.770317126462999,5.5876699220684447],[-76.770326046826668,5.5875842805054416],[-76.7703309193965,5.5875083874483904],[-76.770336434956491,5.5874225501355896],[-76.770345606311722,5.5870875658404877],[-76.770345915999485,5.5867437829795756],[-76.770337038864156,5.585702694550096],[-76.770343326160784,5.5853648434780983],[-76.770351697185987,5.5852011077247665],[-76.770365489224162,5.5850427519635186],[-76.770386747868713,5.5848918112212136],[-76.770418153615168,5.5847509377595168],[-76.770455732170959,5.5846408031679733],[-76.770489209040079,5.5845695966037292],[-76.77053195915731,5.5844922003987767],[-76.770617697325562,5.5843530368536456],[-76.770906676346939,5.583967058999348],[-76.77104843962168,5.5837538710049603],[-76.771118201299274,5.5836613590472224],[-76.771269848390475,5.5834864104842969],[-76.771328673808085,5.5834248746477089],[-76.771482132652949,5.5832755734473452],[-76.771576205370067,5.5831908983867073],[-76.771770793035643,5.5830299036338831],[-76.771940395453328,5.5829108066933166],[-76.77203275164392,5.582840742624116],[-76.772091825238036,5.5827870212920239],[-76.772148109245109,5.5827305039186657],[-76.77220307771249,5.5826726494254562],[-76.7722549725909,5.5826117054131732],[-76.772314595408204,5.5825262186508091],[-76.772368901130946,5.5824353855677185],[-76.772510317768749,5.5821895729981845],[-76.772551972995458,5.5821026945043553],[-76.77268286812216,5.5817780537533972],[-76.772707522882655,5.5817083561764784],[-76.772743243766783,5.5815702593705723],[-76.772768106923976,5.581421601399585],[-76.77278479064293,5.5812652530692946],[-76.772795293451239,5.5811035007519143],[-76.772801028760838,5.580938187560089],[-76.772802919409401,5.580770838266222],[-76.772796724506165,5.5804352772249635],[-76.772788426053054,5.5802695710558652],[-76.772775865682888,5.5801070484949804],[-76.772757918904489,5.5799493206170814],[-76.772732981102834,5.5797983266859514],[-76.772698898883135,5.5796564510910018],[-76.77261000748274,5.5793781177679502],[-76.772519124814735,5.5790584554871758],[-76.772485456234563,5.5789562617009052],[-76.772423935821081,5.5787898117740076],[-76.77238971810786,5.5786788409286947],[-76.772360006877292,5.5785633149402232],[-76.772273588495977,5.5781831062744498],[-76.772240860733845,5.5780602811290674],[-76.772193845570868,5.5779040401619966],[-76.772173449354071,5.5778233652238036],[-76.772146402928087,5.5776808175182309],[-76.772126613350252,5.5775312307297469],[-76.772112456652721,5.5773764783244371],[-76.772102750262704,5.5772181103432024],[-76.772096681405799,5.5770574333320662],[-76.772093925324185,5.5767337297905888],[-76.772097289023904,5.5765728883692063],[-76.772104402244096,5.576414284170176],[-76.772116158919985,5.5762592958653583],[-76.772133875669809,5.5761095766566671],[-76.7721593538283,5.5759671703740246],[-76.77219497370784,5.5758345930496604],[-76.772225322170883,5.5757517229951947],[-76.772344127026358,5.575455154098103],[-76.772391102045049,5.5753510500008492],[-76.77246899242401,5.5752022748545702],[-76.77260518330138,5.5749140318626988],[-76.772692785234483,5.5747460249493033],[-76.772733162913653,5.5746575150238868],[-76.772863720251777,5.5743321920980957],[-76.772888910158187,5.5742624154340943],[-76.772924649224564,5.574128749275042],[-76.772949962511817,5.5739852234855984],[-76.772967206894563,5.5738344933162294],[-76.772978134019453,5.5736787248253004],[-76.772983954257498,5.5735197290263079],[-76.772985409530847,5.5733590743042294],[-76.772982801929331,5.5731981918908753],[-76.77297603050792,5.5730384921245761],[-76.772964563016885,5.5728814540352474],[-76.772947442927034,5.5727287372796495],[-76.772923222565112,5.572582297260035],[-76.77288992942394,5.5724444729376756],[-76.772802889117159,5.5721764392243536],[-76.772708162988408,5.5718558987439062],[-76.772670855180948,5.5717490591701315],[-76.772605502315429,5.5715863801950043],[-76.772571331572024,5.5714890442530587],[-76.772478505302459,5.5711726373857458],[-76.772392049099153,5.5708995577617575],[-76.772367019901935,5.5707931956334331],[-76.772349081610514,5.5706819033119501],[-76.77233490182455,5.5705301022050921],[-76.772330546436308,5.5703755848690273],[-76.7723357710925,5.5702214422822269],[-76.77235121522034,5.5700708392257017],[-76.772371337687943,5.5699579708009352],[-76.77241533713935,5.5697829588690917],[-76.772443688307632,5.569652510891471],[-76.772467653757275,5.569516446847917],[-76.772531451768032,5.5690961359901898],[-76.772557197529196,5.5689572700668917],[-76.772593402065624,5.5688090372716967],[-76.772659333254595,5.5685873703439501],[-76.772708592024344,5.5683973916158696],[-76.772811337935948,5.567948165062794],[-76.772832115799019,5.5678573184163334],[-76.772870553117343,5.567727879630441],[-76.772881776507958,5.5676978130955206],[-76.772919378169931,5.5676267893769671],[-76.772926401438824,5.5676190384529685],[-76.772943664444995,5.5676082742642805],[-76.772957147400319,5.567612493670806],[-76.773134432984065,5.5676146858538003],[-76.773252979150712,5.5676125829879473],[-76.773389460308877,5.5676069957571706],[-76.773536735753012,5.5675966017832135],[-76.773687596618046,5.5675799906310788],[-76.773834742337243,5.5675556468025418],[-76.773970850469794,5.567522016115003],[-76.774099848486074,5.5674757690640542],[-76.774368920824784,5.5673563177157472],[-76.774453089766439,5.5673146756767879],[-76.774598012452131,5.5672350041135061],[-76.774688080367525,5.5671957309115294],[-76.774772765356943,5.5671653215275754],[-76.775033591202742,5.5670800462859749],[-76.775146161863375,5.5670482840367379],[-76.775264586026736,5.56702079909003],[-76.775387210704025,5.5669967531595299],[-76.775640160556833,5.5669570645614979],[-76.775768618632554,5.566941069929074],[-76.776143181381855,5.5669024134938248],[-76.776264799677008,5.5668873440415299],[-76.776383172111466,5.5668684429084125],[-76.776497041511448,5.566843763926796],[-76.776693227979109,5.5667894148214883],[-76.776892778201301,5.5667398718850487],[-76.776994201944888,5.5667178708142071],[-76.77730277673399,5.5666595963453167],[-76.777494259693782,5.5666175020461868],[-76.77758988840877,5.5665992632350685],[-76.777687564988625,5.5665868152731335],[-76.777775189192184,5.5665815795742093],[-76.777885100919065,5.566581062027633],[-76.778004590793174,5.5665848773036934],[-76.778252792366828,5.5665991953887293],[-76.778393113304361,5.5665997134407208],[-76.778526591960997,5.5665904599677738],[-76.778592902910901,5.5665800870606086],[-76.778644465772786,5.5665720195195787],[-76.778738542911114,5.5665454290340604],[-76.778770680715851,5.5665288158561159],[-76.778801829426712,5.566512713839983],[-76.778825533300193,5.566488877907501],[-76.778833392647996,5.5664681247023697],[-76.778831047356633,5.5664590973727908],[-76.779023200787492,5.5664582187552227],[-76.779028907810869,5.5664581920519396],[-76.779045611235603,5.5664567916337617],[-76.779075771132682,5.5664704221239747],[-76.779115708927208,5.5665000282596448],[-76.779222630772537,5.5666021105227061],[-76.779281622928266,5.5666684086115978],[-76.779340132003725,5.5667473924174153],[-76.779380067468026,5.5668100280911785],[-76.779396549511958,5.5668358790315207],[-76.779554599593709,5.5671085259451489],[-76.77959945956799,5.5671915301584738],[-76.779608774163961,5.567208765820812],[-76.779644673362384,5.5672925039571579],[-76.77966362241834,5.5673523186053364],[-76.779753746985264,5.5676367828128859],[-76.779787390336608,5.5677225076868408],[-76.779860779832887,5.5678746350995807],[-76.779893001283483,5.5679492848802044],[-76.779956665360174,5.568111244047909],[-76.779992152227038,5.568194465478487],[-76.780040592911178,5.5682969725920666],[-76.780064525459068,5.5683476188755678],[-76.780095406047948,5.5684282202815183],[-76.780103416955754,5.5684544046123738],[-76.780174415234143,5.5686864899839472],[-76.780202508118535,5.5687725908631593],[-76.780234478654663,5.5688547673976609],[-76.780308213350679,5.5690065464879313],[-76.780412303278695,5.569242714984985],[-76.78043863857971,5.5692944402789042],[-76.780449693568173,5.5693161565400775],[-76.78062520994807,5.5695991458042755],[-76.780673239509255,5.5696676460178614],[-76.780720469590321,5.5697213600970352],[-76.780777409527673,5.5697699790003554],[-76.780840384430647,5.5698124905286956],[-76.780915904970485,5.5698562742042501],[-76.780919400067091,5.5698582050659367],[-76.781088527389684,5.5699517093466238],[-76.781139707320477,5.5699764503103095],[-76.781230329761371,5.57001011557296],[-76.78132791676245,5.5700367409317808],[-76.781671807064953,5.5701050188976264],[-76.781811299047746,5.5701360743027273],[-76.781950614354344,5.5701737430146885],[-76.78217364910968,5.5702449802397584],[-76.782280869050481,5.5702746328222261],[-76.782395324036742,5.5703021880072461],[-76.782603995919729,5.5703524263707624],[-76.782634923129649,5.5703656442728775],[-76.782638930280442,5.5703754699930075],[-76.782641564024573,5.5703881437666141],[-76.782679449011496,5.5704050862983667],[-76.782750059427173,5.5704221714830826],[-76.782842816865042,5.5704368014992696],[-76.782848343991574,5.5704376744347828],[-76.782965326782431,5.5704494078542695],[-76.782991466764031,5.5704520302061313],[-76.783065596551154,5.5704558430125957],[-76.783156479412682,5.5704605161466807],[-76.783334442826785,5.5704613456847563],[-76.78351625895931,5.57045268451746],[-76.783692694002426,5.5704326098247341],[-76.783854430797035,5.5703991307017571],[-76.783982325450751,5.5703572143192579],[-76.784010012246327,5.5703453750206213],[-76.784065170089619,5.5703217863092833],[-76.784148529779316,5.5702861409560684],[-76.784252501367902,5.5702348033006999],[-76.784350434191126,5.5701774404465656],[-76.784416011566307,5.5701304026983109],[-76.784603523691246,5.5699801059615064],[-76.784836328396224,5.5697626156783127],[-76.785061685754386,5.5695377456767217],[-76.785171558782977,5.569422534675228],[-76.785284076889681,5.5693099544299534],[-76.785503702212097,5.5690794311970748],[-76.78571733518713,5.5688429719219457],[-76.785768232791838,5.5687813638911727],[-76.785917124894368,5.5685927768460841],[-76.785965783958787,5.568520680674359],[-76.786058803350087,5.5683722210604918],[-76.78612291068589,5.5682808039420388],[-76.786279239616974,5.5680776262920206],[-76.78639108932515,5.5679419701230968],[-76.786585835129401,5.5676867704132285],[-76.786761431191209,5.5674125581956462],[-76.78693329777623,5.5671866275426805],[-76.787058219052412,5.5670343794950581],[-76.787205330655908,5.5668440115791897],[-76.787253540221613,5.5667797262134835],[-76.787431094869845,5.5665074133484298],[-76.7876316819153,5.5662579242716417],[-76.787828588573973,5.566041455654319],[-76.787838190227177,5.5660308985679059],[-76.788066809784837,5.5657923927721029],[-76.78862509677684,5.5652236056641495],[-76.789179406714126,5.5646490069935144],[-76.789406148892098,5.5644251564883307],[-76.789584340309403,5.5642678664399527],[-76.789645266926513,5.5642179166026633],[-76.789709637837234,5.5641721058708917],[-76.789832523582106,5.564095915536833],[-76.789915715586261,5.5640540347777563],[-76.790041973550075,5.5640133497401676],[-76.790179449408697,5.5639902724596677],[-76.790193384077355,5.5639894928461668],[-76.790323059570312,5.5639822402657799],[-76.790468225355866,5.56398798312396],[-76.790610576773446,5.5640074307212242],[-76.790635570678674,5.5640130033252051],[-76.790784321918792,5.564046169485672],[-76.790932469206908,5.5640730000592464],[-76.7910897329633,5.5640930423562658],[-76.791253442447342,5.5641073972281392],[-76.79142138353717,5.5641168302659336],[-76.791591628220985,5.5641217467092794],[-76.791762392766628,5.5641221408856847],[-76.79193185086821,5.5641175522611048],[-76.792102134136755,5.5641064382485323],[-76.792289927119242,5.5640846511621023],[-76.792487047376127,5.564051013731854],[-76.792735668064623,5.5639985139891639],[-76.792907939446025,5.5639688609000606],[-76.793077724652676,5.5639463226594952],[-76.793237343202279,5.5639299860839992],[-76.793379163674288,5.5639189981868986],[-76.793563349570249,5.5639104645732909],[-76.793565001174358,5.5639103880119176],[-76.793575202913061,5.5639107855617187],[-76.793627521555209,5.5639128280833043],[-76.793667170232496,5.5639132797685971],[-76.794492821013719,5.5639227119178338],[-76.794618692188493,5.5639241494958904],[-76.794804057729095,5.5639223735378076],[-76.794974224510426,5.563915541766872],[-76.794990056216321,5.5639139000521247],[-76.795111282171746,5.5639013250653768],[-76.79513664895012,5.5638967610468333],[-76.795202199054074,5.5638849647430293],[-76.79528877428578,5.5638622785464777],[-76.7953692929661,5.5638310641613788],[-76.79541911994302,5.5638046919380848],[-76.795643580135419,5.5636634888660534],[-76.795958916169127,5.5634493208728193],[-76.796025473603692,5.5633987466167287],[-76.796067351635855,5.5633595590033247],[-76.796225055562246,5.563196746407721],[-76.796263069245057,5.5631537006047846],[-76.796298774331646,5.5631055457964464],[-76.796410492141192,5.5629364563445245],[-76.796457297404899,5.5628729621954678],[-76.796519648497068,5.5627965807167117],[-76.796663044999931,5.5626326593476909],[-76.796850301678845,5.5624290463736132],[-76.79699201531318,5.5622749556120121],[-76.797132621691517,5.5621220676349408],[-76.797271196490016,5.5619815355942386],[-76.797277226572959,5.5619754192301585],[-76.797316560940928,5.5619355274155389],[-76.797463320247459,5.5617866969277854],[-76.797560785779666,5.5616891258739907],[-76.797612620233579,5.5616415146335907],[-76.797664541634674,5.5616412747766848],[-76.797867709130983,5.5616403363006413],[-76.797882271716347,5.5616385582480161],[-76.797915365073479,5.5616250006247441],[-76.798014538810691,5.5615724028257594],[-76.798340848691993,5.5614111728459577],[-76.79853188041146,5.5613085537895817],[-76.798921517283247,5.5611161053694689],[-76.799080212757644,5.5610283403094556],[-76.799382782735023,5.5608801956912144],[-76.799527732137022,5.5607998338810631],[-76.799831890073023,5.560653267398445],[-76.799978709698706,5.5605747618908659],[-76.800444577357311,5.5603644731845909],[-76.800557453721225,5.5603219768071197],[-76.800822985146894,5.5602400994210894],[-76.800954019646824,5.5601974425425071],[-76.801119593632649,5.5601375567871294],[-76.801214906230499,5.5601090723425415],[-76.801313940525318,5.5600842780919155],[-76.801706511738985,5.5599990858984336],[-76.80184600399798,5.5599616607408402],[-76.802016065897874,5.5599062303858942],[-76.802110040879825,5.5598795804272543],[-76.802452104478135,5.5598002060325458],[-76.802595483769423,5.5597634772102653],[-76.802730617676929,5.5597185631331909],[-76.80280805500017,5.5596836802362741],[-76.802875471913808,5.5596533085597111],[-76.803088428689392,5.5595573753432301],[-76.803191364659156,5.5595031915793109],[-76.803260416278619,5.5594596132222618],[-76.80346248051967,5.5593238223677579],[-76.80359388575765,5.5592300137355908],[-76.803763517569919,5.5591257296907663],[-76.803884073798628,5.5590442462059082],[-76.803959709128193,5.5589836933737757],[-76.804123492980551,5.558843343574865],[-76.804199488278613,5.5587752841729623],[-76.804253537376553,5.5587232345988919],[-76.804288777667509,5.5586892976470201],[-76.80443739465737,5.5585433674442237],[-76.804516158662736,5.5584597516057945],[-76.804575076268961,5.5583815972015156],[-76.804612869447752,5.5583048361655774],[-76.804624860949957,5.5582495813448531],[-76.804619399746215,5.5582297660087576],[-76.804704710300101,5.5582293716504036],[-76.804720098883593,5.5582243272974248],[-76.804739610624821,5.5582076116596584],[-76.804870014149316,5.5580714877414472],[-76.805046078941075,5.5578598623533511],[-76.805110100023256,5.5577781423616086],[-76.805352111885895,5.5574249601989392],[-76.805548102217898,5.5571744028039998],[-76.805593186247094,5.557121131542373],[-76.805785080552482,5.5569037321581174],[-76.806218080559105,5.5564329016656275],[-76.806403496053463,5.5562418595768852],[-76.806482013396121,5.5561684660216759],[-76.806549378719424,5.5561214968497303],[-76.806613853216405,5.556091285914964],[-76.806717636101013,5.5560628846846383],[-76.806827928417491,5.5560513661204798],[-76.806917348470478,5.5560533842260433],[-76.80700586929116,5.5560651130458787],[-76.807064574526478,5.5560783355992944],[-76.807365463294857,5.5561590307913535],[-76.807568322166119,5.5562190786951975],[-76.80766318708487,5.5562547718059889],[-76.807694200083503,5.5562690553392846],[-76.807818122788376,5.5563261252621183],[-76.808053951933431,5.5564295504112851],[-76.808132725045169,5.5564671479682746],[-76.80828149332639,5.5565464859488793],[-76.808588730418563,5.5566943728241478],[-76.808735174181976,5.5567749438151717],[-76.809038119995918,5.5569247300034075],[-76.809181678850962,5.5570071255049918],[-76.809380947981822,5.5571119797686368],[-76.809474454788912,5.557165461908113],[-76.809860621162542,5.5574283518499943],[-76.809876573409213,5.557439209779079],[-76.810157642364274,5.5576081081323307],[-76.810552733566567,5.5578879246599664],[-76.81058633613678,5.5579088050015413],[-76.810754622256511,5.5580133710475579],[-76.810828046409341,5.558062294966799],[-76.811078573925457,5.5582616803003759],[-76.81131543868328,5.5584748581471102],[-76.811536257363016,5.5586820431756641],[-76.811663750551674,5.5588016605005048],[-76.811901603207417,5.5590138110047729],[-76.812086124838089,5.5591676697602068],[-76.812142077883649,5.5592233092948549],[-76.812208442690121,5.5593063913847383],[-76.81228989629615,5.559432205669677],[-76.812415345848905,5.5596259800092511],[-76.812463993476612,5.5597152314360789],[-76.812568612615721,5.5599236656490936],[-76.812649015024903,5.5600686985296086],[-76.812797879219218,5.5603708345688112],[-76.81300266067521,5.5607313705561356],[-76.813046301678398,5.5607986293254434],[-76.813096861448429,5.5608649890459896],[-76.813185314795689,5.5609705053965683],[-76.813229004498837,5.5610187478249005],[-76.813251597363418,5.5610436994969445],[-76.8133845134561,5.5611667890307519],[-76.813489516942553,5.5612557774776077],[-76.813564365288954,5.5613089699552445],[-76.813758257852029,5.5614366890835356],[-76.814012548231545,5.5616322146958179],[-76.81413600872456,5.5617337032358583],[-76.814338504249889,5.5618872786802855],[-76.814392909551543,5.561926592828585],[-76.814470823992039,5.5619765405123314],[-76.814671170386106,5.5620978843336957],[-76.815066392125914,5.5623772482627096],[-76.815181014289408,5.562448184589889],[-76.815272381548311,5.5625047264406877],[-76.815342027053987,5.5625512164942297],[-76.815434563906393,5.5626229387293966],[-76.815460802618006,5.5626444007787148],[-76.815591698990204,5.5627514645808533],[-76.815639706562237,5.5627960006076078],[-76.815825212187349,5.5629680851457435],[-76.816050201294573,5.5631933755962626],[-76.816269012491531,5.5634249819027426],[-76.816480583719411,5.563663965688538],[-76.81663428416401,5.5638513570209795],[-76.816688808684958,5.5639063022278235],[-76.816764860038703,5.5639662235447984],[-76.816847938414455,5.5640189798462822],[-76.816961963412908,5.5640825100096967],[-76.81699535249588,5.5640994248851543],[-76.817014775584866,5.5641092647765422],[-76.817051475088419,5.5641235285807715],[-76.817131729340858,5.5641547217215201],[-76.817293658866816,5.564189842744355],[-76.817475917740637,5.5642065447720865],[-76.8176622470518,5.5642075185596163],[-76.817845868107014,5.5641956742594374],[-76.81801611777756,5.5641732365342556],[-76.818159447925368,5.5641429851565318],[-76.818166076821797,5.5641415849321891],[-76.818280477275437,5.5641040278125429],[-76.81834976339988,5.5640645544021545],[-76.818367526582747,5.5640409452608495],[-76.818362313330994,5.5640236048875167],[-76.818411089510562,5.5640241221186866],[-76.818472645186063,5.564015465744907],[-76.818503972927957,5.5640057149462461],[-76.818531871516996,5.5639909755042689],[-76.818552456357281,5.56397249168963],[-76.818568106833865,5.5639506824289509],[-76.818606678411768,5.5638631090573112],[-76.818630912769521,5.5638355921163631],[-76.818660894197407,5.563817502499167],[-76.818762599257482,5.5637801143570247],[-76.818785670122395,5.5637676782250702],[-76.81880598164831,5.5637520921797963],[-76.818841618515734,5.563719199653355],[-76.818879635888635,5.5636841099875092],[-76.818892780193238,5.5636703015127322],[-76.81900990098633,5.5635472889883317],[-76.819067500943405,5.5634506044744922],[-76.819079082121661,5.5634311685656801],[-76.819107747798299,5.5633914763363306],[-76.819140458600302,5.5633624171599543],[-76.819194167880539,5.5633285477740282],[-76.819212872876847,5.5633117801594505],[-76.819228929308721,5.5632912912052825],[-76.819246429613969,5.5632526674156866],[-76.819254179531086,5.5632229194521017],[-76.819261800149377,5.5631663173337733],[-76.819263972705343,5.5631182525025817],[-76.819482386583687,5.5631172371325537],[-76.819494534557435,5.5631171809317976],[-76.819513948653452,5.5631192195810364],[-76.819569917132227,5.5631048444363378],[-76.819826714617136,5.563016082598546],[-76.81996418146494,5.56297748359344],[-76.819964473854682,5.5629774022312484],[-76.819965604354138,5.5629771691440348],[-76.820118423748895,5.5629455791364757],[-76.820282021106863,5.5629231381444395],[-76.820482030483134,5.5629113685381251],[-76.820671814531934,5.5629193618957897],[-76.820830247513243,5.5629482603164195],[-76.820954293567993,5.5630006535088139],[-76.821018023067992,5.5630496380400851],[-76.821073689772305,5.5631050411609886],[-76.821123253335728,5.5631642557819205],[-76.821166546182809,5.563230080550543],[-76.821183112118518,5.5632619481370078],[-76.821231542225362,5.5633942858658711],[-76.821263593000012,5.5635428686339186],[-76.821283928622051,5.5637024078977877],[-76.821294708306027,5.5638541808725366],[-76.821295759293577,5.5638689763671199],[-76.821300411075242,5.5639999509963909],[-76.821300411309792,5.5641855713975179],[-76.821300411667536,5.5642648222902631],[-76.821294705819028,5.5644281128015587],[-76.821284348158414,5.5645889808983195],[-76.821268515640668,5.5647457270211182],[-76.821245879104907,5.5648964354612165],[-76.821214551992909,5.5650388491734901],[-76.821162102800287,5.5652156064013756],[-76.821142064671236,5.5652910321254447],[-76.821127797620889,5.5653447379655159],[-76.821066537056424,5.5656099464085864],[-76.821034251484463,5.5657407237372727],[-76.82100495722743,5.5658423601377178],[-76.820970956632678,5.5659392808119197],[-76.820862351749582,5.5661930573480038],[-76.820805723527911,5.5663253806602775],[-76.820763882823897,5.5664175870085142],[-76.820687581172265,5.5665698105878834],[-76.820632378309796,5.5666971869614601],[-76.820519899904696,5.5669826514059517],[-76.820492843949665,5.5670578717146775],[-76.820492033074359,5.5670609815656489],[-76.820456297453163,5.5671980429446508],[-76.820431766063308,5.5673479836405582],[-76.820416999969012,5.5675043148480734],[-76.820410629844147,5.5676640654810994],[-76.820412106011318,5.5678244632156222],[-76.820421292700772,5.5679762195468721],[-76.820421689181202,5.5679827566544038],[-76.820440468791602,5.5681359849367533],[-76.820458360222332,5.5682306128876142],[-76.820481637294662,5.5683207106275496],[-76.820509426335875,5.5684006534887951],[-76.820536903197834,5.568462426872018],[-76.820642904631512,5.5686588103702199],[-76.820749672219492,5.5688245339679545],[-76.820755770245839,5.5688339968617573],[-76.820882944648957,5.5690412090156443],[-76.820931881086153,5.5691122921848182],[-76.820975601454265,5.5691675801634695],[-76.821140734157197,5.5693567461977107],[-76.821372096255345,5.5695775355479045],[-76.821383960996201,5.5695870386256443],[-76.821566135854582,5.5697329437504353],[-76.821624747938188,5.5697760587833045],[-76.821730498257651,5.5698427154409949],[-76.821904449015733,5.5699467032167735],[-76.822170593996191,5.5701307234183002],[-76.822201612781953,5.5701531578685701],[-76.82230118075708,5.5702251660626816],[-76.822514842468692,5.5703666245219683],[-76.82256836822836,5.5704078580214125],[-76.822627039697352,5.5704609652815842],[-76.822683223670637,5.5705181170621589],[-76.822773390596964,5.5706202233088042],[-76.822795736750763,5.5706502389144346],[-76.822851116395199,5.5707386484635126],[-76.822900636393825,5.5708329819570288],[-76.822980860890141,5.5709982177575323],[-76.823013449718545,5.5710731181310944],[-76.823018450547337,5.5710846072419224],[-76.82306217798083,5.5712205469931302],[-76.823095879385903,5.5713666250726934],[-76.823136746284931,5.571598609478996],[-76.823167024058179,5.5717704747079404],[-76.82319150240447,5.5718935405786016],[-76.823220532214222,5.572012003061813],[-76.823272417990481,5.5721858751453093],[-76.823295907904964,5.5722769643047902],[-76.823299122375118,5.5722894222162935],[-76.823301363442923,5.5723002086483886],[-76.823402754035499,5.5727882024125384],[-76.823438272584823,5.5729235235194494],[-76.823492676611991,5.573094849752307],[-76.82352180830452,5.5732022847193985],[-76.823628720749724,5.5736977472766949],[-76.823663470692466,5.5738274971581543],[-76.823718237677738,5.5739984560859082],[-76.823748735643861,5.5741108559171435],[-76.823855512819989,5.5746064536126063],[-76.823888969455993,5.5747311684677179],[-76.823943769885446,5.5749020936407492],[-76.823975702164219,5.5750193847423475],[-76.824056934980945,5.5753886094117231],[-76.824086762997027,5.5755106504919052],[-76.824121817648987,5.5756274092143343],[-76.82414052829742,5.5756774329261329],[-76.824183240936364,5.5757916359246655],[-76.824295597655393,5.5761223319873183],[-76.824328237767503,5.5762066799102978],[-76.824364978033501,5.5762868806727193],[-76.824420561757975,5.5763855835145133],[-76.824432876477857,5.576405792354362],[-76.824532844370964,5.5765698122847569],[-76.824622583994781,5.5767054067465898],[-76.824746616432151,5.5769187426039721],[-76.824790167774509,5.5769886343401707],[-76.824978094965005,5.5772513039997618],[-76.825075239201993,5.5773794263438736],[-76.825214445789086,5.5775808796335822],[-76.825216947531288,5.5775840365436924],[-76.82526304965586,5.5776422536236945],[-76.825333830103332,5.5777165805473325],[-76.825374899797609,5.5777555428506371],[-76.825436332171478,5.5778111334319931],[-76.825496245108496,5.5778592424725701],[-76.825574205310446,5.5779106428594156],[-76.825657013417398,5.5779571543331086],[-76.825663052668205,5.5779602990372936],[-76.8259304447744,5.578099552668796],[-76.826053786380186,5.5781500189399456],[-76.826304876423677,5.5782360093601042],[-76.826423231995904,5.5782810456518908],[-76.82665349758004,5.578381887029022],[-76.82689961801573,5.5784798346513549],[-76.827055903217641,5.5785488199036504],[-76.82716601188001,5.5785895363969633],[-76.827257847094913,5.5786183573228723],[-76.82747051803625,5.5786850949280922],[-76.827562933011464,5.5787172829584515],[-76.827570425431787,5.5787201924076308],[-76.827724913745712,5.5787801923678169],[-76.827854586818518,5.5788221582668491],[-76.828118403310285,5.5788927521949638],[-76.828413916675373,5.5789775315753047],[-76.828450193838762,5.5789847621254109],[-76.828472635374268,5.5789892374644925],[-76.828541319053045,5.5790029291319998],[-76.828675077643553,5.5790185182337479],[-76.828812736925443,5.5790256269650529],[-76.82895206759909,5.5790250274877602],[-76.829090962304676,5.5790169773564884],[-76.829227341926412,5.5790012255476276],[-76.829359067503745,5.5789770491543464],[-76.829469661744753,5.5789497434183764],[-76.829537612093205,5.578932966701311],[-76.829676866040984,5.5789053133375299],[-76.829823668916504,5.5788840022418595],[-76.829971330587497,5.578868225491032],[-76.829976188789672,5.57886770708875],[-76.830145519083587,5.5788545350603114],[-76.830493276327744,5.5788383247325104],[-76.830845906612936,5.5788323668131587],[-76.831195868501865,5.5788366075292615],[-76.831367265095253,5.5788438107527476],[-76.831534503357389,5.5788557683053357],[-76.831695843162393,5.5788740456195134],[-76.831849090815041,5.5789007285121954],[-76.832031657959021,5.5789438571067933],[-76.832173588966683,5.5789712295777365],[-76.832320906141163,5.5789932047940649],[-76.83276998500078,5.5790520627731324],[-76.832913042808826,5.5790783639259187],[-76.833047370768057,5.5791134062376129],[-76.833168755420047,5.5791613575022767],[-76.833240763483545,5.5792021829887366],[-76.833307640571647,5.5792480075889985],[-76.833371308667793,5.5792968185973146],[-76.833430396371867,5.5793499189761242],[-76.833483337775647,5.5794087764024338],[-76.833531493035665,5.5794718830069518],[-76.833576026833086,5.5795378857072526],[-76.83361479337897,5.5796087526201861],[-76.833656146257781,5.5797219699457292],[-76.833682863822986,5.5798465207276697],[-76.833697552611184,5.5799785257938428],[-76.833701922294665,5.5801146482121906],[-76.833696885429788,5.5802519093293981],[-76.833682616795429,5.5803875276487105],[-76.833658605685841,5.5805187830375296],[-76.833612632443163,5.5806961232345103],[-76.833582815735497,5.5808284261071552],[-76.833557212082354,5.5809661962798343],[-76.833487896340245,5.5813900393401692],[-76.833461230730137,5.5815279058710594],[-76.833429470086955,5.5816605023147785],[-76.833378370539094,5.5818389795477259],[-76.833346671306543,5.5819787978653723],[-76.833321861630608,5.5821247215868652],[-76.833301745503604,5.5822743242207657],[-76.833251485381012,5.582722851357194],[-76.833232794458766,5.5828645876336047],[-76.833179276443204,5.5831636639152702],[-76.833168676761161,5.5832751056272771],[-76.833169062732935,5.5833876169916374],[-76.833180484785558,5.5834985581825078],[-76.833236421494234,5.5837872862745623],[-76.83329705339311,5.5841918251019331],[-76.833320064102296,5.5843280542377967],[-76.833347671069617,5.5844607614070396],[-76.833382208992077,5.5845872286522127],[-76.833467136913924,5.5848319866460638],[-76.833484977108313,5.5848886069538715],[-76.833544797151134,5.5850784445694313],[-76.833566763115186,5.5851481567988763],[-76.833611550984699,5.5852641326752757],[-76.833684350075018,5.5854178653481954],[-76.833783465957907,5.5856393908466888],[-76.833826453028607,5.585728488671112],[-76.833886861865153,5.5858400956620819],[-76.83390584442968,5.5858751663038246],[-76.834052741442079,5.5861802054908845],[-76.834131158651516,5.5863275657316578],[-76.834178916353608,5.5864303498520114],[-76.834336882331002,5.5867991373139301],[-76.834381469796284,5.5869333992298502],[-76.834386367126442,5.586952306873469],[-76.834418275259679,5.5870755157883289],[-76.834494677988658,5.5874085101143676],[-76.834523592537806,5.5875160109003712],[-76.834575915483498,5.5876894776476975],[-76.834608933552758,5.5878320956810628],[-76.834634510837049,5.5879822338327347],[-76.834709599859096,5.5885803925956532],[-76.834732371940319,5.5887233936268714],[-76.834760788652545,5.5888606832398429],[-76.834768845206085,5.5888924687375798],[-76.834806459898232,5.5890408457859975],[-76.834833913793844,5.5891820995458641],[-76.834854171386993,5.5893306325430192],[-76.834869050305656,5.5894846006923027],[-76.834880051301297,5.5896424951893273],[-76.834903527806233,5.5901781465530878],[-76.834916446432146,5.5904728636929146],[-76.834927288101767,5.5906419573844515],[-76.83494213050254,5.590807010129601],[-76.834962656044183,5.5909663123633839],[-76.834990932238398,5.5911177772522791],[-76.835016572941967,5.5912231853068057],[-76.835035121375142,5.5912994347489677],[-76.835063736249808,5.5914505768264622],[-76.835084957839115,5.5916091981099783],[-76.83510097986732,5.5917730782040209],[-76.835142661099653,5.5923632384253308],[-76.835146219068605,5.5924136299469147],[-76.835174122892838,5.5926775277093181],[-76.835194159107488,5.5928033234083427],[-76.835220172171802,5.5929230758919006],[-76.835295052651318,5.5931950252059011],[-76.835371710656247,5.5935406282042264],[-76.835408320967375,5.5936840693225953],[-76.835453510194824,5.5938188377793168],[-76.835524363581825,5.5939734000132715],[-76.835575186074507,5.5940842642093509],[-76.835628355502749,5.5941926252404111],[-76.835675029778173,5.5942738546520729],[-76.835728073144224,5.5943501742428907],[-76.83580863236233,5.5944561561358048],[-76.835892148842518,5.5945570311008783],[-76.836086607511575,5.5947630079731763],[-76.836238829302729,5.5949053394581192],[-76.836269302868317,5.5949338328236982],[-76.836348665682351,5.5950016081127565],[-76.836380309476411,5.5950286309329709],[-76.836515139265686,5.5951283568519372],[-76.836605725246116,5.5951868795105435],[-76.836687227248802,5.5952310885377177],[-76.836706252774249,5.5952414098492955],[-76.8369096208759,5.595335871770386],[-76.837202550661061,5.5954637881786207],[-76.837338359957343,5.5955120948279458],[-76.837425877477386,5.5955394792406636],[-76.837558382937686,5.5955809383186388],[-76.83761513023812,5.5956059146484547],[-76.837622659672917,5.5956216362555597],[-76.837623114216115,5.5956267876184205],[-76.837639942184325,5.595633630464711],[-76.837663407212489,5.595638649996757],[-76.837673230781448,5.5956407501183119],[-76.837750632018441,5.5956512947326305],[-76.837856796967841,5.5956611821700015],[-76.838135478744945,5.5956772604584506],[-76.838328747742366,5.5956835193370305],[-76.838454338020085,5.5956854575262511],[-76.838532822019275,5.5956866687197513],[-76.838739239833458,5.595686119322222],[-76.838939484984422,5.5956812226314367],[-76.839125005057326,5.5956713041966619],[-76.8392872711661,5.5956557029678127],[-76.839428148497788,5.5956339236319401],[-76.839561496361895,5.5956049831726364],[-76.839728662532863,5.5955584381876431],[-76.839737937242049,5.5955558552944114],[-76.839858055523024,5.5955281393126866],[-76.839982761416465,5.5955049741545633],[-76.840366385310546,5.5954449049473602],[-76.840583945365395,5.5954030942507815],[-76.840687120757195,5.5953766279397144],[-76.840859173009633,5.5953231183620344],[-76.840987657376061,5.595289120262203],[-76.841261466127776,5.5952295568310415],[-76.841368288437764,5.5952063200265512],[-76.841479135948788,5.5951788063891463],[-76.841585506376916,5.5951468369090538],[-76.841609410247543,5.5951380646000946],[-76.841750524456671,5.5950862820590004],[-76.841865938000254,5.5950478897981117],[-76.842101034811307,5.5949752933280275],[-76.842181200246515,5.5949476856052955],[-76.842258479833802,5.5949172036023382],[-76.842412079537127,5.5948451399030397],[-76.842607239180523,5.5947583203428488],[-76.842721770219569,5.5947032572208091],[-76.842866493022839,5.5946221251202557],[-76.842878913848082,5.5946156395678992],[-76.843081122435819,5.5945100807503323],[-76.843160719874263,5.5944642740737489],[-76.843533651660081,5.5942118232956481],[-76.843565215278346,5.5941904580641149],[-76.843648281553001,5.5941409037525114],[-76.843652058640515,5.5941387948513777],[-76.843852516083814,5.5940268343793456],[-76.843988390313811,5.5939392144603737],[-76.844100592872408,5.5938711922908428],[-76.844179853768651,5.5938192997948679],[-76.844201388481707,5.5937999905753975],[-76.844251093107786,5.5937554184841725],[-76.84431980242249,5.5936609232472234],[-76.844341070419802,5.5936213606745815],[-76.844369547964376,5.5935546473645186],[-76.844389799225368,5.5934723373134885],[-76.844393410489999,5.5934204635827571],[-76.844376441436737,5.5932978568702696],[-76.844352947892318,5.5932335678175287],[-76.844321159266769,5.593175416676055],[-76.844279213221483,5.5931200556149037],[-76.844236475459638,5.5930748385816065],[-76.844234965255595,5.5930732411576667],[-76.84415735164805,5.5929994699443943],[-76.844137843449403,5.5929776108869129],[-76.844131187263557,5.5929649114759652],[-76.844143606102264,5.5929670929012927],[-76.844222195477286,5.5929498122206232],[-76.844337345394521,5.592913407281177],[-76.844482311418219,5.5928578798879167],[-76.844520238242808,5.5928397083577597],[-76.844641282912491,5.5927817092929004],[-76.844718929409055,5.5927362974126282],[-76.844790359237678,5.5926879292818841],[-76.844889488197836,5.5926066819158873],[-76.84498067634506,5.592515178967906],[-76.84507661038613,5.5923910928019982],[-76.845143054224081,5.5922584998090841],[-76.845180687389828,5.5921222139110247],[-76.845192889246789,5.5919894621707513],[-76.845189531134864,5.5918041796519775],[-76.845173533352849,5.5916620628728237],[-76.845148074467218,5.5915334230629856],[-76.845120125815626,5.5914360197398016],[-76.845108449087434,5.5914057548069556],[-76.845031858356748,5.5912072624199842],[-76.844978836265952,5.5910571242830693],[-76.844967456413841,5.591016704108295],[-76.844953002317055,5.590945679911167],[-76.844947351803782,5.5908806814383505],[-76.844951233637246,5.5908260635736999],[-76.844964862922254,5.5907841248370662],[-76.844985916765594,5.5907599291148573],[-76.845012797914094,5.5907517973794709],[-76.845047390396928,5.5907633644674286],[-76.84508288314801,5.5907892543767153],[-76.845128852231696,5.5908324708537576],[-76.845169126870388,5.5908778828403163],[-76.845407771784963,5.5911917278742704],[-76.845561438755638,5.5914011255121299],[-76.84565614650333,5.5915368706969399],[-76.845716592385259,5.5916289027646888],[-76.845815261668733,5.5917904646775645],[-76.84598375206248,5.5921028803486514],[-76.846055459778952,5.5922470124968564],[-76.846165610860211,5.5924887741301914],[-76.846196998363411,5.5925576634033556],[-76.846251585336688,5.5926621228241427],[-76.846287418146403,5.592721377749343],[-76.846344356161737,5.5928064696410988],[-76.846416158951357,5.5929012948224388],[-76.846457587352006,5.5929499849738935],[-76.846464488439807,5.5929580937013741],[-76.846583114863662,5.5930875545694487],[-76.846596630363251,5.5931003163357937],[-76.846666162141702,5.5931659562383054],[-76.84674359652449,5.5932191985047792],[-76.846815690041112,5.5932498766021279],[-76.846892959530024,5.5932679898583482],[-76.846959537690921,5.5932739567084049],[-76.847026201978622,5.5932714592282844],[-76.847093000979754,5.5932610361877888],[-76.847203594956042,5.5932261045636835],[-76.847246024628106,5.5932060287140422],[-76.847308819932152,5.5931699643723745],[-76.847369091422777,5.5931279496257771],[-76.847451783592106,5.593057426441316],[-76.847578609769556,5.5929300526691019],[-76.847672451616489,5.5928358059889325],[-76.847712385294457,5.5928012273091534],[-76.847767672355701,5.5927593211512541],[-76.847823843629385,5.5927280301838653],[-76.847892072114007,5.5927092287818789],[-76.84796097679525,5.592710024188186],[-76.848026821588888,5.5927309330659787],[-76.848084587104566,5.5927705643595917],[-76.848152663877713,5.5928475912550963],[-76.848215572000584,5.5929435273219275],[-76.848252459037553,5.5930065712330732],[-76.848299102576192,5.5930974327333933],[-76.848382482788708,5.5932900521576467],[-76.848385877942491,5.5932978985262487],[-76.848415203347557,5.593372262312462],[-76.848479305689139,5.593534831229344],[-76.848561949413494,5.5937327703911937],[-76.848738004313077,5.5942097910639061],[-76.848780215482634,5.5943422227490158],[-76.848819072855079,5.5944767027683904],[-76.848899113692696,5.5947684750961777],[-76.848944521442021,5.59490881848716],[-76.849036149135898,5.5951406381209106],[-76.849108235470055,5.5953116866034476],[-76.849180098920456,5.5954627262324204],[-76.849242822028984,5.5955826086079057],[-76.849292184757545,5.5956704873878111],[-76.849321045469765,5.5957218620679434],[-76.849383537764837,5.5958213509568058],[-76.849485996854071,5.5959580737770604],[-76.849544422029453,5.5960254176000817],[-76.849606160336435,5.5960872485411572],[-76.849691011059662,5.5961547843112456],[-76.849752985679586,5.5961911809390124],[-76.849819195429689,5.5962213741590947],[-76.849879588112231,5.5962431599459572],[-76.849975658933488,5.5962681488208279],[-76.850075249266325,5.5962833604339597],[-76.850176785316037,5.5962891889058923],[-76.850278745560388,5.5962872660136336],[-76.850378038746129,5.5962796862545598],[-76.850492243856522,5.5962660486883635],[-76.85051385427262,5.5962624725088492],[-76.850600443581641,5.5962481433358304],[-76.85074886119213,5.5962191285788938],[-76.850808121077662,5.5962113632446302],[-76.850897696786205,5.5962079694622311],[-76.850978262368812,5.5962165661190584],[-76.85104507886804,5.5962385370609891],[-76.851092672294243,5.5962758813912954],[-76.851116011181034,5.5963292209560427],[-76.851115547734267,5.5963948044798801],[-76.851094410341616,5.5964641025269071],[-76.851046619445597,5.596556732134145],[-76.850974985062521,5.5966657832123259],[-76.850854542000604,5.5968272749605532],[-76.850727163018149,5.5969980625704743],[-76.85061583641064,5.5971574798287316],[-76.850544838711329,5.5972679796795681],[-76.850468680925744,5.5974074822886104],[-76.850398698351825,5.5975558531919418],[-76.850357932589148,5.5976539268461281],[-76.850327961950427,5.5977364974076123],[-76.850298959308546,5.5978391495169681],[-76.850277512126794,5.5979448058466534],[-76.850262303997908,5.5980575141272846],[-76.850254233449533,5.5981654347652574],[-76.850252176439909,5.5982733628039725],[-76.850260788443677,5.5984366236019181],[-76.850282290918841,5.5985815971301847],[-76.850319087621941,5.5987183205540729],[-76.850343075515809,5.5987807164584753],[-76.850376438335317,5.598853636431004],[-76.8504460877664,5.5989754014740383],[-76.850497580525484,5.5990490419238359],[-76.850555225966716,5.5991162776092791],[-76.850602123346562,5.5991575183042155],[-76.850645126278323,5.5991953324864694],[-76.850745027603196,5.5992653349780683],[-76.850854929161372,5.5993340038362431],[-76.850961769571029,5.5993940963438371],[-76.851084956684659,5.5994497559273277],[-76.851305033159747,5.5995313067400057],[-76.851621171101584,5.5996341361908151],[-76.851740769107693,5.5996657184249949],[-76.851871952133294,5.5996947799806547],[-76.851903471377483,5.5997017639068734],[-76.852171653944069,5.5997508837318781],[-76.852213158871365,5.5997573440870605],[-76.85275530328208,5.5998417448226592],[-76.852759832450317,5.5998423145860432],[-76.852908341324991,5.5997565408832433],[-76.852998978382558,5.5996296577729039],[-76.853080445352063,5.5992981441888157],[-76.852772063762373,5.5992681726072684],[-76.852370296899892,5.5992981698478079],[-76.851800436693111,5.5993382606571469],[-76.85119241432065,5.599219476505537],[-76.850826999122972,5.5990058751915059],[-76.850573380239425,5.5987355616446921],[-76.850431559027513,5.5983897538724081],[-76.850410908365603,5.5979684906312084],[-76.850563075946397,5.5975637513326948],[-76.850634907648526,5.5973872789820085],[-76.850788396426481,5.5972059045003419],[-76.850933023391661,5.5970381214299278],[-76.851109116317119,5.5968701891965065],[-76.851316282661358,5.5967156579120614],[-76.851524723769941,5.5963528358124428],[-76.851523352909211,5.5960626315406641],[-76.851475596680544,5.5958381331034746],[-76.851241435335638,5.5957361807231454],[-76.850961328839205,5.5957749920969908],[-76.850522723394178,5.5959081271270508],[-76.85021484229793,5.5960219462204304],[-76.84993455364652,5.5960419726279911],[-76.849597358428809,5.5958657170411543],[-76.849380625317167,5.5954828668504426],[-76.849191048825887,5.5949125557625168],[-76.849066789217161,5.5943326299162788],[-76.848755334678685,5.5936881075163862],[-76.848490581758512,5.5930245749385223],[-76.848291676517491,5.5924637897395977],[-76.847999771337939,5.5919876284138859],[-76.847783703890187,5.5917452257112279],[-76.847577843805283,5.5916993201518634],[-76.847372475976641,5.5917377724793447],[-76.847186383547864,5.591907197461186],[-76.846992237734241,5.592357564951012],[-76.846843731558209,5.5925829031241268],[-76.846638581845696,5.5926681462335397],[-76.846456163775983,5.5926222192762314],[-76.846357195512766,5.5924541418416265],[-76.846215334604992,5.5920990233767416],[-76.845904460874493,5.5915574629422569],[-76.845563012526938,5.5909558005643403],[-76.844987813788663,5.5900316977807885],[-76.844613121479028,5.5898756696850427],[-76.844278568743931,5.5898772470110138],[-76.844393556288466,5.5896401716148834],[-76.844368140355186,5.5896437046580916],[-76.84428048086221,5.5896683136543777],[-76.844197982117947,5.5897029870080939],[-76.844130776628617,5.5897422303682616],[-76.844071885138973,5.5897845815014886],[-76.844016536242137,5.5898317025095627],[-76.843974972363327,5.5898729873573911],[-76.843940997029378,5.5899121491649559],[-76.843895740030277,5.5899732239249493],[-76.843856103981807,5.5900380977587725],[-76.843822772563144,5.5901073982813188],[-76.84378577104674,5.5902332613048493],[-76.843770172331801,5.5903684654511014],[-76.843773798279187,5.5905083619208611],[-76.843795891649236,5.5906487865344872],[-76.843810203511254,5.5907057891580427],[-76.843847126273673,5.5908237772688008],[-76.843890075080765,5.5909412057190027],[-76.843900166856329,5.5909664433025537],[-76.843954922147674,5.5911033766810636],[-76.844031961760223,5.5912813703092414],[-76.844063013132072,5.5913605255753573],[-76.844101414103477,5.5914714659560536],[-76.844134754159313,5.5915808646964349],[-76.844160586830071,5.591678738969784],[-76.844180683797404,5.5918083532557468],[-76.84418221170877,5.5919086462541072],[-76.844170161322424,5.5920064168634598],[-76.844140303769152,5.5921085646320723],[-76.844094191195154,5.5922022830198168],[-76.844058394460433,5.5922548428866108],[-76.844042964792536,5.5922740966640818],[-76.844034505708692,5.5922846540067788],[-76.84398176865929,5.5923392203999542],[-76.843919394717844,5.5923898948904665],[-76.843884503986956,5.5924133903909077],[-76.843811947297112,5.592453743608691],[-76.843736005746365,5.592487405248213],[-76.84363911846971,5.5925203121252558],[-76.843564783361714,5.5925363755457811],[-76.843487864887123,5.5925460590748921],[-76.843399273487137,5.592551024250084],[-76.843090810264513,5.5925553285146519],[-76.84239948370147,5.5925486021372466],[-76.842153182105108,5.592543415902429],[-76.841859728731791,5.592537239315706],[-76.841320314898212,5.5925144011368477],[-76.840965230479526,5.5924921113618424],[-76.840790682751447,5.5924777844520115],[-76.840619324128866,5.5924601948104922],[-76.84056438619487,5.5924528839222987],[-76.840452460780725,5.5924379893099649],[-76.840291847993299,5.5924093034910314],[-76.840139805638202,5.5923716389006755],[-76.840044479892697,5.5923410694776221],[-76.839920035542093,5.5922966600303949],[-76.839799786477485,5.5922458568958424],[-76.839676088400907,5.5921793550755243],[-76.839593920150307,5.5921268737877012],[-76.839488876662884,5.5920539286526552],[-76.839438003305958,5.5920144026082212],[-76.839264378629949,5.5918616118619804],[-76.839197819439107,5.5917968774101094],[-76.839131684280687,5.5917222622284921],[-76.839072042256319,5.5916409006067225],[-76.839034190962678,5.5915784477480104],[-76.838979327821747,5.5914685199370213],[-76.838931155274736,5.5913535122390394],[-76.838853307425524,5.5911491464037155],[-76.838807679972248,5.5910117212213351],[-76.838767366911881,5.5908692278801295],[-76.838732124817895,5.5907237268219507],[-76.838705768095593,5.5905983026965185],[-76.838639745995422,5.5902605382248076],[-76.838617406571757,5.5901260107817157],[-76.83860168583314,5.5899891969316311],[-76.838594255428205,5.5898511621104294],[-76.838595318522422,5.5897441566171944],[-76.838602220087623,5.5896389225103507],[-76.838614304126779,5.5895328580229675],[-76.838663263810474,5.5891978225563701],[-76.838670373094899,5.5891292625302551],[-76.838670429085411,5.5891287266834153],[-76.838678198908795,5.589053792556725],[-76.838694360902778,5.5888181801853456],[-76.838698379765432,5.5887595860619923],[-76.838703916447599,5.5886062001961045],[-76.83870399745777,5.5884932828692406],[-76.838700134507192,5.5883806577475905],[-76.838692106527702,5.5882664895705014],[-76.838676653109658,5.5881205861325736],[-76.838658908466883,5.5879929013070866],[-76.838636837367474,5.5878679411607539],[-76.838628702107457,5.5878283896421808],[-76.83858811520885,5.587631066697881],[-76.838563675770047,5.5874740681601294],[-76.838545700052407,5.5873129972068218],[-76.838532679457259,5.587148847988094],[-76.838523405929905,5.5869824013832821],[-76.838512526839224,5.5866448896906107],[-76.838509033848368,5.5863943140592616],[-76.838507773918622,5.5863037719417541],[-76.838504448702068,5.5852733687221363],[-76.838499683707596,5.5847551009361354],[-76.83849049909864,5.5842474822611745],[-76.838474236508475,5.5833488962865019],[-76.838468516057333,5.5830328169405519],[-76.838461199714047,5.5826285003077301],[-76.838464550659694,5.5822120606337577],[-76.838463206847791,5.5818040387437291],[-76.838458859289759,5.581584211361192],[-76.838450862019997,5.5813669425656744],[-76.838438216082295,5.5811621448225104],[-76.83841989841288,5.580979766874588],[-76.838394899145698,5.5808281870577154],[-76.838361171072719,5.5806925399803413],[-76.838271759450564,5.5804171921479941],[-76.838181416615924,5.5801023421536797],[-76.838147420723544,5.5800033252530588],[-76.838083373381679,5.5798417523759092],[-76.838046274803574,5.5797343496713729],[-76.837951965157259,5.579425343456264],[-76.837918380824846,5.5793295764155886],[-76.83785404719346,5.5791682915413361],[-76.83781555667737,5.5790567946125931],[-76.83772196222138,5.578748899638998],[-76.837689507543431,5.5786556562695502],[-76.837625638883338,5.5784939040936115],[-76.837586097629625,5.5783779747888769],[-76.837493587240203,5.5780708148064297],[-76.837462236237286,5.5779801205662514],[-76.837398696429375,5.5778180356235376],[-76.837357970109821,5.5776978048480537],[-76.837279959058989,5.5774371810822734],[-76.83723485220024,5.5773046980225951],[-76.837170179083898,5.5771437608564014],[-76.837129269058096,5.5770282367530575],[-76.837126657813883,5.5770208591076953],[-76.837113413595148,5.5769805641710395],[-76.837042911264874,5.5767660356035522],[-76.83703762768711,5.576752694812102],[-76.836994108136025,5.5766427872311937],[-76.836928399012649,5.5765079318541089],[-76.836819079709414,5.5762835763973486],[-76.836768888867894,5.5761915231630939],[-76.836543847478609,5.575847492105793],[-76.836501559868395,5.5757828466641364],[-76.836452225707291,5.5756965272437773],[-76.836417003148128,5.5756296467769699],[-76.836343472781223,5.5754900337202002],[-76.836261057293811,5.5753470399847318],[-76.8361103208033,5.5750467904491909],[-76.836028166945937,5.5749035330198291],[-76.835924588920705,5.574706223318433],[-76.835869951597559,5.5746108486856603],[-76.835686022610361,5.574344173295815],[-76.835608526981034,5.5742411475809952],[-76.835589325147026,5.5742156220974168],[-76.835443378472021,5.574008482128872],[-76.835399180648437,5.5739552321866448],[-76.835343434073266,5.5738985503073488],[-76.83523913472122,5.5738073381741113],[-76.835157524337774,5.5737469366437615],[-76.835050674368276,5.5736874772283782],[-76.83493533518056,5.5736366038555012],[-76.834694311830177,5.5735363647727407],[-76.834609838402613,5.5734950063193036],[-76.834543505976072,5.5734625334040162],[-76.834231316130158,5.573325571463152],[-76.834081400356908,5.5732508410197266],[-76.833990596500058,5.5732104718590847],[-76.833765682733656,5.5731174468922031],[-76.833609914684217,5.5730486338936824],[-76.833484752153765,5.5730040828605549],[-76.833357872000491,5.5729667805944851],[-76.833095650561972,5.5728896909444829],[-76.832926987011859,5.5728339199061736],[-76.832817764836221,5.5728062106087446],[-76.832795318437249,5.5728005162688312],[-76.832745184401375,5.5727908864967537],[-76.832656908372414,5.5727739272934862],[-76.832242844245599,5.5727101032718744],[-76.832110496614376,5.5726859452567785],[-76.831983481946551,5.5726563876706878],[-76.831809581172706,5.5726059148684541],[-76.83169920158727,5.5725783248126683],[-76.831335305207347,5.5725053280856462],[-76.831203234289518,5.5724763206465884],[-76.831076628932038,5.5724417890628102],[-76.831051564951451,5.5724332789456392],[-76.830909067561663,5.572384900242886],[-76.830811492331264,5.5723549301878492],[-76.830541528839575,5.5722795166393029],[-76.830498598682667,5.5722675225660296],[-76.830389713777791,5.572231102732605],[-76.830354688288352,5.5722170912996951],[-76.830229333572959,5.5721669517957571],[-76.829954693176333,5.5720694273904412],[-76.829846214393569,5.5720272552879395],[-76.829744469974258,5.5719782730310774],[-76.829680759565264,5.5719398358555798],[-76.829607616659644,5.5718903322779862],[-76.829496532493948,5.5718103995323167],[-76.82945421047728,5.5717761385265252],[-76.82923964067497,5.5715834386402365],[-76.829194812593755,5.5715368677938715],[-76.829018835970544,5.5713540563636803],[-76.828893416628247,5.5712031767059207],[-76.828816850226673,5.5711056377769488],[-76.828772549616033,5.5710400486777329],[-76.828683765574496,5.5708969329064617],[-76.828642063650776,5.5708297149827901],[-76.828548781335812,5.5706977092988348],[-76.828533618775324,5.5706748651395799],[-76.828369008553082,5.5704268304293736],[-76.828310052317974,5.5703181409701843],[-76.82814204426893,5.5699773318093468],[-76.828092392180395,5.5698565617117213],[-76.828011431403695,5.5696284391819972],[-76.82800372347522,5.5696067194849581],[-76.827955621123238,5.5694868350403768],[-76.827882640051186,5.569334297831519],[-76.827744032999064,5.5690217869996435],[-76.827668492114768,5.5688718372195822],[-76.827629797678242,5.5687846609325611],[-76.827474740420598,5.5683887551437357],[-76.827441806260211,5.5682705751744361],[-76.82741703200908,5.5681441427529696],[-76.827398617003254,5.5680112801378758],[-76.827386941869918,5.5678920642809224],[-76.827385117844727,5.5678734478634802],[-76.827375374944751,5.567731813846807],[-76.827368481284665,5.5675873005478493],[-76.827362244515626,5.5673431461877376],[-76.827359831368327,5.5672486108697727],[-76.827356449735305,5.5667308733773035],[-76.827358024344534,5.5648501769634766],[-76.827358373804088,5.5644322741211196],[-76.827360222602977,5.5637902857538037],[-76.827358828273248,5.5637515735615501],[-76.827353899465706,5.5636147582875948],[-76.82734207776123,5.563502446851734],[-76.827332014950017,5.5634500796201429],[-76.827317862787467,5.5634014268719589],[-76.827298260964014,5.5633576966492138],[-76.827248845152837,5.5632883556203838],[-76.827228350645441,5.5632595950425525],[-76.827204482417159,5.563217565817852],[-76.827183779340331,5.5631713413869406],[-76.827162740059734,5.5631111874294383],[-76.827150146366776,5.5630582388282992],[-76.827135245696553,5.5629460132789967],[-76.827128499779207,5.5628289198667842],[-76.827127123297686,5.5627756888770961],[-76.827119461695602,5.5624795083345742],[-76.827109860086395,5.5623706870218257],[-76.827101111903772,5.5623202030327157],[-76.827088225418848,5.562273807687502],[-76.827069591227684,5.562233073656432],[-76.826981899796806,5.562122399156479],[-76.826965817246361,5.5620963089820412],[-76.826963227750781,5.5620921078222114],[-76.826945960111388,5.562056001880717],[-76.826931636576248,5.5620169176324943],[-76.826915031469071,5.561953527305973],[-76.826904120625585,5.5618905605244571],[-76.82689662747724,5.5618049022559246],[-76.826894791849,5.5617839100548414],[-76.826896114867296,5.5617309748584471],[-76.826894555103635,5.5616994083675459],[-76.826904747721159,5.5610643926999375],[-76.826908114258586,5.560596783431496],[-76.826902608172276,5.5601461867875406],[-76.826894354709395,5.5599550811686012],[-76.826881085170882,5.5597899418012595],[-76.826861162910987,5.5596322467360917],[-76.826844070210242,5.5595441530316441],[-76.826832317968311,5.5594835792452422],[-76.826791607099238,5.5593469103897322],[-76.826778611286045,5.559313533548405],[-76.82668707737453,5.5591115300917009],[-76.826621458161682,5.5589783152860699],[-76.826612657132841,5.5589604493780191],[-76.826571279648832,5.5588907027170826],[-76.826447618038102,5.5587237406045826],[-76.826376620371747,5.5586348733908375],[-76.826151966626639,5.5583836931433268],[-76.826057730536959,5.5582783277595063],[-76.825898778550169,5.5580855920377807],[-76.825855519739676,5.558030116960639],[-76.825804008301802,5.5579555785812387],[-76.825754513655738,5.5578803037847546],[-76.825675225065325,5.5577597193284349],[-76.825607078049956,5.5576723368859016],[-76.82547598522541,5.5575084394013867],[-76.825304482207585,5.5573103277499953],[-76.825162428022466,5.5571462320977876],[-76.825011503970075,5.5569650248364635],[-76.824951934095196,5.5569060333871523],[-76.824879889681526,5.5568495275764311],[-76.824741520525933,5.5567627737571028],[-76.824688342289022,5.556732491955592],[-76.824536446872614,5.5566459964529651],[-76.824453368655156,5.5566083719575401],[-76.824366361953054,5.5565746721510392],[-76.824161054515116,5.5565023336405819],[-76.824047834830637,5.5564584903886942],[-76.823891499800467,5.5563888673917914],[-76.823804936057911,5.5563539771166832],[-76.823399461628028,5.5562009989342727],[-76.82330074134083,5.5561712243994776],[-76.823269483888097,5.5561637179769363],[-76.823197068532409,5.5561463230321975],[-76.823089838352985,5.5561248987495722],[-76.822740806599398,5.5560661434380876],[-76.822703390484278,5.5560598445018652],[-76.822576873262449,5.5560360545940881],[-76.822454574518034,5.5560084437244184],[-76.8222757590123,5.5559619503550364],[-76.822128786125759,5.5559345878108353],[-76.821975234282291,5.5559173220817426],[-76.821818089432881,5.5559089075159562],[-76.821660208436256,5.5559089029889455],[-76.821594288703409,5.5559126306932516],[-76.82150451392161,5.5559177013438337],[-76.821413921499584,5.5559276310157104],[-76.821313527497239,5.5559439372037325],[-76.821217877485935,5.5559663477635031],[-76.82112840708669,5.5559959650159536],[-76.821047215181295,5.5560324836905526],[-76.820877539979293,5.5561256153379164],[-76.820783141363151,5.556188186845902],[-76.820708571169817,5.5562523835535869],[-76.820640863649103,5.5563329879479308],[-76.820581957407725,5.5564224553708987],[-76.820552633584938,5.5564727007418062],[-76.820496965909143,5.5565680845587524],[-76.82044356542616,5.5566681566301463],[-76.82039506301561,5.5567835420217655],[-76.820353945490794,5.5569031012016028],[-76.820307903891745,5.5570369753885158],[-76.820258830671847,5.5571647440311747],[-76.820091990682158,5.5575194763988112],[-76.820034478131618,5.5576240939023664],[-76.81999704995394,5.5576804709724419],[-76.819881445254012,5.5578345432389185],[-76.819838643190977,5.5578859569089776],[-76.819792705817306,5.5579353094291468],[-76.819706301303768,5.5580206775115997],[-76.819606681690047,5.5581115321985024],[-76.819552275336591,5.5581531112947316],[-76.819452720544191,5.5582196643243673],[-76.81941068185094,5.5582448330281711],[-76.819393347062615,5.5582552081927643],[-76.819330793768316,5.5582868237431597],[-76.819232929895705,5.5583226838043132],[-76.819127374601123,5.5583480779846441],[-76.819016559470484,5.558364395627847],[-76.818866058767838,5.5583734761575183],[-76.818715078722875,5.5583690342723004],[-76.818568434128821,5.558350400338461],[-76.818431297146432,5.5583154395140451],[-76.818355359502831,5.5582848447945246],[-76.81828654055542,5.5582457977024342],[-76.818217458732803,5.5581898928420754],[-76.818139147520753,5.5581047337754823],[-76.818010472477908,5.5579388481211911],[-76.817969730991123,5.5578810908622964],[-76.817932679546871,5.5578208534725659],[-76.817922153139492,5.5578037388962356],[-76.817801730540452,5.5575912234777398],[-76.817645231516408,5.5573529290457353],[-76.817576788190578,5.5572552766471937],[-76.817520058987114,5.5571889682219435],[-76.817456657063261,5.5571309485029694],[-76.817387677302037,5.5570786774155616],[-76.81732515432391,5.5570359194163492],[-76.817124529955478,5.5569053232949779],[-76.817047244748267,5.5568644713692281],[-76.816663071780454,5.5566961066094187],[-76.816659280239023,5.556694446104582],[-76.816530192331271,5.5566529847945016],[-76.816393416618183,5.5566193590877688],[-76.81611364372219,5.5565585430395377],[-76.815978832871949,5.556521018767425],[-76.815873286058448,5.556473524408581],[-76.815774232108822,5.5564056292735726],[-76.815698188185593,5.5563308242608862],[-76.815629799136161,5.5562444669427338],[-76.815571757323156,5.5561579243592467],[-76.815517842177385,5.5560688211662272],[-76.815441197319501,5.5559277468162307],[-76.815397820180038,5.5558291767048731],[-76.815356276741582,5.5557102630663291],[-76.815304340213331,5.5555279031454061],[-76.815288181422943,5.5554833015163831],[-76.815278982435345,5.5554769125067791],[-76.815186925704808,5.5554773382250033],[-76.815186987188824,5.5553359553871369],[-76.815187092222473,5.5550966967699518],[-76.815187200060848,5.5548574435517741],[-76.815187223362756,5.554801467458744],[-76.815270384709535,5.5548010821897629],[-76.815284347739791,5.554794173119868],[-76.815305992285545,5.5547522906993674],[-76.815332137831859,5.5546800618430696],[-76.81542094766904,5.5543971434203581],[-76.815455713685807,5.554298168961969],[-76.81553832949443,5.5540807835775512],[-76.815570414617127,5.5539634029248752],[-76.815589703259292,5.5538491979058655],[-76.815590166865107,5.553842257856263],[-76.815596732080351,5.5537441060585859],[-76.815595604108296,5.5536402228386113],[-76.815587481847587,5.5535376671487162],[-76.815571944624153,5.553438571043726],[-76.815555625444929,5.5533705865543554],[-76.815534399399141,5.5533064617237766],[-76.815435045995343,5.5530900914916081],[-76.815354466005715,5.5528979138068353],[-76.815326096916024,5.5528408371991516],[-76.81524266645053,5.5526977971372142],[-76.815210544209265,5.5526340957868676],[-76.815125296912342,5.5524448784753657],[-76.815097319355459,5.5523900902752068],[-76.815013564194714,5.5522476861228434],[-76.814980916098676,5.5521829288742577],[-76.814895601819629,5.5519934933338932],[-76.81486844481077,5.5519407162497023],[-76.814783646685356,5.5517997942711714],[-76.814657775015831,5.5515514697299349],[-76.814628529596376,5.5515035553627428],[-76.814591688929482,5.5514530767164034],[-76.814471593485848,5.5513063631341186],[-76.814428153321685,5.5512532929768224],[-76.814195425959937,5.5510220188276618],[-76.814130399704879,5.5509681200542458],[-76.813943500985189,5.5508232429738698],[-76.813866579716773,5.5507683409730646],[-76.813769579080841,5.5507092251123673],[-76.813624783183087,5.5506276616754819],[-76.813613645538098,5.5506213898514218],[-76.81356242534018,5.5505878598764182],[-76.813512432855831,5.5505448347398216],[-76.813501387190243,5.5505287662595304],[-76.812903479906552,5.5505315349103466],[-76.812794341586013,5.5505320375521068],[-76.812794118920053,5.5505317491177495],[-76.812772009330331,5.5505029344668007],[-76.812682987574703,5.5503869282869687],[-76.812562145599429,5.5502203213014001],[-76.812556877828257,5.5502130561303247],[-76.812545978211077,5.550196990279006],[-76.812437626406265,5.5500373001344059],[-76.812374226980921,5.5499398012130232],[-76.812348334375869,5.5498999867533199],[-76.812277452900204,5.54978654796464],[-76.812268634220587,5.5497714466424082],[-76.812155711288966,5.5495781082417599],[-76.812131704468612,5.5495325942902607],[-76.812127620621197,5.5495248536936197],[-76.812037388036714,5.5493537918584934],[-76.811989721202309,5.5492533367484178],[-76.811926076569819,5.5491022561259165],[-76.811899464175951,5.5490275784282561],[-76.811868211128953,5.5489217770273997],[-76.811843439650033,5.5488173226379409],[-76.811826433417622,5.5487202861796225],[-76.811816704881977,5.548629692821085],[-76.811814362309761,5.5484897724944373],[-76.811828293387762,5.5483587458260999],[-76.81185955481628,5.5482407454939473],[-76.811910571172561,5.5481408480410153],[-76.811940394815863,5.5481039699214971],[-76.811961949023797,5.5480831595235269],[-76.812008384265965,5.5480495704810426],[-76.812067002176079,5.548021915179465],[-76.812137991743484,5.5480036555168279],[-76.812213715358624,5.5479972672302047],[-76.812282184225566,5.5480006170856271],[-76.812343439081801,5.5480095274027761],[-76.812403675366937,5.548022760771504],[-76.812494517238193,5.5480486864095324],[-76.812681224416394,5.5481093359251616],[-76.812931919389484,5.5482043108733023],[-76.813004527004694,5.5482287088062145],[-76.813089005303269,5.5482514488756047],[-76.813148459082413,5.5482674531710225],[-76.813243852837118,5.5482836489137881],[-76.813317924873843,5.5482846263052474],[-76.813371741807885,5.5482710114934557],[-76.813417879031562,5.5482425363557715],[-76.813466808635184,5.5481758513796757],[-76.813498078166262,5.5480849510361994],[-76.81351465633719,5.5479769726602965],[-76.813518428886894,5.5478578460030548],[-76.813510311538607,5.547732620303047],[-76.813497314130316,5.5476501736962227],[-76.813490312286731,5.5476057600782624],[-76.813457586247566,5.5474814057471242],[-76.813433097346191,5.5474129029467676],[-76.813361615373594,5.5472341772863043],[-76.813312918116992,5.5471145766226408],[-76.813260893259283,5.5469969100389189],[-76.813156168716233,5.5467788353528631],[-76.813024041489797,5.5464512825980758],[-76.81298475176753,5.5463323769305308],[-76.812959459478833,5.5462021065830998],[-76.812951003626736,5.5460702908442885],[-76.812959658320679,5.5459417176222674],[-76.812987061978276,5.5458215651576399],[-76.813036346365266,5.5457157073168384],[-76.813082772187684,5.5456557309924266],[-76.813138059054495,5.5456027456279733],[-76.813220796402604,5.5455424645236473],[-76.813261579697837,5.5455201041860223],[-76.813358079989058,5.5454805499803417],[-76.813447517218094,5.5454554536977714],[-76.813520102187098,5.5454412104146726],[-76.813644999411352,5.5454273347460576],[-76.813809997811617,5.5454251942419432],[-76.813978721501599,5.5454369967878172],[-76.814241717636222,5.5454643675618609],[-76.814252818827157,5.5454648512603324],[-76.814380065217307,5.5454704115041196],[-76.814516576373421,5.5454644578986851],[-76.814647463733451,5.5454449211057266],[-76.814768599152799,5.5454093589097049],[-76.814842455441934,5.5453758845309791],[-76.814877724975233,5.5453558082681189],[-76.814982965127641,5.5452959010124552],[-76.815051090730037,5.5452511441768113],[-76.815257280166762,5.545095057465284],[-76.815375078185838,5.5450236422088457],[-76.815527067351098,5.5449512882669918],[-76.815754516805839,5.5448568096156663],[-76.815812579118557,5.5448326914031547],[-76.815929887865678,5.5447750513329987],[-76.816034629907477,5.5447121519086711],[-76.816197070610215,5.5446047625247772],[-76.816213717774502,5.5445928696245526],[-76.816516266663029,5.5443766710263906],[-76.816590659056587,5.5443187093799926],[-76.816817968982576,5.5441118553782651],[-76.816906314239887,5.5440426467426844],[-76.817144419784114,5.5438800245578808],[-76.817212028273218,5.5438367664418253],[-76.817290970206727,5.5437935425847744],[-76.817363297666233,5.5437591171776504],[-76.817474461483428,5.5437142719610488],[-76.817562211501141,5.543689571839935],[-76.817647044790021,5.5436746359936535],[-76.817774821903626,5.5436654648848345],[-76.817925012429768,5.5436693566037603],[-76.818250462467674,5.5437063930787627],[-76.8183834981388,5.5437176467788705],[-76.818408117044186,5.5437188223966807],[-76.818658119582437,5.5437307696980547],[-76.818845433048267,5.5437313925723544],[-76.819028532320658,5.5437226475625501],[-76.819157108131151,5.5437096187024197],[-76.819280417041611,5.5436898728524211],[-76.819330324840919,5.5436777261620112],[-76.819396367645126,5.543661650899427],[-76.819502468032525,5.5436227195240715],[-76.819576988946366,5.5435841159331209],[-76.819646891380458,5.5435405394404649],[-76.819714346186473,5.5434941902305033],[-76.819778223452019,5.5434439874643111],[-76.819837260746951,5.5433887048701704],[-76.819893193382995,5.5433300858074794],[-76.819947631490336,5.5432697480207676],[-76.819998909862491,5.5432060578685096],[-76.820051509243825,5.5431270746270345],[-76.820099585619047,5.543043387881557],[-76.820239313281348,5.5427829960406374],[-76.820278822590808,5.5426927626875875],[-76.820313675068661,5.5425999957553262],[-76.820384461019529,5.5423903035990234],[-76.82040449044689,5.5423166790131102],[-76.820422867882527,5.5421932083635514],[-76.820424216189963,5.5420660812580378],[-76.820414700792298,5.5419879437591097],[-76.820413226845687,5.5419758383417648],[-76.820408837374501,5.5419397900778122],[-76.820375805050446,5.541818828819423],[-76.820343743360027,5.5417426710349664],[-76.820267369787658,5.5415913963141357],[-76.820225434682072,5.5415144886759853],[-76.820096935489403,5.5412932657391698],[-76.819871514047435,5.5408902637092279],[-76.819817982096183,5.5407787927452468],[-76.819776389977008,5.5406768654413661],[-76.81975216712182,5.5406077889674785],[-76.819729899666399,5.5405346019416619],[-76.81970919176392,5.5404534907472911],[-76.819682449990083,5.5403066694376184],[-76.81967120161255,5.5401668656766141],[-76.819674341892039,5.5400297674502736],[-76.81969253219151,5.5398982953843561],[-76.81972749907662,5.5397757804202543],[-76.819782126463878,5.5396661384055159],[-76.819835555264802,5.5395969974772443],[-76.819935194381785,5.5395072671981218],[-76.820048416871444,5.5394285870732372],[-76.820140003730685,5.5393717020569158],[-76.820207239787834,5.5393349699296088],[-76.820343202803173,5.5392713561370881],[-76.82058601600589,5.5391713196178225],[-76.820596644512975,5.5391661633432356],[-76.820696713290744,5.5391176171051688],[-76.820791960930293,5.5390545841244956],[-76.820845152986081,5.5390040063579375],[-76.820898043755946,5.5389364383840407],[-76.820928694757242,5.5388864026470355],[-76.820958750281164,5.5388249186409402],[-76.820985342747235,5.5387353423388763],[-76.820985092071936,5.5386794297777548],[-76.820970066580387,5.5386254945445961],[-76.82091263872023,5.5385422890302891],[-76.820865404448014,5.5384981139779885],[-76.820803511388974,5.5384553194947825],[-76.82070651707221,5.5384111578633082],[-76.820593028953439,5.5383770495100064],[-76.820550958678254,5.5383680200788756],[-76.820467218828895,5.5383500471134388],[-76.820277475086556,5.5383195962163034],[-76.820229635827317,5.5383134873591482],[-76.820212377325277,5.5383112834557346],[-76.820057645235892,5.538291529344062],[-76.819501832921205,5.5382308137687906],[-76.819319584624736,5.5382075021749548],[-76.818935725762103,5.5381440684703982],[-76.818558245614881,5.5380867735840793],[-76.818455265783896,5.5380644246754063],[-76.818372512751864,5.5380372061299692],[-76.818317166766292,5.538002882686091],[-76.818300041870259,5.5379775839129435],[-76.818296409711436,5.5379631192341616],[-76.818296888036429,5.5379476608883582],[-76.818299212219046,5.5379388097971072],[-76.8183325168457,5.5378948108284058],[-76.81838506012987,5.5378594831540662],[-76.818429266259059,5.5378414362755137],[-76.818512958792653,5.5378218992161816],[-76.818595811649644,5.5378146044445042],[-76.818685931326257,5.5378157403479822],[-76.819038476984034,5.5378502440663349],[-76.819078242779838,5.5378519821599443],[-76.819143391045017,5.5378548314746023],[-76.81925750051397,5.5378538221661477],[-76.819311710713094,5.5378499901655012],[-76.819313418918853,5.5378497651219467],[-76.819169372027361,5.5377585378405021],[-76.819079993641793,5.5376367740684405],[-76.818813641868005,5.537560493661581],[-76.818587520186341,5.5375120546557346],[-76.818353415134141,5.537461907965521],[-76.818064683364057,5.5374380160016807],[-76.818044833741013,5.5374470226226],[-76.817951070759804,5.537500639699025],[-76.817871729845322,5.5375599322341227],[-76.817806957041299,5.5376243448328362],[-76.817751730738934,5.537694033614331],[-76.817703184267032,5.5377761771608727],[-76.817668046308,5.5378846585058854],[-76.817661515090322,5.5379594106032064],[-76.817658091672953,5.5379985950747388],[-76.817661481469983,5.5380247112552645],[-76.81767268387199,5.5381109401483402],[-76.81771318012531,5.5382145330009349],[-76.817770354251707,5.5382933638333176],[-76.817826852573319,5.5383493579051706],[-76.81791250312358,5.5384118985849398],[-76.818034783259534,5.5384669262662518],[-76.818133096950348,5.5384933996396333],[-76.818176177018501,5.5385050008799901],[-76.81833132410425,5.5385305168165537],[-76.818496150237408,5.5385468776787192],[-76.818667541184368,5.5385566798924399],[-76.818831821379021,5.5385600460512858],[-76.818873804040592,5.538560904719418],[-76.819033198829388,5.5385641714192992],[-76.81985064137929,5.538565797300155],[-76.819994045687679,5.5385702479042029],[-76.820123078167825,5.5385783844044658],[-76.820232359654355,5.5385916592913622],[-76.820314892141425,5.5386119120723496],[-76.820336015895123,5.538621093940832],[-76.820354494769219,5.5386331184447073],[-76.820367337009131,5.5386507040378969],[-76.820368765357188,5.538661894092539],[-76.820364586131689,5.5386755973507187],[-76.820359000685187,5.5386839321943633],[-76.820328190832939,5.5387099846875971],[-76.820253987107876,5.5387473803429579],[-76.820048549166856,5.5388338132650645],[-76.819960143901639,5.5388817594218169],[-76.819938968304854,5.5388932435459024],[-76.819801184245975,5.5389965748786087],[-76.819699324265343,5.5390900570431318],[-76.819617683257007,5.5391851650293846],[-76.819563455557898,5.5392611153662825],[-76.819521780602344,5.5393312197512756],[-76.81947058100188,5.539448636319527],[-76.819461340691461,5.5394755591148801],[-76.819440144291519,5.5395481283646539],[-76.819424564117412,5.5396171449784308],[-76.819407732684525,5.5397275832118753],[-76.81939966221826,5.5398298909438823],[-76.819398186577999,5.5399555218089702],[-76.819405293976772,5.5400953776499104],[-76.819424550865492,5.5402623811658351],[-76.819448826834673,5.5403977247818128],[-76.819481846711795,5.5405305475649298],[-76.81952524377742,5.540665226748831],[-76.819640653949136,5.5409709428430647],[-76.819725478365029,5.5411956376571645],[-76.81978232781502,5.541363402380445],[-76.819824176371696,5.5415103418594969],[-76.819859081743033,5.5416516741608355],[-76.819882909387999,5.5417654717202574],[-76.819894995169861,5.5418748571146645],[-76.819894345614813,5.5419734831023888],[-76.819877468354889,5.5420946739149857],[-76.819843438529972,5.5422138958984366],[-76.819811927808829,5.5422992482005222],[-76.819774525100257,5.5423832569526805],[-76.819725853710082,5.542471826543145],[-76.819681030741549,5.5425394076021037],[-76.819606217286363,5.5426340654304358],[-76.819540946664631,5.5427055469310949],[-76.819528065802828,5.5427196541027826],[-76.81952564380272,5.5427219805874923],[-76.819434284200256,5.5428097613585452],[-76.819364534486553,5.5428689428348132],[-76.819291940020221,5.5429241413974628],[-76.819215531330201,5.5429753994297473],[-76.819082207967725,5.5430511774453715],[-76.819005113827032,5.5430894806141966],[-76.818886254847826,5.543142760251663],[-76.818803476716852,5.54317157504103],[-76.818684034005869,5.5431999774206933],[-76.818560596039475,5.543216756587019],[-76.818435549357247,5.543223737478443],[-76.818260233741697,5.543219385934024],[-76.818007866139325,5.5431964655863055],[-76.817981977230644,5.5431959663776693],[-76.817890762156594,5.5431942112995385],[-76.817773955538428,5.5432032988635873],[-76.817660151664967,5.5432251032740556],[-76.817569601060924,5.5432529522353953],[-76.817426007703887,5.5433076159398897],[-76.817333349124112,5.5433478083996643],[-76.817323447677751,5.5433521039218903],[-76.817224254608504,5.5434028822981354],[-76.817041807448561,5.5435199169012215],[-76.816948877414319,5.5435837739733715],[-76.816557127848881,5.5438732898807022],[-76.816323171231119,5.5440332311501468],[-76.816184587439679,5.544132167586036],[-76.816101507358852,5.5441862769923675],[-76.815936827072022,5.544285959868561],[-76.815840228050632,5.5443373951053223],[-76.81573948848613,5.5443847419794787],[-76.815407058039625,5.5445249999945219],[-76.815392581793233,5.5445319609798194],[-76.81521909668237,5.5446153630796724],[-76.815031067236006,5.5447101478055032],[-76.814851605260955,5.544812255841066],[-76.814805232283007,5.5448386400713581],[-76.814708269696013,5.5448906239283859],[-76.814631906115693,5.5449290007242089],[-76.814553397995283,5.5449624039374443],[-76.814439171277954,5.544995527510733],[-76.814317717167981,5.5450155857549532],[-76.814191792050124,5.5450244536157935],[-76.814063951216113,5.5450234275953854],[-76.813936677296397,5.5450132962625283],[-76.813723596358869,5.5449814148035594],[-76.813695289492358,5.5449771798803313],[-76.813596817262578,5.544966667521404],[-76.813497090797341,5.5449619534602155],[-76.813444930564998,5.5449619577678249],[-76.813343450898685,5.5449678619745741],[-76.813266552792157,5.5449783583708872],[-76.813191861460055,5.5449942614035317],[-76.813086896051189,5.5450286849665194],[-76.812993270048366,5.545077379971425],[-76.812893771464772,5.5451593127523395],[-76.812833198006487,5.5452256518828769],[-76.812794403841821,5.5452752266031791],[-76.81273680129695,5.5453605553460807],[-76.812713908842838,5.545399320235318],[-76.812653205322633,5.5455235317915719],[-76.812603280900944,5.5456550425263416],[-76.812575925015693,5.5457464684259588],[-76.812554328813732,5.5458413582096053],[-76.812541638284799,5.5459602743379497],[-76.812544114716005,5.5460815190336552],[-76.812561330863588,5.5462022793998651],[-76.812587069035985,5.5463050451688405],[-76.812635070443761,5.5464607085150543],[-76.812663288137458,5.5465393771630023],[-76.812715012944651,5.5466835786679249],[-76.812852785528548,5.5470315722326333],[-76.812897832949972,5.5471592181750777],[-76.812929818032217,5.5472687216736132],[-76.812942935473842,5.5473338321193557],[-76.812948465628338,5.5473789659589832],[-76.812949931590609,5.5474302034236418],[-76.812939731282071,5.5475007290584566],[-76.812913331871428,5.5475569857486997],[-76.81289564577456,5.5475766487091125],[-76.812856540704601,5.547601282054293],[-76.812809321493518,5.5476138500246952],[-76.812783684743764,5.5476158974372698],[-76.812730394271668,5.5476134131623249],[-76.812675832149452,5.5476046267185231],[-76.812526351188907,5.5475664498093229],[-76.812369998607849,5.547521903882874],[-76.812349214391304,5.547515984123816],[-76.812228467117706,5.547497238171311],[-76.812102392096847,5.5474939945835899],[-76.811976932619885,5.5475077140366817],[-76.811858199300374,5.5475410698055727],[-76.811772747953754,5.5475823019231818],[-76.811717062384218,5.5476170505218816],[-76.811669312637278,5.5476525326385566],[-76.811632684959434,5.5476840247263715],[-76.811593631153229,5.5477232398411589],[-76.811525553124596,5.5478077513760438],[-76.811470030218175,5.5479017395717891],[-76.811435923893967,5.5480008930612179],[-76.811419945486563,5.5481073199705087],[-76.811420505778756,5.5481633530492358],[-76.811421042037551,5.5482171892081826],[-76.811434374442868,5.5483130818258761],[-76.811453477791147,5.5484108173043962],[-76.811491584022463,5.5485798598844411],[-76.81154572596634,5.5487830202041444],[-76.81157880434958,5.5488842495778607],[-76.811667968355053,5.54910838242201],[-76.811778005678278,5.5493538012453758],[-76.811840331616594,5.5494838308254968],[-76.811855529010714,5.5495155428686678],[-76.812003496838102,5.5498025152215238],[-76.812098424740185,5.5499715482964298],[-76.812231862523319,5.5501933414234452],[-76.812379936770185,5.5504209809636951],[-76.812453730308192,5.5505212346887882],[-76.812418082140994,5.5505244006643011],[-76.812173780985574,5.5505277419833554],[-76.810650804531292,5.5505339675039123],[-76.810297118202385,5.5505408984321631],[-76.809952381677391,5.5505567159282165],[-76.809785634387964,5.5505702033862638],[-76.809648883420166,5.5505858405894228],[-76.809517192917696,5.5506065038997914],[-76.809391909848046,5.5506335283438437],[-76.809215191639893,5.5506823461703609],[-76.809096691213782,5.550709893005128],[-76.808973837790717,5.5507331189016549],[-76.808772420328083,5.5507655641731262],[-76.808487945611532,5.550811389124501],[-76.808374670869924,5.5508340690987481],[-76.808265544974986,5.5508608654121963],[-76.808091256404722,5.5509120964966288],[-76.807957624054524,5.5509442369985544],[-76.807818473139065,5.5509709009551047],[-76.807406583771808,5.5510402361943552],[-76.807276209724904,5.5510675243291621],[-76.807151898429808,5.5511008318041588],[-76.806921622516583,5.5511763542170423],[-76.806888777217637,5.5511871270597792],[-76.806575029239468,5.5512736629627701],[-76.806459145121437,5.5513101253890689],[-76.806293103808486,5.5513695440573709],[-76.806170317046281,5.5514059109942755],[-76.805881918449458,5.551473593953979],[-76.805797776067891,5.5514933414015006],[-76.805685164716508,5.5515222919408469],[-76.805576995226147,5.5515556549625913],[-76.805483227602622,5.551590765504347],[-76.805412970000091,5.5516170760679318],[-76.805022828270367,5.5517439306697316],[-76.80490776698808,5.5517883063501312],[-76.804754363166154,5.5518602695820007],[-76.804503761173095,5.5519695859498341],[-76.804291978078382,5.5520740086162705],[-76.804196473442104,5.5521161414477742],[-76.804021209332475,5.5521846703877236],[-76.803809251617139,5.552267550314296],[-76.803668588639738,5.5523060847874861],[-76.803517655885599,5.5523344232918168],[-76.8033597795297,5.5523558657571712],[-76.803054640773766,5.5523867710881563],[-76.802886636151499,5.5524037869975356],[-76.802731454438089,5.5524222761734494],[-76.802581266033869,5.5524457197275918],[-76.802438657888288,5.5524766882076309],[-76.802263282414302,5.5525268415769364],[-76.802133040271954,5.5525592952985905],[-76.801785764923295,5.5526317378394712],[-76.801749504459806,5.5526393023365319],[-76.801638071515754,5.5526659330021699],[-76.801530923515386,5.5526968200769131],[-76.801363704913598,5.5527550706736468],[-76.801271886810241,5.5527838596316403],[-76.800959138683893,5.5528697343156477],[-76.800838954079225,5.5529068947375837],[-76.800744408772815,5.5529402064900193],[-76.800672228676675,5.5529656360103221],[-76.800553354183705,5.5530005050694742],[-76.800489852967814,5.5530156101827561],[-76.800186155934725,5.5530878571967062],[-76.800070602919945,5.5531192705302974],[-76.799960846004211,5.5531564395425548],[-76.799584713075475,5.5533227830713585],[-76.799496968313989,5.5533686953355792],[-76.799330077482125,5.5534768962631551],[-76.799302828692632,5.5534945627789964],[-76.799246398089466,5.553532883786322],[-76.799171810996569,5.5535887549661354],[-76.799103863553611,5.5536512144427963],[-76.799045654681208,5.5537215733509129],[-76.798981802991094,5.5538183717958516],[-76.798878219800244,5.5539955306053246],[-76.798841972129765,5.5540640016320815],[-76.79879837715859,5.554164508504714],[-76.798694404126422,5.5544618804062118],[-76.798658547779951,5.5545546886865669],[-76.798623914980681,5.5546318384326181],[-76.798588908946869,5.5547098159685806],[-76.798456506759052,5.5550268921519708],[-76.798382257283578,5.5551774436462065],[-76.798243957323223,5.5554886718615055],[-76.798167573480299,5.5556371059627958],[-76.79809469301,5.5557952469231031],[-76.798057121172462,5.5558767719485749],[-76.798024058749448,5.5559431645123025],[-76.797832452106974,5.5562920933533571],[-76.797780875763578,5.5563745682958725],[-76.797712170990536,5.5564643047661386],[-76.797686780081506,5.5564944123604603],[-76.797630167093374,5.5565615417935676],[-76.797576132235221,5.5566198896686556],[-76.797457424677717,5.5567263501835304],[-76.797396142235485,5.5567767889066921],[-76.797330830221156,5.5568249977722317],[-76.797222212029794,5.5568888065899493],[-76.797128965363441,5.5569347733733023],[-76.796907958280599,5.5570364680455668],[-76.796830706341666,5.5570652227059547],[-76.7966919301508,5.5571039277494849],[-76.796544901709595,5.5571344871490052],[-76.796089955020577,5.5572127936127371],[-76.795944226475555,5.557244959179803],[-76.795872877333224,5.5572636528422379],[-76.795764800861534,5.5572919701137327],[-76.795616079990126,5.5573210529202521],[-76.795458926407719,5.5573419587040451],[-76.795295480118554,5.557356847315206],[-76.795127405868669,5.5573674138873583],[-76.794782271843758,5.5573806127543213],[-76.793921635680519,5.5574041806408925],[-76.793805731846106,5.5574103980065734],[-76.793594602683513,5.5574217243329054],[-76.793435355177209,5.5574346529295324],[-76.793280550374547,5.5574514170548088],[-76.793131812333726,5.5574729887841157],[-76.793118685164075,5.557475555720476],[-76.792991227583229,5.5575004970593689],[-76.792813235148358,5.5575428852988438],[-76.792683650646964,5.5575642027847305],[-76.792551670028431,5.5575749022416305],[-76.792420431567763,5.5575746943677879],[-76.792293347680129,5.5575624681306675],[-76.792265995117859,5.5575564256558412],[-76.792174291643065,5.5575361739754836],[-76.7920677977623,5.5574926952078352],[-76.79197344617063,5.5574216404121799],[-76.791904706336751,5.5573216722386478],[-76.791856940089872,5.5571985431613387],[-76.791824642178227,5.5570584239232153],[-76.791803603913777,5.5569060157896413],[-76.791790639326493,5.5567448548321412],[-76.79178337411652,5.5565775706557448],[-76.79177940474797,5.5562318142145202],[-76.791792288081467,5.55516956331474],[-76.791791714373403,5.5548208383774034],[-76.791787867066702,5.5546501448636834],[-76.791780213314937,5.5544833435834589],[-76.791767195806315,5.5543220023077309],[-76.791766491333647,5.5543167059241485],[-76.79174672171753,5.5541682295638557],[-76.791716019477818,5.5540248263652474],[-76.791671459586411,5.5538954544269989],[-76.791652902174476,5.553856208774052],[-76.791591399229674,5.5537499753183805],[-76.791533254828153,5.5536630771696922],[-76.791498441208333,5.5536175568103143],[-76.791455152285138,5.5535680235634324],[-76.791343915887168,5.5534564095569765],[-76.791331938280521,5.5534443901428006],[-76.791273214180265,5.5533925159993194],[-76.791245336779212,5.5533717524496797],[-76.791199978370827,5.5533379663291367],[-76.791089976344082,5.5532668335245736],[-76.79099854076334,5.5532174966648951],[-76.790898853310608,5.5531784967557503],[-76.790790970216435,5.5531477771838151],[-76.790651795103244,5.5531180406549927],[-76.790217889831695,5.5530453463068064],[-76.790078163668753,5.553016122467449],[-76.789898501499309,5.5529713128222165],[-76.789761071583655,5.5529452926191114],[-76.789617088176939,5.5529258670205781],[-76.789468704948291,5.5529108575739814],[-76.789421828291395,5.5529069991460434],[-76.789015608283023,5.5528735541617111],[-76.78886781538705,5.5528577081369725],[-76.788724828973471,5.5528369131740467],[-76.788614708270032,5.5528149914620766],[-76.788510572634678,5.5527869429034515],[-76.788147558824917,5.5526541582987532],[-76.788017597162863,5.5526019570296326],[-76.787862595049432,5.5525301973282755],[-76.787490601665226,5.552383730656679],[-76.787379611887431,5.5523313225186479],[-76.78695544599104,5.5520763908317177],[-76.786871778342118,5.5520340261953534],[-76.786785228504115,5.5519960562441],[-76.786570243525759,5.5519104784812008],[-76.786501339134219,5.5518877192235569],[-76.786386579718325,5.5518640034060969],[-76.786324009598843,5.5518575993850217],[-76.786218016667277,5.5518559630219206],[-76.786113233367487,5.5518657678391587],[-76.786012586395842,5.5518876082428985],[-76.785950390797311,5.551908365745323],[-76.785763896711629,5.5519855787239178],[-76.785664965112886,5.5520318655986811],[-76.785570956989773,5.5520853020017356],[-76.785505486940266,5.5521314546049307],[-76.785442432136904,5.5521806765615258],[-76.785319109484647,5.5522832395083777],[-76.785261495897586,5.5523389692214646],[-76.785099540539406,5.5525056713378067],[-76.785038071390986,5.552577801847276],[-76.784890822202428,5.5527632357230665],[-76.78471299324849,5.5530386081184817],[-76.784565799578075,5.553230783938111],[-76.784515860587064,5.5532938776719432],[-76.784204492645515,5.5536600613062896],[-76.784055711174886,5.5538496447785057],[-76.784007207799846,5.5539141390079871],[-76.783829170765756,5.5541875045701756],[-76.783779959529099,5.5542512465919582],[-76.783626111189633,5.5544365324724936],[-76.783458824804612,5.5546089122413207],[-76.783401500178854,5.5546649273597932],[-76.783341142646407,5.5547179782213725],[-76.783216848180274,5.5548206486989953],[-76.783152374107587,5.554869710055641],[-76.783049441182996,5.5549352460574966],[-76.782867380771677,5.5550387087320354],[-76.782725894513064,5.5551232991099901],[-76.782647864962712,5.5551642141877009],[-76.782426522255051,5.5552702757931112],[-76.782282703225647,5.5553434329970317],[-76.782202276251084,5.5553777376689393],[-76.782120435931191,5.5554077961740482],[-76.782048952563102,5.555430950281659],[-76.781921162163073,5.5554723478528922],[-76.781844368342647,5.5554912798677716],[-76.781772574656259,5.5554998632395352],[-76.781699855473349,5.5554995799564386],[-76.781615790344219,5.5554895124898662],[-76.781178718398394,5.5554158947969805],[-76.781049931016184,5.5553878558192071],[-76.780925431061632,5.5553523228005162],[-76.78083219519587,5.5553167211899348],[-76.78055283152041,5.5551854319836336],[-76.780482915396107,5.555149157946099],[-76.78048211598113,5.5551487413393357],[-76.780414597596803,5.5551086960809517],[-76.780322331137867,5.5550428147433983],[-76.780158952249153,5.5549130774501156],[-76.780157199333857,5.5549116853231073],[-76.779949919638582,5.5547158613028458],[-76.779761604260941,5.5545133674912739],[-76.779708388771809,5.5544534045645211],[-76.779657956094042,5.5543906902219558],[-76.779512859912018,5.5541965977415702],[-76.779460717286753,5.554111674416589],[-76.779347484552986,5.553910003261386],[-76.779259982444643,5.5537717619030564],[-76.779148723374789,5.5535862762420241],[-76.779095324958547,5.5535094812109698],[-76.779085360599723,5.5534951465730407],[-76.779014206680685,5.5534137205440448],[-76.77894744660334,5.5533458502501709],[-76.778886468539369,5.5532908558295961],[-76.778861606286881,5.5532684330214046],[-76.778767064603699,5.5532017249444348],[-76.778446527403815,5.5530089205396695],[-76.77834189568398,5.5529550742806224],[-76.778144836030137,5.5528612432494766],[-76.777996550777033,5.5527848288273551],[-76.77788847454724,5.5527370974696337],[-76.77751944093842,5.5525882270716247],[-76.777424770453294,5.5525583997460277],[-76.777403024226402,5.5525515492126569],[-76.777280409540225,5.5525211394412226],[-76.776913868843025,5.5524443452291106],[-76.776795234920272,5.5524151624007496],[-76.776630819759731,5.55236911153892],[-76.776619948629545,5.5523660682368332],[-76.776496163316494,5.5523392238240463],[-76.776366610750017,5.5523182103618396],[-76.776233167072334,5.5523011311418635],[-76.775828274864551,5.5522570295946512],[-76.775697764781015,5.5522395088279799],[-76.775571440419625,5.5522177547575575],[-76.775451173454016,5.5521898743197795],[-76.775279188940061,5.5521374424450736],[-76.775158069836209,5.5521049734683698],[-76.774878592683933,5.5520300535709888],[-76.774753481190942,5.551990009788657],[-76.774592064023508,5.5519268908547144],[-76.774345551803165,5.551840871463753],[-76.774221461618552,5.5517944787282696],[-76.774203102659328,5.5517858137784311],[-76.774105584448776,5.5517397829912669],[-76.774066355677533,5.5517151244688936],[-76.774004543463761,5.5516762732124025],[-76.773922400085709,5.5516185441304868],[-76.77384013903756,5.5515554985031388],[-76.773781793323693,5.5515037761586337],[-76.773769859057253,5.5514923058101759],[-76.773645733667948,5.5513730091536893],[-76.773583915074511,5.551306115716673],[-76.773459243753607,5.5511489151811135],[-76.773412463323183,5.5510817061155597],[-76.773358276458879,5.5509858411951427],[-76.773309913273636,5.5508840790076563],[-76.773210815444699,5.5506584400008805],[-76.773196765211907,5.5506213892238518],[-76.773160226988381,5.5504997633214739],[-76.773132127396309,5.5503695900933607],[-76.77310790436313,5.55022044656062],[-76.773048683544388,5.5497592294778553],[-76.773025212017416,5.5496091843573891],[-76.772995831424296,5.5494650641051244],[-76.772950478559764,5.5492840832121635],[-76.772921864369678,5.5491329149855533],[-76.772901319566103,5.5489735269132057],[-76.772886922264988,5.5488098370604968],[-76.772876863698826,5.5486417278479454],[-76.77286538274123,5.5482968326188704],[-76.772860808561106,5.5479455536992095],[-76.772860362360703,5.5475919871156476],[-76.772863639029751,5.5472391833251455],[-76.772872375860914,5.5468904780171551],[-76.772891082310622,5.5465473288528155],[-76.772906648905916,5.5463800375946697],[-76.772928169658101,5.5462188609390219],[-76.772957498198082,5.5460658713381656],[-76.773002167778358,5.545884259382416],[-76.773029521550086,5.5457372146836255],[-76.773048177256712,5.5455837098800416],[-76.773059399147655,5.5454261092623174],[-76.7730638699595,5.5452666083478501],[-76.773061672926218,5.5451073811961429],[-76.773052269145296,5.5449507060797529],[-76.773034445471879,5.544799133787679],[-76.773006237062503,5.5446556380291785],[-76.772990365665649,5.544605115917725],[-76.772973840205594,5.5445525109829612],[-76.772964821324891,5.5445238048521075],[-76.772936014392187,5.544458240686768],[-76.772871754622528,5.544333385956004],[-76.772812599727388,5.5442266557580808],[-76.7727268469379,5.5440866582157655],[-76.772568301976165,5.5437928797896561],[-76.772482549639534,5.5436525019333454],[-76.772376530770629,5.5434609399559172],[-76.772318962194049,5.5433639589582899],[-76.77203985652018,5.5429659249300789],[-76.771866656653401,5.5426879167158898],[-76.771673329106491,5.5424304506984088],[-76.771572350986773,5.5423061277563574],[-76.771448268852041,5.5421423343619081],[-76.771372305482487,5.5420556128281317],[-76.771314946017696,5.5420033982124961],[-76.771309159569796,5.541998129570759],[-76.771123971031201,5.5418539774852018],[-76.771077709711889,5.5418153112746431],[-76.770756310812715,5.5415466802551574],[-76.770561026365286,5.541396737562521],[-76.770500441904261,5.5413527089306918],[-76.770409908916108,5.5412952980546697],[-76.770221492213707,5.5411820700581247],[-76.769823940988289,5.5409049623401474],[-76.769604672313164,5.5407706036549795],[-76.769547163581564,5.5407320332772541],[-76.769470279781075,5.5406730342169572],[-76.769298439563698,5.5405306381632977],[-76.769128922012683,5.540365092227777],[-76.76907212837223,5.5403064084283562],[-76.769018844134038,5.5402449867044643],[-76.76891445714908,5.5401166557797552],[-76.768870151162474,5.5400572863900139],[-76.768832873423747,5.5400001786595068],[-76.768703405662009,5.5397720740415366],[-76.768618973777635,5.5396302891306988],[-76.768595443645694,5.539583703992637],[-76.768466850063405,5.5393291289980242],[-76.768385780099777,5.5391832126567389],[-76.768238173360729,5.5388758401709532],[-76.768160295931509,5.5387259424909292],[-76.768100317384281,5.538589118388157],[-76.767996813672795,5.5383275667789267],[-76.767958411176764,5.5382195614286784],[-76.767927818168403,5.5380987296095894],[-76.767905788037979,5.5379705978685472],[-76.767890834445254,5.5378372807455687],[-76.767881927266629,5.5377006343040431],[-76.767878465142942,5.5375623330673136],[-76.767880472258497,5.537417380163201],[-76.767888491431393,5.537274197839178],[-76.767903265916999,5.5371347274945135],[-76.767926055901867,5.5370011302968605],[-76.767931689581189,5.5369796246923215],[-76.767959660041726,5.5368728619355316],[-76.767988899806866,5.5367914404492717],[-76.76809635126304,5.5365196375052701],[-76.768153820661425,5.5363917924867083],[-76.768233709671051,5.5362446224995443],[-76.76833867512579,5.5360420056650863],[-76.768391915904033,5.5359493082263116],[-76.768569504545482,5.5356885721920257],[-76.768669254427749,5.535547969423555],[-76.768840859244321,5.5352681904871623],[-76.769124871243534,5.5348756468893097],[-76.769245653863393,5.5346863763381267],[-76.76930271020818,5.5346025843029123],[-76.769352801258762,5.5345386672390298],[-76.769506345055731,5.534354863971422],[-76.769724112794023,5.5341206413558011],[-76.769835987516714,5.5340062301744171],[-76.770051888612016,5.5337690492838014],[-76.770200513470868,5.5335776744519363],[-76.770246629912279,5.5335105226444714],[-76.770309185042848,5.5333972121157906],[-76.770410789982094,5.5331706215423493],[-76.770459235553702,5.5330480838667642],[-76.770494197299001,5.5329172045689043],[-76.770517155537746,5.5327767677147639],[-76.770530346224746,5.5326300200637517],[-76.770535204948416,5.5324797781893773],[-76.770532448196036,5.5323285941275708],[-76.770522113081384,5.5321789086459603],[-76.770503572773336,5.5320332100863521],[-76.770475536482181,5.5318941743406631],[-76.770426139032054,5.53171804895854],[-76.770387596911647,5.5315624318939456],[-76.770324103133561,5.5312666802072821],[-76.770289292408023,5.531121720002746],[-76.770247595514803,5.5309838015301933],[-76.770158510675742,5.5307495484794069],[-76.770082124063848,5.5305322122214324],[-76.770040362910166,5.5304273565284738],[-76.769992175282539,5.5303291251261522],[-76.769928599318476,5.5302286318917613],[-76.769877006727796,5.5301547220451353],[-76.7698073164769,5.5300613306195912],[-76.769595796284207,5.5298212782331166],[-76.769372184384679,5.5295939754223919],[-76.769139632608642,5.5293760201102442],[-76.768977889824157,5.5292416968658333],[-76.768891481847078,5.5291740290274829],[-76.768845150590764,5.5291434222598932],[-76.768799592231034,5.5291133208075918],[-76.768708500516396,5.5290591981315123],[-76.76860795440308,5.5290079224453796],[-76.768499028151339,5.5289683063500696],[-76.768381109798227,5.5289377908062649],[-76.76825698980393,5.5289135467921326],[-76.767867850649893,5.5288536220986844],[-76.767740779253856,5.5288302826324101],[-76.767619367723768,5.5288012240882596],[-76.76758873092048,5.5287910388959132],[-76.767506375247919,5.5287636573846273],[-76.767417277695728,5.5287234164559678],[-76.767208512867228,5.5286121659524889],[-76.767069973666821,5.5285259176757782],[-76.766847655158529,5.5283955401285469],[-76.76682479504727,5.5283801560994323],[-76.7667897672072,5.52835658533904],[-76.76671612990485,5.5282984896608189],[-76.766707756656913,5.5282918835814812],[-76.766609851929843,5.5282082251608093],[-76.766546438643402,5.5281499660277369],[-76.766438161074717,5.5280331203309245],[-76.766334784012017,5.5279113225741519],[-76.766270987003296,5.5278191958675054],[-76.766156418920161,5.527639020112062],[-76.766037238059937,5.5274699344959135],[-76.765884910680967,5.5272345738448188],[-76.765819235955547,5.5271047571981642],[-76.765674885989981,5.5267679588584739],[-76.76565012408426,5.5266922837199033],[-76.765628905007347,5.5266130297492664],[-76.765601422195417,5.5264857853140752],[-76.765510278996388,5.52595781291026],[-76.765481411809091,5.5258319679632883],[-76.765432532432357,5.5256550680894945],[-76.765407853634485,5.5255473339588344],[-76.765387060674172,5.5254356747482207],[-76.765318959451363,5.5249847879930076],[-76.765292367346305,5.5248384259256529],[-76.765259004026703,5.5246989106351467],[-76.765205800411678,5.5245263827980704],[-76.765170434046823,5.5243974796332402],[-76.765109581131384,5.5241503544835844],[-76.765078644243914,5.5240376415676211],[-76.765050847756584,5.5239540628191559],[-76.765042806941381,5.5239298851424357],[-76.765003247440475,5.5238386723640458],[-76.764999394219188,5.5238297906526617],[-76.764958789269585,5.5237576828223842],[-76.764869353799654,5.5236217870335365],[-76.764821665095567,5.5235568431092075],[-76.764665556277663,5.5233752022460649],[-76.764612256104272,5.5233159327181314],[-76.764389636092275,5.5230883749227857],[-76.764161549793414,5.5228663423383653],[-76.763929756918913,5.5226480492415364],[-76.763691807240789,5.5224359747757346],[-76.763629991761235,5.5223855090028273],[-76.763440666971604,5.5222372148058216],[-76.763169202034234,5.5220589714832586],[-76.762985708861379,5.5219105659540624],[-76.762922324239995,5.5218558004748921],[-76.762873457757337,5.5218092332041318],[-76.762728286962215,5.5216639800641829],[-76.762672540496737,5.5216030486140628],[-76.762547033169611,5.5214488484726179],[-76.762501461267618,5.5213879238119556],[-76.76243207759002,5.5212763102035067],[-76.762227327835333,5.5209107266061705],[-76.762171045561686,5.5207954572466678],[-76.761509134324584,5.5214443484636524],[-76.760096658120062,5.5228439915255869],[-76.75922275023035,5.5241273827963768],[-76.758066418131747,5.5256964115999265],[-76.757194166254365,5.5273495226433234],[-76.755893372402582,5.5283504842736795],[-76.754421386749826,5.5291533062107359],[-76.752382033953083,5.5299870498941912],[-76.750228277063627,5.5306223072894287],[-76.748386994752281,5.5313414220313772],[-76.745240334563221,5.5327722644227357],[-76.735568991636441,5.5373688328515662],[-76.734041284563148,5.5384749689516051],[-76.734041253108728,5.5384749835998974],[-76.733828173476198,5.5385885246012894],[-76.731574791683201,5.5397892838285587],[-76.731371319590068,5.5398862965818356],[-76.73074227361947,5.5402107138888592],[-76.730041875646322,5.5405719503390571],[-76.729513334545231,5.5408482728405657],[-76.728854625316131,5.5411926502833015],[-76.727638726925974,5.5418281632934656],[-76.72658396826678,5.5423387402501829],[-76.725198451983132,5.5429716187253124],[-76.724578058563537,5.5432606492457461],[-76.723752242230844,5.5436454021998944],[-76.722533017991324,5.5443186478404689],[-76.722511201611042,5.5443306965325059],[-76.721479549349652,5.544856982586742],[-76.720405315875723,5.5454184211274367],[-76.719450606295737,5.5458743495035847],[-76.718286508282119,5.5463831663810952],[-76.717157468957694,5.5469211729296566],[-76.716842332309866,5.5471186432803696],[-76.716431539413392,5.5473760825843739],[-76.716212545748107,5.5475253675599738],[-76.715919735750859,5.5477249750544662],[-76.715666898023912,5.5478723406310149],[-76.715452811944616,5.5480679685875511],[-76.715304494657914,5.5482285162015117],[-76.715195487327051,5.5483683164056536],[-76.715090560605617,5.5489199705208661],[-76.715090557187054,5.5489200003456531],[-76.715084594261384,5.549063197478155],[-76.715079083395267,5.5491955361478773],[-76.714884922148173,5.5495359696667244],[-76.714865040292025,5.5503772483574698],[-76.714860184789757,5.5514341758087955],[-76.714885987097801,5.5530600681676754],[-76.71497772612075,5.5550763601281021],[-76.715054728309156,5.5574268635719655],[-76.715098929033317,5.5593959440989957],[-76.715165005669732,5.5611955469320815],[-76.715152977257262,5.563169395117141],[-76.715082932384036,5.5652948085538005],[-76.714952310613484,5.5670783130247532],[-76.71477483132287,5.5687254413000913],[-76.714604808570741,5.5701647670372925],[-76.714292044396643,5.5721658900041913],[-76.714078888467682,5.5737781309087175],[-76.713869062567582,5.5753689445089103],[-76.713615469769167,5.5767690818790205],[-76.713215476579961,5.578295258723629],[-76.71278013492622,5.5796183425811927],[-76.712075292874459,5.5810216810781972],[-76.711212896667945,5.5822348471685963],[-76.710166335176169,5.5835776565468338],[-76.709097210766103,5.584815418908442],[-76.707974116736793,5.5861844988902103],[-76.707085274115997,5.5872938998380217],[-76.70645853982478,5.5881402498334483],[-76.705606203974909,5.5893488597979486],[-76.704863515607045,5.5900951850727862],[-76.703981835381626,5.5908392613565159],[-76.703841204299721,5.5909579402662981],[-76.703711592740788,5.5912102829858981],[-76.703348723954491,5.5914829111757047],[-76.702855965470562,5.5918047214414877],[-76.702649115518682,5.5919230817830483],[-76.701961464282533,5.5923755750333841],[-76.700824382389584,5.5929155828662234],[-76.700278942444257,5.5931746145856502],[-76.699529352259319,5.5935280160031757],[-76.697913285369566,5.594289538410874],[-76.697846008814025,5.5943311926220627],[-76.697675526579843,5.5944110700884115],[-76.696533334034669,5.5951439352869032],[-76.695914991539269,5.5955267803076127],[-76.695457649351383,5.5958045855277652],[-76.695465657694683,5.5958049856668497],[-76.695459162743958,5.5958090068261255],[-76.695523329029527,5.5958126986197474],[-76.695548510344253,5.5958091222092605],[-76.695972597945328,5.5958302972660547],[-76.696553111649791,5.595859283139534],[-76.697383639777044,5.5959007502178926],[-76.698259684202142,5.5959444899270876],[-76.698941565268441,5.5959785337868109],[-76.699695442225405,5.5960161707682836],[-76.700874982297464,5.5960750565127508],[-76.703729518648984,5.5962175552479891],[-76.705716796610375,5.5963847330623295],[-76.707621659854283,5.5965449697739107],[-76.708160688709228,5.5965903124121752],[-76.708629839979224,5.5966297760189114],[-76.709909653409298,5.596782800822619],[-76.711781147100353,5.5970065676936249],[-76.714316336801403,5.5973096787889345],[-76.719418587044913,5.5979196763601031],[-76.724378545035208,5.5974243795050107],[-76.729067716728807,5.5969560883947418],[-76.733083695633013,5.5961970526496554],[-76.736135072326576,5.596740144842598],[-76.737439815298004,5.5973465428738134],[-76.739537292600957,5.5967076128597935],[-76.739901117665099,5.596596784895989],[-76.741395329911199,5.5955838486852603],[-76.74166577718087,5.5955844599462585],[-76.741779600918235,5.5957630634856477],[-76.741929446039023,5.5958153692093049],[-76.742195067850616,5.5958077421884935],[-76.742335903067129,5.5957434698129935],[-76.74246680158889,5.5956828119160118],[-76.742626503946624,5.5956076169525808],[-76.742847082252368,5.5955605113118274],[-76.742989788612235,5.5956494261929368],[-76.74307350660257,5.5958518286684571],[-76.743094140662578,5.5960069677653959],[-76.742904785781107,5.5961648551814642],[-76.742728297650359,5.5963189450084476],[-76.742619696421642,5.5963915060918223],[-76.742516363275726,5.5965876987525265],[-76.742399576071421,5.5968805036003086],[-76.742464696985436,5.5969633713646019],[-76.742583621272857,5.5969734800414122],[-76.742749439088186,5.5969823777094261],[-76.743139764288244,5.5967351874498643],[-76.743481446455434,5.5966383148584615],[-76.743754139049855,5.5967330432785394],[-76.743920179949441,5.5969267161256502],[-76.743996133319598,5.5973087202381295],[-76.7441322664355,5.5975389961874713],[-76.744397310612314,5.5972741858657384],[-76.744559678780291,5.5970564867519013],[-76.744801124833472,5.596760020288448],[-76.74498676335898,5.5967591743781471],[-76.745160015997655,5.596666297912452],[-76.745279585563551,5.596749437286122],[-76.745331220906309,5.5969636027772323],[-76.745383363974071,5.5970676077814394],[-76.745433502112931,5.5971514928272548],[-76.745464081305144,5.5972687207361957],[-76.745599642013389,5.5974679700857575],[-76.745556945267509,5.5977668327327414],[-76.745341897126622,5.5981295688619142],[-76.744911405571415,5.5986183137792498],[-76.744586012008142,5.5988838132052088],[-76.744425189795152,5.5990811586423836],[-76.744048973387095,5.5997388778467592],[-76.74387749301853,5.6002976362227024],[-76.743844062047501,5.6005999477987407],[-76.743837389771528,5.6011042036978385],[-76.744010990762419,5.6015710979782467],[-76.744501850421841,5.60240568827688],[-76.743651065591777,5.6031086023775796],[-76.743278347308078,5.603658546615093],[-76.742968254209316,5.6039567934697398],[-76.742683150409221,5.6045241191640622],[-76.742610591115096,5.605004542872047],[-76.742561501913173,5.6053551536864976],[-76.742492282081244,5.6057872962163167],[-76.74246484444636,5.6061490861527954],[-76.742531815044956,5.6067030764808008],[-76.742642356458489,5.6069356089284073],[-76.742552405433358,5.607323252143849],[-76.74207379335877,5.6082920229421154],[-76.741786353003874,5.6088782082938424],[-76.74158410468209,5.6096012796157879],[-76.741246027597811,5.6101436425181923],[-76.740689026679334,5.6115937146317094],[-76.740512519245314,5.6124142159718087]]],[[[-76.76430108516405,5.6136230787797023],[-76.764050827197607,5.6144051394443268],[-76.764424068448591,5.6172525237693289],[-76.76579771825233,5.6181606035117113],[-76.767533015534624,5.6179446991492696],[-76.768317159262907,5.6176737781737645],[-76.76816616039946,5.6173437676794737],[-76.768148020397973,5.6173009165550498],[-76.768114769982304,5.617207356947481],[-76.768078213030108,5.6170756682972494],[-76.767989149280766,5.6166598149656526],[-76.767956019173297,5.6165248304893325],[-76.767915723262874,5.6163971945360149],[-76.767889480637777,5.616331800759359],[-76.767881545326759,5.61631201957253],[-76.767821806941768,5.6161675791872492],[-76.767764407168016,5.6160287895686327],[-76.76771467962746,5.615919046565331],[-76.76763627004847,5.6157714683579094],[-76.767537843872574,5.6155735988414017],[-76.767483073712484,5.6154729281005276],[-76.767329313692855,5.6152338733034997],[-76.767323495422076,5.6152252377240233],[-76.767272143220268,5.6151490498077674],[-76.767209258957777,5.6150700112518939],[-76.76713809679265,5.6149993443370168],[-76.767042341978552,5.6149164314801663],[-76.766972666010503,5.6148560960481433],[-76.766897905866372,5.6147833896629908],[-76.766746544584649,5.6146314712071153],[-76.766628624130277,5.6144954188472305],[-76.766607536007456,5.6144710887882407],[-76.766532822725907,5.6143940192287323],[-76.76647137588607,5.6143422404896794],[-76.766297032217736,5.6142166520516268],[-76.766274932720535,5.6142007334235347],[-76.766240373751529,5.6141741341217468],[-76.766147301242441,5.61410249570649],[-76.765963259911345,5.6139709578564583],[-76.765917209650141,5.6139391523591495],[-76.765882381321006,5.6139150987203044],[-76.765796821773989,5.6138638781609709],[-76.765593850824672,5.6137505625777475],[-76.765388555368446,5.6136226879996807],[-76.765238833077916,5.6135367776059484],[-76.765167957828439,5.6134961121683],[-76.765083154992837,5.6134565895257804],[-76.764799008614403,5.613343165725297],[-76.764704539367216,5.6132979400789029],[-76.764698455041625,5.6132950262470738],[-76.764624970104251,5.6132511128986211],[-76.764572563098056,5.6132163499772147],[-76.76430108516405,5.6136230787797023]]]]},"properties":{"OBJECTID":2,"nombre_cap":"Zonificacion_Ley2da,Humedales V3","area_ha":59484658.923529461,"version":1,"ano":"2024","conteo_cap":2,"obs":"Esta capa tiene un propósito informativo sobre las áreas de interés ambiental, por lo que los cálculos de área o distancia realizados en ella serán aproximados","aa":"Ministerio de Ambiente y Desarrollo Sostenible","descripcio":"Inclusion por Capas Base Fuente: SINA","creado_por":"BBSE","creado":1742947200000,"modificado":"BBSE","modifica_1":1742947200000,"Shape_Length":90741.127422140096,"Shape_Area":59644642.112480544}}]}